early_cs_per_min,early_vision_per_min,early_deaths_per_min,early_kill_participation,early_damage_share,early_solo_kills,early_objective_proximity,mid_cs_per_min,mid_vision_per_min,mid_deaths_per_min,mid_kill_participation,mid_damage_share,mid_solo_kills,mid_objective_proximity,late_cs_per_min,late_vision_per_min,late_deaths_per_min,late_kill_participation,late_damage_share,late_solo_kills,late_objective_proximity,early_first_blood_involved,puuid,match_id,patch,early_duration_min,mid_duration_min,late_duration_min,win
7.2261,0.7606,0.2282,0.2,0.2721,1,0.0,6.8335,0.5906,0.2531,0.6667,0.2176,0,0.2,6.5809,0.5641,0.376,0.2,0.2075,0.0,0.0909,0,GJME4VNOHd9V6unqO-9JzeYaicOX9bYgRdWjfieK1OOc74KNtwfWGmu1bkFkmGpV16SwWudhQ4sarg,BR1_3252837257,16.12,13.147,11.853,10.637,0
6.7857,0.2143,0.1429,0.3333,0.1091,1,0.0,8.5641,0.403,0.3023,0.75,0.4036,0,0.0909,15.0835,1.0056,1.0056,0.0,0.2781,0.0,0.0,0,9rEmrenPzReiqkdf0Xmc41uNacC-zjkx-jfw6OlrKoWGhkg-L_KmlNdce5-o8xblCOKMN1WtO-HbqA,BR1_3252556958,16.12,14.0,9.925,0.994,0
5.4867,0.279,0.279,0.1429,0.0971,0,0.0,8.0643,0.3325,0.2494,0.2,0.083,0,0.2,6.8793,0.4648,0.4648,0.4167,0.1941,0.0,0.375,0,4EG9eIp0ZVMaLXQjSNA6OyNXPz31MMI76GMO9QzZGrkwIQ7-aFe7EWO0nw8AhPCgJy74YhSVXvuI7Q,BR1_3252779374,16.12,10.753,12.028,10.757,0
8.2143,0.2857,0.1429,0.1111,0.1159,0,0.0,8.655,0.2917,0.1945,0.6,0.2821,0,0.0,7.8114,0.0,0.6009,1.0,0.3079,0.0,0.0,0,5KdHm2xBCmdwakKhX8Q3NMQ3oMZR2YU0pjBQzh4nB5w9tcHsiO4R_lA_qTFQRhvPtiw5KXKUhessRg,BR1_3251736535,16.12,14.0,10.283,1.664,0
8.5837,0.3815,0.0,0.2857,0.2558,4,0.0,3.1691,0.2756,0.0,0.1667,0.1149,1,0.0,,,,,,,,0,m80GvtA5xoIu4hmN1V135z3R-gcMn82VUcEzCKplbHB_5JUXOrDZZfnwWRSDzhuxHYFxDpuC_lyalA,BR1_3251466894,16.12,10.485,14.515,-9.775,1
7.0714,0.5,0.3571,0.1667,0.1713,1,0.0,6.5179,0.6518,0.5432,0.125,0.1264,0,0.0,6.0631,0.5512,0.4593,0.2857,0.1173,0.0,0.0769,0,KKjXQQFKjLuDohvmiTnXyFyK7fK8HLzJ5mrxsP-SpmMbB9J9JBeKhJeAjNGFVl6L_abRI9mgYI2knw,BR1_3252724210,16.12,14.0,9.205,10.886,0
5.1429,0.4286,0.1429,0.4615,0.2793,1,0.0,6.0909,0.0,0.2727,0.4706,0.1931,0,0.1818,6.8205,0.0,0.3638,0.5556,0.2121,1.0,0.0769,0,AFtI-T5XibL_owZm_d0uky1R2CZ-cObPct993EP_OFyLNh1Zk7GdNfWxwtFgKIwpW34fVdvsLIObHw,BR1_3250262340,16.11,14.0,11.0,10.996,0
8.5839,0.3637,0.0,0.0833,0.1098,1,0.0,7.9087,0.5332,0.1777,0.3571,0.2325,3,0.0,7.0303,0.5082,0.2541,0.7273,0.2212,1.0,0.2667,0,UFAEfxnhGMV0tmXuI7QfeZpz-nTTxvWS4RFdKhfdHly9FTyYU_5nRoTAD9JsR_BRhyZQOVRPgVGZfw,BR1_3247413834,16.11,13.747,11.253,11.806,0
0.5,0.0714,0.0,0.0,0.3026,0,,0.0,0.0,0.0,0.0,,0,,,,,,,,,0,POLOxsoTyhTTtxWdYcD4n4YsiYgwL5JGlAOkQLkQmIvPAG0AGBvPxBMCgHsf2S0O1KrsYiQ1gSAaiA,BR1_3252650103,16.12,14.0,11.0,-23.445,0
6.5714,0.1429,0.0,0.4118,0.2789,3,0.0,8.2727,0.1818,0.2727,0.5333,0.2533,3,0.0909,6.8493,0.2854,0.1427,1.0,0.2438,0.0,0.1538,0,nK5wt9cb5G1wgRBrKGdE01hud1D_taR8zs7kX0e4PpqKN48PdWPIypYTTmG1r7sFe3LzORTVnY6MhA,BR1_3248733002,16.11,14.0,11.0,7.008,1
5.9286,0.2143,0.1429,0.6,0.2511,1,0.0,7.4545,0.3636,0.2727,0.4667,0.1733,0,0.1818,6.3456,0.668,0.3896,0.7037,0.2634,1.0,0.0526,1,WSo7_9p18PDFIFSDqhLbFshZX0oQbgMs5pTGyD6Zbwb2mAtu7BRWpXgRHEVTXARJC00XZ0Yb-1P8fg,BR1_3251715468,16.12,14.0,11.0,17.965,0
5.8571,0.5,0.2143,0.5385,0.2855,3,0.0,5.9091,0.3636,0.3636,0.3636,0.2265,1,0.0,4.6203,0.117,0.3509,0.3636,0.1253,0.0,0.1333,0,nYfXRXhHDbcYuqPD-TAok8WIT1ZQH2gHQNLxjKMiHNiNZP5iGUYVLHKYRP4b5mMy2ep7BEXheuliAQ,BR1_3251717178,16.12,14.0,11.0,17.098,0
5.7303,0.2456,0.1637,1.0,0.1334,1,0.0,0.8604,0.0782,0.1564,1.0,0.336,0,0.0,,,,,,,,1,U3O8RvMvPn98anwlsf-RXctq8M4p0vlfeDSFBbYLD38DtSMhvuP8HJKmB6cb2xoTAiyGLCgy8KIuAg,BR1_3252618930,16.12,12.216,12.784,-9.411,0
6.6736,0.4045,0.0,0.2222,0.1421,0,0.0,7.6107,0.2647,0.0662,0.3333,0.1794,3,0.0833,,,,,,,,0,mYsYdkky2ZHqdrRDwMMj4hGQE0JpPsUMiefs5fkL1bXoQUT5YXaTrSwV-isP3r3lMc6xvGqBc8t5rg,BR1_3252809565,16.12,9.89,15.11,-3.581,1
5.3571,0.2857,0.0,0.3333,0.1819,0,0.2,5.1818,0.0909,0.3636,0.4286,0.1579,0,0.125,4.8537,0.0,0.5469,0.25,0.0949,0.0,0.2222,0,ApchgDHy4HNXSl_Id0_qjKIlifFBgoVAr24vfMK8vI_oD0te8M7ssnkRQ1n7NfYqOGUwV0J7LVjUVg,BR1_3252380877,16.12,14.0,11.0,14.628,0
6.1429,0.9286,0.2857,0.3636,0.2124,5,0.0,4.8182,1.9091,0.4545,0.25,0.2753,2,0.1,3.6621,2.7781,0.6314,0.4667,0.2689,5.0,0.0,0,E_Hyj5N6NU7iTCdB2kUCdLvjMtldL52ySWByt4Z3gfp148CIsIeTXm0RMmLpDocaPF0dIgaLkVddUw,BR1_3252755654,16.12,14.0,11.0,7.919,0
5.6429,0.3571,0.1429,0.125,0.1218,1,0.25,5.6364,0.3636,0.0,0.5833,0.1931,0,0.125,5.2766,0.3104,0.0,0.4444,0.201,0.0,0.4,0,9rEmrenPzReiqkdf0Xmc41uNacC-zjkx-jfw6OlrKoWGhkg-L_KmlNdce5-o8xblCOKMN1WtO-HbqA,BR1_3252615972,16.12,14.0,11.0,3.222,1
8.1429,0.2857,0.2143,0.0909,0.1262,0,0.0,8.9608,0.3773,0.283,0.25,0.1618,0,0.0,13.3813,0.2676,0.5353,0.0,0.1644,0.0,0.0833,0,L6-pVFPDVQCqWwIG59YuHmkIouBbccpjbJPHDE4EfLA5MiMjR7b1YH4BNJB48EGiPEbRT8E9zKX-1g,BR1_3252828689,16.12,14.0,10.602,3.737,0
3.3708,0.3457,0.3457,0.4444,0.2015,1,0.0,2.2338,0.1489,0.0745,0.0,0.3294,0,0.3333,,,,,,,,0,DvetAhqYTQsHMIkPm_Z04glBwoja3pShLIYlSquvo6WM9gzzjs_0t2ez6wY0ml636ZSQ9-JmW2Lz6Q,BR1_3252786809,16.12,11.57,13.43,-9.54,0
5.7857,0.2143,0.2857,0.3333,0.2844,3,0.0,6.3636,0.4545,0.2727,0.375,0.2672,0,0.1,4.826,0.762,0.254,0.2,0.2597,0.0,0.2857,0,5KdHm2xBCmdwakKhX8Q3NMQ3oMZR2YU0pjBQzh4nB5w9tcHsiO4R_lA_qTFQRhvPtiw5KXKUhessRg,BR1_3252818300,16.12,14.0,11.0,3.937,1
5.8523,10.3186,0.077,0.2,0.215,0,0.0,5.3968,10.882,0.0885,0.2273,0.1431,0,0.25,4.9972,9.682,0.1562,0.2143,0.1258,0.0,0.125,0,66ZpwhlxOgiTXqp3DnkIGbXqdtSVXbdgtw5VoItGN000ZFUE_yxpqYQZyKbLm7MMndOkGBJkd5pV1w,BR1_3252323550,16.12,12.986,11.303,6.404,1
5.3308,0.3651,0.146,0.375,0.2389,2,0.0,5.3069,0.0884,0.4422,0.3846,0.1945,1,0.2,1.1972,0.171,0.5131,0.8,0.1864,0.0,0.1111,0,XqpqDikZBm9sH1h9vowa_mtZG20QvkdaX4O3fHKkhiiAjgzdiwv-01xuAptIvXek4wSp7_FXreiJdw,BR1_3247456885,16.11,13.694,11.306,5.847,0
0.3571,0.0,0.0,0.0,0.3403,0,,0.0,0.0,0.0,0.0,,0,,,,,,,,,0,29xoXQ5joQxQnU8ZjEJLmTNJ-JAZjJ6Ry7RYyOFap9papMZKDhdIPAcy3_A__4-OX9kQppT_J7EoNQ,BR1_3252651456,16.12,14.0,11.0,-23.623,1
6.4917,0.0755,0.5284,0.2727,0.2791,2,0.0,6.5519,0.0851,0.2553,0.875,0.3386,0,0.125,,,,,,,,0,3OoYuJZbHGIKqxWL6PrjrKtSKHnZpnGYwh_y3GrnZoFO2PCFnthu3lPrTrRb3D_-oMrSTYx80BBuIg,BR1_3250850503,16.12,13.248,11.752,-1.227,0
0.0,0.0,0.0,0.0,0.0,0,,0.0,0.0,0.0,0.0,,0,,,,,,,,,0,OjPlrZiZnXdvK2TnOKwArx2doidI3FV0Fi3voREndcA-GpYPOHb3wwJ7-mfU2gpXGmef8K73dEt6pw,BR1_3252584988,16.12,14.0,11.0,-23.775,1
8.7143,0.1429,0.0714,0.0,0.0804,0,0.0,11.7273,0.3636,0.0,0.375,0.1239,0,0.2,6.8929,0.1365,0.4095,0.125,0.1436,0.0,0.2143,0,L6-pVFPDVQCqWwIG59YuHmkIouBbccpjbJPHDE4EfLA5MiMjR7b1YH4BNJB48EGiPEbRT8E9zKX-1g,BR1_3252837679,16.12,14.0,11.0,14.653,0
7.6116,0.3659,0.0732,0.75,0.3418,3,0.0,6.5275,0.3528,0.2646,0.7857,0.3821,2,0.1111,5.9975,0.4916,0.0983,0.95,0.5478,5.0,0.2308,0,KKjXQQFKjLuDohvmiTnXyFyK7fK8HLzJ5mrxsP-SpmMbB9J9JBeKhJeAjNGFVl6L_abRI9mgYI2knw,BR1_3252706078,16.12,13.663,11.337,10.171,1
7.2479,0.4578,0.1526,0.6,0.2523,2,0.0,6.3064,0.5886,0.3363,0.5882,0.2696,0,0.25,6.915,1.0373,0.5186,1.0,0.3893,2.0,0.0,0,CvoDTkDtoDPnxXgugaPQJT76ue7-tBrE2GbFT0D85V8fdAoR3M5rsP50quSwZVXPLECI26bZmvdF2A,BR1_3251791771,16.12,13.107,11.893,5.785,0
6.7657,0.472,0.236,0.3125,0.2026,2,0.0,6.4286,0.7324,0.3255,0.3478,0.1761,1,0.3333,3.4771,0.7633,0.424,0.5,0.2706,2.0,0.0,0,M1nMhcOhs_EnRPrbCKSJ2Mv9OyanRSKCVJoLq9HIpa6C815FON_myx6YOgKRMhUFsJIR9kRyOx4iXQ,BR1_3252607839,16.12,12.711,12.289,11.791,1
7.4481,0.2234,0.0745,0.1818,0.183,0,0.0,7.085,0.3456,0.2592,0.2727,0.2212,0,0.0,6.0696,0.4335,0.4335,0.3333,0.2279,1.0,0.0,0,rkgnxLwSKBlB9mmzy8b-m4UXW-AxOooSzjPuo7hNBV5qIL5x-l1LOlYZnIYaRAv5pQCMaZYtBSQ91w,BR1_3252430914,16.12,13.426,11.574,9.226,0
6.9286,0.3571,0.1429,0.4667,0.2527,1,0.0,7.6364,0.5455,0.2727,0.5882,0.2725,2,0.0,3.6278,0.5442,0.3628,0.4545,0.3005,0.0,0.5,0,A821OP-5dxawAlButOgGyKxGn9AiET1ryOsqmxOv2fKotNC9c6pOxYXlh_IROJz2qTCzVh1UnLKaDQ,BR1_3251717545,16.12,14.0,11.0,5.513,1
9.6755,0.3072,0.0,0.1,0.2071,1,0.0,8.85,0.4175,0.167,0.3333,0.1736,2,0.0,10.7302,0.438,0.219,0.75,0.3164,1.0,0.0833,0,WJgBkaDPOyifiUFUFhBVCUTLMnZOLY37LILj2KoBKSY5JzJ4WSEYOrm81EcPrZCC7JHuARYnVm2Wyw,BR1_3252701252,16.12,13.023,11.977,9.133,0
6.5714,0.3571,0.1429,0.125,0.0929,1,0.0,7.0,0.4545,0.1818,0.5,0.1609,0,0.0,5.7238,0.3577,0.0,0.5714,0.1688,0.0,0.2,0,Z2Q5SR4t5ek_GtKViZsd2BdzhlfhqwYXqkcNSbH1WAtsJCU5tKI6ezonLIQe_TZlFWkuU47v2ycqFQ,BR1_3252724197,16.12,14.0,11.0,8.386,1
6.7498,0.2355,0.0785,0.6316,0.328,0,0.0,3.0998,0.0816,0.0,0.5,0.3633,2,0.2,,,,,,,,0,E_Hyj5N6NU7iTCdB2kUCdLvjMtldL52ySWByt4Z3gfp148CIsIeTXm0RMmLpDocaPF0dIgaLkVddUw,BR1_3252490234,16.12,12.741,12.259,-8.602,1
6.7143,0.3571,0.1429,0.1667,0.1562,0,0.0,7.0,0.4545,0.1818,0.6154,0.19,3,0.1111,7.1686,0.1062,0.1062,0.4848,0.2681,2.0,0.3125,0,0DDlx4jWKb2TwTD_n9096jPYvQithEzVzfBPTZ_9JF4AlgLp-MF41GqNbw1prpzvWrZGiuDhxJ5QGQ,BR1_3252421503,16.12,14.0,11.0,18.832,1
4.3571,0.1429,0.2143,0.2632,0.2635,3,0.0,5.6364,0.3636,0.4545,0.381,0.1718,1,0.2222,3.4186,0.4022,0.5362,0.5,0.2251,2.0,0.0,0,XqpqDikZBm9sH1h9vowa_mtZG20QvkdaX4O3fHKkhiiAjgzdiwv-01xuAptIvXek4wSp7_FXreiJdw,BR1_3252617543,16.12,14.0,11.0,14.919,0
5.2857,0.3571,0.0714,0.3333,0.2902,4,0.25,2.9091,0.0,0.0,0.375,0.1516,1,0.3333,,,,,,,,0,yfUPgM0dK4uRFl3-IavjQjpTCQJNUtKdedfexjmle_QpcWsUDpV8pRuK-553TTWTvR6ofrjY8UALww,BR1_3251872853,16.12,14.0,11.0,-8.732,1
2.8419,0.2508,0.2508,0.2143,0.1584,1,0.0,6.7504,0.537,0.3068,0.3,0.1478,2,0.1176,5.7235,0.5203,0.0,0.7143,0.0761,0.0,0.0,0,ZFTfIvIVBi5gHqRHj-1D9OXKl9bagm1y4B6yTPPHgqWweT5Airez_0kwTuETV9Pnt-EZWGhnY_3eUg,BR1_3252821338,16.12,11.964,13.036,3.844,1
6.8817,0.2518,0.0839,0.625,0.2218,2,0.0,5.9613,0.3821,0.2293,0.5357,0.2574,0,0.1,8.4653,0.5022,0.1435,0.6842,0.3427,0.0,0.0,0,9rEmrenPzReiqkdf0Xmc41uNacC-zjkx-jfw6OlrKoWGhkg-L_KmlNdce5-o8xblCOKMN1WtO-HbqA,BR1_3252569399,16.12,11.916,13.084,13.939,1
5.9941,0.4333,0.2889,0.2,0.2152,0,0.0,9.0861,0.3908,0.0977,0.1429,0.1255,0,0.0,6.3096,0.3658,0.1829,0.4091,0.1367,0.0,0.3125,0,OWQ1sz9b8B7JqhDwX2rV8A0au_dRIC1_VBpYz8BWZ17v26kCHq0ySXIxzbRfyTx-5S5CxyV__dPu-Q,BR1_3252542992,16.12,13.847,10.235,10.936,0
8.2455,0.3648,0.073,0.3,0.2105,1,0.0,8.3218,0.5312,0.3541,0.625,0.2832,2,0.0,5.1365,0.5375,0.3584,0.3913,0.198,1.0,0.2,0,5RcEVGxu00ZyqOJuTlRLoTcCPvdzWqn5n42PyDFaXGizjGaedXIQziIxCrF6kqBZjbu8nm2DpLsB9A,BR1_3248825971,16.11,13.704,11.296,16.743,0
6.7143,0.5,0.0714,0.6154,0.348,1,0.2,10.581,0.7667,0.0,0.5,0.2607,0,0.0,5.6443,0.5534,0.2213,0.5556,0.2094,0.0,0.3333,0,yCVePHi0rJKGCczbQJOC2OleJBabcUccDplQCsGAdU4IvXs7zU896F6pxstjQygwnwSSxJcIMaXSXg,BR1_3250178677,16.11,14.0,6.521,9.036,1
8.0,0.3571,0.1429,0.3333,0.2689,3,0.0,8.1818,0.5455,0.3636,0.4706,0.3268,1,0.0909,7.5169,0.0,0.9396,0.0,0.2627,0.0,0.0,0,vQ_m9MuJ0QC6x5AXMLjd7vpfcwq72TFdieqK7k9ZgeT9wR2lEhBGX87rZRKmsc-FWR2OdzeBJbsUjg,BR1_3252791517,16.12,14.0,11.0,1.064,1
7.0,0.3571,0.2143,0.2667,0.1824,0,0.0,5.4894,0.5882,0.2941,0.6429,0.3132,1,0.0,8.1576,0.0,0.2205,0.7273,0.2598,0.0,0.4444,0,OjPlrZiZnXdvK2TnOKwArx2doidI3FV0Fi3voREndcA-GpYPOHb3wwJ7-mfU2gpXGmef8K73dEt6pw,BR1_3252571354,16.12,14.0,10.201,9.071,1
7.5,0.4286,0.1429,0.3333,0.1785,1,0.0,7.4545,0.4545,0.1818,0.4375,0.195,3,0.2,4.483,0.2989,0.3985,0.3333,0.2016,0.0,0.2857,0,tJqi400ATmucJ1WK0oY0awm7S-RweaPy2eHxH1qNcv5UMVnqGRASDOjieNzqYQ8bChQEJy_IsNL4mw,BR1_3252574717,16.12,14.0,11.0,10.038,0
4.7143,0.4286,0.2857,0.375,0.3089,2,0.0,5.9091,0.4545,0.1818,0.3077,0.1463,0,0.0,4.213,0.7022,0.4681,0.4444,0.1732,0.0,0.1111,1,mddREOuXPBvaOKX5sK1UL256rkDZUPP_3R1vyGt_GrVqCVPMzSQMjzNyP-6GWLad4KkTDC3ynyfSOg,BR1_3252552477,16.12,14.0,11.0,8.545,1
7.5286,0.3543,0.1771,0.3077,0.1515,1,0.0,3.6471,0.2918,0.0729,0.5,0.1747,1,0.3846,,,,,,,,1,LjZNaS1Qei43IpmGzeYhVEg1YyNaRT7iiwMPT7Dk5bVW6waXALwZZ9o5Ward5nhQC8vg0WDn4Kq76A,BR1_3252751041,16.12,11.29,13.71,-5.554,1
5.0093,0.2947,0.4911,0.0909,0.0866,0,0.0,8.7761,0.3687,0.295,0.375,0.2253,0,0.0769,9.9162,0.3541,0.118,0.7143,0.4372,2.0,0.25,0,jcpJlZoHj7Pe3a1IVbRjfqnlIk3xGmMB_88LBQQQjG7r5ML0jQuRYuQ5aCGw4W4CLMSqM5riBeTrlQ,BR1_3252730356,16.12,10.181,13.56,8.471,0
6.7603,0.4448,0.1779,0.4545,0.2681,2,0.0,7.1958,0.2907,0.2181,0.4,0.2227,1,0.1,9.036,0.2347,0.1174,0.6923,0.1981,0.0,0.1,1,Qr-OWwA5xByikrXhi90VZOTXf8Q6M3OSU1uQPbIFz8DaVmpsC-wgouOB6VqPicqHFuFmEnL98wMYDg,BR1_3252572452,16.12,11.242,13.758,8.521,1
7.4957,0.2998,0.0999,0.2353,0.2834,4,0.0,2.4676,0.1334,0.0,0.4286,0.4745,1,0.25,,,,,,,,0,0yrCk5Y8Cll5KCtjG9u8fwTfsY3iZbEDTAKtmqCEZsybFQcBLcq8LSZrkCUiVZUJYkwFngkALRpzbw,BR1_3252667503,16.12,10.006,14.994,-9.763,1
7.8408,0.3105,0.1553,0.2308,0.0784,1,0.0,9.5924,0.6123,0.102,0.4375,0.1976,1,0.3,7.6804,0.7896,0.3589,0.1905,0.1924,2.0,0.0,0,2ApDGMHfIkhn_kS37HwsX4XUN6K_OWEaWrZi-nDnmGyiVhP6_MqXe1tsNqyHxEy0Az6wE5d1H8XCSA,BR1_3252750100,16.12,12.881,9.799,13.931,1
0.2857,0.0,0.0,0.0,0.6126,0,,0.0,0.0,0.0,0.0,,0,,,,,,,,,0,YV-n2n8naJcABbIucWwOpdQiIib4oW4Fk3_IonVEOVMqPkqN5onbl_ktdrApLQqpFver7FXgD9N8pg,BR1_3252816436,16.12,14.0,11.0,-23.478,0
5.755,0.2019,0.2019,0.2857,0.297,1,0.25,6.3594,0.3312,0.265,0.5238,0.231,3,0.2308,4.3868,0.1994,0.3988,0.5,0.2549,0.0,0.4444,0,QRv2xF9FO4Psf_TTWd7zgfx7Moke5nzYxQTv8ONMRa6UI36k3sWJUP3tirG0f32853Q4N79sVrGwvA,BR1_3252757434,16.12,9.904,15.096,5.015,0
4.2289,0.3076,0.1538,0.25,0.1957,1,0.0,5.1456,0.4116,0.4116,0.5,0.23,2,0.2222,5.4459,0.4951,0.4951,0.0,0.3695,0.0,0.375,0,tFV2zefyV6I4swj3xOGpI-UTTabkIcyZyjWttoRUTO8dw8qtmvGtFMw26NOuQ9TAVbr-uBoI-624Sw,BR1_3252853488,16.12,13.006,9.717,2.02,0
3.8628,0.2272,0.303,0.3636,0.1535,0,0.0,5.2555,0.5934,0.5086,0.4,0.1769,1,0.4,9.2365,0.0,0.0,0.0,0.2536,0.0,0.0,0,mddREOuXPBvaOKX5sK1UL256rkDZUPP_3R1vyGt_GrVqCVPMzSQMjzNyP-6GWLad4KkTDC3ynyfSOg,BR1_3252853553,16.12,13.203,11.797,0.65,0
8.1493,0.5433,0.1552,0.5714,0.349,3,0.0,9.0793,0.6603,0.1651,0.3333,0.2734,2,0.125,6.5614,0.5858,0.4687,0.8333,0.2664,1.0,0.0,0,YV-n2n8naJcABbIucWwOpdQiIib4oW4Fk3_IonVEOVMqPkqN5onbl_ktdrApLQqpFver7FXgD9N8pg,BR1_3252818380,16.12,12.885,12.115,8.535,0
4.7857,0.3571,0.2143,0.5,0.2679,2,0.0,5.6364,0.5455,0.0,0.4375,0.2749,2,0.125,4.3676,0.3911,0.1956,0.6129,0.2791,5.0,0.2857,0,IXyXv4_o8F2QVvnMk9sbzUH5imX4YDGMmquRVNGcm3j_Lmu1k8-i2Ki3HNYyJm4DcpaWzhNMGKzFDQ,BR1_3252861211,16.12,14.0,11.0,15.34,1
6.6193,0.2546,0.0,0.1429,0.2357,0,0.0,4.9938,0.454,0.227,0.6,0.2632,2,0.0,4.9769,0.2986,0.2986,0.1429,0.2094,1.0,0.3077,0,dfFpF8dKHmsGWmHeyOuCiLqc-g-yOtsiWbhiTB-zho3eOuSeDKsKnIo3wtVPmF6eCNCwrJZcDV_y8g,BR1_3252763679,16.12,11.784,13.216,10.046,0
7.0631,0.4106,0.3285,0.4615,0.2165,4,0.0,7.3299,0.5458,0.4679,0.4286,0.2946,2,0.0667,9.9418,0.4142,0.4142,1.0,0.2813,1.0,0.2,0,qFg-2IZP633Y62fB_lj_0f95rM8fQM8l3wdrDVdct0qDM00u8C6roZ_UR9yEr_mpq9nGgWTAE0Vx3A,BR1_3252654356,16.12,12.176,12.824,4.828,0
0.0,0.0,0.0,0.0,0.0,0,,0.0,0.0,0.0,0.0,,0,,,,,,,,,0,qFg-2IZP633Y62fB_lj_0f95rM8fQM8l3wdrDVdct0qDM00u8C6roZ_UR9yEr_mpq9nGgWTAE0Vx3A,BR1_3252750156,16.12,14.0,11.0,-23.376,0
7.6982,0.3079,0.154,0.3333,0.1722,1,0.0,9.0562,0.289,0.4817,0.25,0.1457,2,0.0833,12.4803,0.32,0.32,1.0,0.0855,0.0,0.0,0,56GNxr7rUgCA3-MCUt5RYXiR0c9xBFXV-EQXn0EEGYH0Cjfe98Y4Ka2vC6HuHlWQtu2ZiMN-6lJFBg,BR1_3252072334,16.12,12.99,10.38,3.125,0
7.0,0.3571,0.0714,0.5294,0.2331,2,0.5,5.6131,0.5521,0.3681,0.3333,0.3468,2,0.0833,1.3713,0.3428,0.1714,0.4375,0.18,0.0,0.0,0,3OoYuJZbHGIKqxWL6PrjrKtSKHnZpnGYwh_y3GrnZoFO2PCFnthu3lPrTrRb3D_-oMrSTYx80BBuIg,BR1_3250836506,16.12,14.0,10.867,5.834,1
9.7532,0.1653,0.0,0.1429,0.2218,1,0.0,11.7678,0.4526,0.181,0.1875,0.1649,0,0.4444,6.832,0.297,0.297,0.3333,0.084,0.0,0.5714,0,56GNxr7rUgCA3-MCUt5RYXiR0c9xBFXV-EQXn0EEGYH0Cjfe98Y4Ka2vC6HuHlWQtu2ZiMN-6lJFBg,BR1_3248338437,16.11,12.099,11.047,3.366,1
8.5697,0.4357,0.0726,0.5556,0.2828,0,0.0,7.3677,0.4037,0.0,0.6,0.1907,0,0.0,5.5785,0.0,0.2231,0.6667,0.3088,0.0,0.1579,0,m80GvtA5xoIu4hmN1V135z3R-gcMn82VUcEzCKplbHB_5JUXOrDZZfnwWRSDzhuxHYFxDpuC_lyalA,BR1_3252540780,16.12,13.769,9.908,13.444,0
6.7143,0.4286,0.0,0.375,0.1721,2,0.0,6.7273,0.0909,0.1818,0.4737,0.1804,1,0.1111,4.5465,0.1299,0.5196,0.4545,0.226,1.0,0.2857,0,l-sbooP4KMYeF4q8wkgyU4kLQseeDQsYPd_6Y4AHRthxNfSJeSLWto6AhuyH6ozaZtE5pSjocFGQ9A,BR1_3251550004,16.12,14.0,11.0,7.698,0
9.4457,0.2725,0.0908,0.3333,0.4092,4,0.0,3.6455,0.0715,0.0,0.625,0.4755,2,0.5,,,,,,,,0,iOjDdbkDyvbj60OcRMVvTTT7pXUAKsfFljD-H-lo95IZi5lFf0T-k-tWWD5xmeJUQeLrTRUE58QDBg,BR1_3252828263,16.12,11.01,13.99,-9.729,1
8.7516,0.2525,0.0,0.0,0.1666,0,0.0,8.8438,0.4574,0.0762,0.75,0.5012,4,0.0,10.0161,0.5723,0.2862,1.0,0.4258,0.0,0.0,0,WJgBkaDPOyifiUFUFhBVCUTLMnZOLY37LILj2KoBKSY5JzJ4WSEYOrm81EcPrZCC7JHuARYnVm2Wyw,BR1_3250834826,16.12,11.884,13.116,6.989,0
6.7857,0.2143,0.0714,0.2857,0.2161,0,0.0,7.5455,0.5455,0.1818,0.3571,0.1392,0,0.0,7.1952,0.3128,0.3128,0.4444,0.2166,0.0,0.1333,0,EIZq6eY_2dXtSxyzyghicqRN8e7hoNI65cujCY71cPqJsOLL8hNrFPUvEIIFTCMObwb-QS0KDZZPbg,BR1_3250285283,16.11,14.0,11.0,9.59,0
6.4542,0.2176,0.2901,0.0,0.2306,0,0.2,7.1362,0.446,0.446,0.0833,0.124,0,0.0,7.3783,0.6253,0.1251,0.3333,0.1157,0.0,0.0833,0,cRNieDRj6dPQ2MhN7McPLFy4eSIWK3RR2MHOBVNGR4oakywJzwUZSHJDWy8qXFlXOiQtJ1XzSD5sLQ,BR1_3252637195,16.12,13.79,11.21,7.996,1
5.3131,0.1563,0.1563,0.3846,0.2574,0,0.0,6.9664,0.3278,0.082,0.4286,0.2835,2,0.1,5.1249,0.554,0.277,0.8,0.4851,2.0,0.0,0,dfFpF8dKHmsGWmHeyOuCiLqc-g-yOtsiWbhiTB-zho3eOuSeDKsKnIo3wtVPmF6eCNCwrJZcDV_y8g,BR1_3252756252,16.12,12.799,12.201,7.22,0
5.282,0.1577,0.473,0.3333,0.2317,2,0.2,0.8932,0.0812,0.0812,0.0,0.4274,0,0.5,,,,,,,,1,rnNkx6xNQ7Hn6K8yl_3ixNobzZAoIPMMVqedXMLshICaT176yc8b9dLTmSw4zgeXF4OhkR1qTvRlyQ,BR1_3252813441,16.12,12.685,12.315,-9.124,0
7.5445,0.3593,0.0719,0.5556,0.2664,3,0.0,8.5464,0.4383,0.2191,0.6364,0.4274,1,0.0909,5.9911,0.2031,0.1015,0.5,0.3283,1.0,0.2667,0,78Be_63SBD4w3DgknftWP5Xg06GYsS5FEO8NKOwEVj6VgDudxvkb3mvyd4DsdoEcFx4rtJefI84J5w,BR1_3252748897,16.12,13.917,9.127,9.848,1
7.3846,0.4057,0.1623,0.0,0.1755,0,0.0,6.9417,0.2366,0.3155,0.1111,0.1512,1,0.0,3.0224,0.7556,0.7556,0.0,0.0,0.0,0.5,0,EdyMmwCyTGy1d5K6jPmSLvmZN9njLPE-IyhQ2ir5meuxe3MoIqZnx9jiw2bcVfFPTgjQBBU2Xx16ig,BR1_3249049218,16.11,12.323,12.677,1.323,0
6.3571,0.4286,0.1429,0.4667,0.2865,3,0.0,5.7273,0.3636,0.1818,0.4545,0.2906,0,0.0909,6.2241,0.5763,0.2305,0.6667,0.3686,1.0,0.0,0,KKjXQQFKjLuDohvmiTnXyFyK7fK8HLzJ5mrxsP-SpmMbB9J9JBeKhJeAjNGFVl6L_abRI9mgYI2knw,BR1_3252669866,16.12,14.0,11.0,8.676,0
6.8557,0.0868,0.1736,0.0,0.0807,0,0.0,7.0492,0.371,0.2968,0.3529,0.0935,0,0.0909,10.0915,0.3255,0.1085,0.4706,0.1746,1.0,0.4167,0,66ZpwhlxOgiTXqp3DnkIGbXqdtSVXbdgtw5VoItGN000ZFUE_yxpqYQZyKbLm7MMndOkGBJkd5pV1w,BR1_3252703253,16.12,11.523,13.477,9.216,1
5.8571,0.2857,0.1429,0.4286,0.2385,0,0.0,5.8182,0.3636,0.2727,0.3,0.2486,0,0.2,8.4448,0.4872,0.1624,0.3333,0.168,1.0,0.0,0,ZFTfIvIVBi5gHqRHj-1D9OXKl9bagm1y4B6yTPPHgqWweT5Airez_0kwTuETV9Pnt-EZWGhnY_3eUg,BR1_3252806179,16.12,14.0,11.0,6.158,1
6.1013,0.3089,0.1545,0.7273,0.2784,6,0.0,7.0034,0.2594,0.3891,0.4,0.2288,0,0.3,4.8609,0.5468,0.3038,0.5769,0.2408,2.0,0.1765,1,yOwj4no3PYMFJKBbhhjnj_ilRVWk-ZZSmdngfFiWXDlsI_b0jse9Yz-0GOskkihisWF0lUpXatFrvw,BR1_3252075669,16.12,12.948,7.71,16.458,1
6.9286,0.3571,0.2143,0.0,0.2768,0,0.0,6.4545,0.3636,0.1818,0.6,0.3374,1,0.25,,,,,,,,0,bnOFktu2-P3JoT34frC1ydmRqDpMqP7dIi2EQMHovxWSdq5X_uFt-1j3BcYYbtJ2cWR26TVYOaK9xw,BR1_3252580059,16.12,14.0,11.0,-2.788,0
5.5,0.5714,0.1429,0.3333,0.1873,0,0.0,7.3636,0.5455,0.0909,0.5,0.2334,0,0.0,3.28,0.3814,0.3814,0.5417,0.1308,0.0,0.2,0,ruLYKaIBUeib7jjXbTyP1DjoY7h6YnGiwxqZzz1RuUBeBNLRNiG0Kp0VqM4IGl189jbQw8iZfXpYvg,BR1_3249979748,16.11,14.0,11.0,13.11,0
7.0821,0.3767,0.0753,0.5714,0.2111,1,0.0,4.4725,0.5367,0.0895,0.7333,0.2577,0,0.0,5.0425,0.4016,0.1785,0.381,0.1745,0.0,0.0556,1,WfQFroIeu7S-hjA5QQlOPfCO8tLhyzdrtEt3WmXiAwE-h8t6kI1Ze18Nh6SKWXqbTqm4YSwk2aQA9g,BR1_3252864196,16.12,13.273,11.179,22.409,1
6.4286,0.3571,0.3571,0.1111,0.1557,0,0.0,6.5455,0.1818,0.4545,0.2,0.1807,1,0.1667,0.0,0.0,0.0,0.0,0.1532,0.0,1.0,0,Ff27PVZRUIFEyGj7fe0rY09CSQus4kDxbxUTuoWbOP-p92sBuPGTIIquY_QQr9iexv9QbnNsvzvOOA,BR1_3251692407,16.12,14.0,11.0,0.339,0
7.3571,0.2857,0.0714,0.3333,0.2776,2,0.0,6.2727,0.0,0.2727,0.5556,0.2192,1,0.1,6.3744,0.0,0.2924,0.4483,0.2006,2.0,0.0667,0,gPkDaebGY5pMFcvrmMScQ9UlGU5gA8-EDD2rEtJqs4Axmz6VXXY-BMaskAJsGnn3zqAipZpI6JDfiA,BR1_3252785819,16.12,14.0,11.0,17.1,1
6.6215,0.2337,0.3895,0.0,0.0712,0,0.0,7.7284,0.4111,0.3289,0.1429,0.1376,0,0.1429,7.1218,0.3957,0.1583,0.3,0.0598,1.0,0.2,0,IyQGAep6UNTVTccL8h_4eWIItpn6C84dFwtbramTmbHWxBXHyggOhUxwGJpSvOaosW6EGutLAvBC_A,BR1_3252336699,16.12,12.837,12.163,12.637,1
5.7993,0.358,0.4296,0.2778,0.2238,1,0.0,7.523,0.3626,0.3626,0.35,0.2512,1,0.2,3.7766,0.3541,0.118,0.6667,0.2312,0.0,0.2222,0,NrL9s5r2afHvVFEmOWmAHdr8V7m_fzWEduSW6Af6Jq9jg4Jm94GYHujaHEbLAJfs4I5wqSt8v4qyMw,BR1_3252862154,16.12,13.967,11.033,8.473,1
6.5,0.2143,0.1429,0.5,0.2214,2,0.0,11.672,0.3072,0.1024,0.2,0.2414,3,0.3333,10.2298,0.7055,0.3528,0.0,0.193,0.0,0.2,0,M8AkDoq7iFNxFpBbLxFA6BCz3TnNfbQ74DdY1IkpFyZ5ndZ9TSrGZ1qzGhEdbrkksA3xj-FsGdWoYA,BR1_3251915903,16.12,14.0,9.767,2.835,1
6.7857,0.4286,0.0,0.1538,0.1533,0,0.0,8.15,0.8579,0.3217,0.7143,0.2369,1,0.1111,0.8502,0.8502,0.8502,0.0,0.1878,0.0,0.5,1,mXXWAj6U1wmnj5UixJvy0LjkDimeP-CP57YMWCSA97FgYq20l8TGce4gZ5hRYRmlfAQXHhCUazf5bw,BR1_3251897649,16.12,14.0,9.325,1.176,0
5.2143,0.2143,0.2143,0.2222,0.1535,0,0.0,3.8182,0.1818,0.1818,0.25,0.12,1,0.0,,,,,,,,0,ur7lCS205A8n2DGoh3dE6dMgObFK2et4UWlkiLoD5lW2tPyYBvowQMRQJVdWVkt8RQ7IIxaZVYmQbA,BR1_3251145246,16.12,14.0,11.0,-5.356,0
0.2857,0.0,0.0,0.0,0.2393,0,,0.0,0.0,0.0,0.0,,0,,,,,,,,,0,IyQGAep6UNTVTccL8h_4eWIItpn6C84dFwtbramTmbHWxBXHyggOhUxwGJpSvOaosW6EGutLAvBC_A,BR1_3252175794,16.12,14.0,11.0,-23.613,0
5.9286,0.2857,0.2143,0.5625,0.3769,3,0.0,8.9091,0.6364,0.1818,0.55,0.367,2,0.2727,13.7445,0.9371,0.1562,0.5,0.3645,3.0,0.3333,0,KIcWNnApypcbjFqdnR3U52OphyPgiw0R7axCVJdpwn6oHOyCLgIANUVp4K3q_f_qg6vaEh0vBusB1w,BR1_3252791739,16.12,14.0,11.0,6.403,1
5.2857,0.2857,0.2143,0.3333,0.1486,1,0.0,5.3585,0.466,0.233,0.5,0.1315,0,0.1818,7.6293,0.4488,0.3366,0.5,0.1094,0.0,0.0,0,EWyRFhXERE_3oJL20azLza_804fM_QrWbFtSv_2WxBitf4-fE_hBXsD7v2nYq90EbFTsY3hrNX-o_w,BR1_3252714552,16.12,14.0,8.584,8.913,0
6.0714,0.5,0.0714,0.3846,0.2176,0,0.8,3.1818,0.1818,0.0909,0.6667,0.4182,3,0.0,,,,,,,,0,QcDd9G6KWcOkFj_y3u5A7WgYAQV1gJZvNF2X0We3QBL4jmVuNM2VpDRHK-nyV8d3BvYJSg_ARnQH5w,BR1_3252783596,16.12,14.0,11.0,-7.719,1
6.5248,0.2681,0.0,0.2727,0.2502,0,0.0,7.4574,0.5792,0.2172,0.4667,0.2092,1,0.1,6.9194,0.659,0.3295,0.2222,0.1417,0.0,0.1818,0,7QhpO7oZxvZuwZMASc-bficwn-QEMLT4cLXJ8yWAG0Y-xXt9bGlAnYIIONKeRjZg6_KlC8R6lMe5nw,BR1_3252217834,16.12,11.188,13.812,6.07,1
0.2143,0.0714,0.0,0.0,0.0,0,,0.0,0.0,0.0,0.0,,0,,,,,,,,,0,WfQFroIeu7S-hjA5QQlOPfCO8tLhyzdrtEt3WmXiAwE-h8t6kI1Ze18Nh6SKWXqbTqm4YSwk2aQA9g,BR1_3250833107,16.12,14.0,11.0,-23.608,1
4.8427,0.2252,0.3379,0.2,0.1873,0,0.0,5.2727,0.3102,0.062,0.6,0.2472,0,0.0,,,,,,,,0,SRc1FSD7esblymiMO7Mp1znyCAHi7WCRVBezzTy3jL3b7C1M_mmLKPsZtmw8Sf2Xa4AOxjC79BKyAA,BR1_3251897904,16.12,8.879,16.121,-5.514,0
7.7925,0.4453,0.2226,0.2,0.1732,0,0.0,8.8499,0.4338,0.5206,0.2857,0.3638,4,0.0,11.8017,0.4371,0.4371,0.3333,0.2551,1.0,0.0,0,5Chij340x6eQfBLKz1PSkVsTvyJV21LSJYvEXFSKuoxTnw-bHV4nrVSZk8CGCUT7G-u-OpjaUM9wkw,BR1_3251892160,16.12,13.474,11.526,4.576,0
6.0,0.0714,0.2857,0.3077,0.2652,2,0.0,7.5958,0.3929,0.2619,0.25,0.1558,1,0.2222,5.9928,0.4439,0.2959,0.4231,0.1845,1.0,0.2308,0,n2959LdTvW_KDWCiMlkjc7bxaVDhqBMVVzY9CgKc19A98JKGmTb-Tf9Lxq_asfiyX_oKpzcxLuD2uA,BR1_3251440419,16.12,14.0,7.636,13.516,1
4.2857,0.7143,0.3571,0.1,0.2203,1,0.0,8.0,0.6364,0.3636,0.0,0.0741,0,0.1429,3.3853,0.0,0.5642,0.25,0.1302,0.0,0.4286,0,NtWIOYCWgE2-BzT6J8hrSVvKoMgbjk2I0ZUay-jN3MOAgjNCW8wEHj1lWfA5wXBzf_4HpDQVz0pU_w,BR1_3252312217,16.12,14.0,11.0,3.545,0
7.0,0.3571,0.0714,0.3,0.2858,0,0.0,10.6479,0.5324,0.1065,0.5714,0.2417,3,0.1111,4.9952,0.4094,0.0,0.8095,0.4219,1.0,0.2,0,tJqi400ATmucJ1WK0oY0awm7S-RweaPy2eHxH1qNcv5UMVnqGRASDOjieNzqYQ8bChQEJy_IsNL4mw,BR1_3252699401,16.12,14.0,9.392,12.212,1
6.7857,0.5,0.0,0.2273,0.1952,1,0.2,5.445,0.733,0.2094,0.3889,0.1464,0,0.1818,5.4394,0.5912,0.3547,0.2143,0.188,1.0,0.0769,0,yCVePHi0rJKGCczbQJOC2OleJBabcUccDplQCsGAdU4IvXs7zU896F6pxstjQygwnwSSxJcIMaXSXg,BR1_3250337773,16.11,14.0,9.55,8.457,1
8.9243,0.1767,0.0884,0.25,0.2037,1,0.0,5.7738,0.4385,0.1462,0.625,0.2977,2,0.1333,8.3693,0.2041,0.2041,1.0,0.3748,2.0,0.0,0,WJgBkaDPOyifiUFUFhBVCUTLMnZOLY37LILj2KoBKSY5JzJ4WSEYOrm81EcPrZCC7JHuARYnVm2Wyw,BR1_3252678724,16.12,11.317,13.683,4.899,1
8.0714,0.5714,0.0714,0.3846,0.2298,3,0.2,4.3636,0.1818,0.1818,0.6667,0.363,1,0.0,5.3111,0.4618,0.2309,0.7857,0.4818,1.0,0.0,1,p3uZ7e7AgFmm_AttGTd3B013_84C_BAM3jvc6d2SHPPzrfEejuzx1X5p-wjwPupEllLl09QtAHresQ,BR1_3252323516,16.12,14.0,11.0,8.661,1
7.1429,0.4286,0.2143,0.4167,0.252,2,0.0,6.282,0.2813,0.2813,0.3571,0.1692,2,0.1,5.0534,0.266,0.266,0.3333,0.0725,0.0,0.0,0,GwmBfuzcaXkXQKhtDwV_giYStT_F4LLlx40GUDcijB9ikuumzi-ISD3rzILx5j_8wgmo3qcVBEf4Mg,BR1_3252750848,16.12,14.0,10.665,11.28,1
6.2951,0.3597,0.2698,0.5,0.2188,2,0.0,5.5475,0.2161,0.2161,0.4,0.2735,0,0.2667,,,,,,,,1,tJqi400ATmucJ1WK0oY0awm7S-RweaPy2eHxH1qNcv5UMVnqGRASDOjieNzqYQ8bChQEJy_IsNL4mw,BR1_3251755270,16.12,11.12,13.88,-4.625,0
6.9286,0.2143,0.1429,0.0,0.12,0,0.0,11.2604,0.2887,0.0962,0.3636,0.2212,1,0.0,7.9208,0.1864,0.4659,0.3636,0.197,0.0,0.25,0,5KdHm2xBCmdwakKhX8Q3NMQ3oMZR2YU0pjBQzh4nB5w9tcHsiO4R_lA_qTFQRhvPtiw5KXKUhessRg,BR1_3251745933,16.12,14.0,10.39,10.731,0
6.9516,0.3583,0.1433,0.1111,0.1517,1,0.0,8.3274,0.366,0.366,0.2308,0.1831,0,0.2308,10.1933,0.1019,0.2039,0.5294,0.1896,0.0,0.0909,0,L6-pVFPDVQCqWwIG59YuHmkIouBbccpjbJPHDE4EfLA5MiMjR7b1YH4BNJB48EGiPEbRT8E9zKX-1g,BR1_3252872407,16.12,13.954,10.928,9.81,0
8.2143,0.2857,0.0,0.2222,0.2097,1,0.0,10.8182,0.3636,0.0,0.2,0.1745,0,0.1667,8.7611,0.4736,0.1184,0.4,0.2661,0.0,0.2222,0,R7c0iIGYXQaYZG1AdMkOybF5ChkA-uGFEGyJlxJNKYIBgA9M9BUs5T3xyLbQGWgjfV1MQ1M_dY9qqA,BR1_3252287044,16.12,14.0,11.0,8.446,1
7.0681,0.228,0.0,0.4286,0.2044,0,0.0,6.404,0.2956,0.197,0.2857,0.2196,0,0.1111,8.8774,0.4035,0.0,0.9,0.2406,0.0,0.25,0,29xoXQ5joQxQnU8ZjEJLmTNJ-JAZjJ6Ry7RYyOFap9papMZKDhdIPAcy3_A__4-OX9kQppT_J7EoNQ,BR1_3252633621,16.12,13.158,10.15,7.435,0
9.5181,0.2284,0.0,0.25,0.1657,1,0.0,7.7525,0.5056,0.0843,0.6667,0.2977,0,0.125,10.6806,0.2648,0.1765,0.5,0.2633,0.0,0.05,0,R7c0iIGYXQaYZG1AdMkOybF5ChkA-uGFEGyJlxJNKYIBgA9M9BUs5T3xyLbQGWgjfV1MQ1M_dY9qqA,BR1_3252745480,16.12,13.133,11.867,11.329,0
7.7143,0.2857,0.0714,0.2727,0.2679,1,0.0,7.6807,0.2743,0.2743,0.5,0.2161,1,0.2222,7.2335,0.2855,0.2855,0.4286,0.3395,0.0,0.0,0,66ZpwhlxOgiTXqp3DnkIGbXqdtSVXbdgtw5VoItGN000ZFUE_yxpqYQZyKbLm7MMndOkGBJkd5pV1w,BR1_3252295390,16.12,14.0,10.936,10.507,0
4.863,0.3558,0.2372,0.4,0.282,1,,5.6129,0.4225,0.4225,0.3462,0.2297,1,0.1111,8.0029,0.3936,0.3936,0.8,0.5196,6.0,0.1818,0,NrL9s5r2afHvVFEmOWmAHdr8V7m_fzWEduSW6Af6Jq9jg4Jm94GYHujaHEbLAJfs4I5wqSt8v4qyMw,BR1_3252799623,16.12,8.431,16.569,7.622,0
5.0,0.2857,0.4286,0.3684,0.2319,3,0.0,4.0,0.5455,0.1818,0.3125,0.1652,0,0.1818,7.2615,0.4538,0.1135,0.6364,0.263,0.0,0.2,0,rnNkx6xNQ7Hn6K8yl_3ixNobzZAoIPMMVqedXMLshICaT176yc8b9dLTmSw4zgeXF4OhkR1qTvRlyQ,BR1_3252804721,16.12,14.0,11.0,8.814,0
5.3932,0.2451,0.1634,0.0769,0.1246,0,0.0,1.1753,0.1567,0.0,0.0,0.0079,0,0.0,,,,,,,,0,taHbTunOxlcN4bMdqAxTA7PlacwmAp6a_NzftRlpca_vfH4GZdf5LqAk1-ko4oKCuQXqM9nlDM4Zng,BR1_3251390235,16.12,12.238,12.762,-8.812,1
7.2143,0.6429,0.0714,0.3333,0.2227,2,0.0,5.4545,0.5455,0.0909,0.75,0.3268,0,0.1,,,,,,,,1,QRv2xF9FO4Psf_TTWd7zgfx7Moke5nzYxQTv8ONMRa6UI36k3sWJUP3tirG0f32853Q4N79sVrGwvA,BR1_3251438189,16.12,14.0,11.0,-3.518,1
4.6429,0.1429,0.3571,0.2308,0.1423,0,0.0,5.0,0.5455,0.3636,0.44,0.2149,1,0.0,4.8519,0.2348,0.3913,0.6875,0.2024,2.0,0.1429,0,lSQJlwVHU2Gm4NqZUgV9PI5rtTxNdiOceGgzcALV462wxokv3hzwrk8GdREqLuO2su5AMCm9qNqk6g,BR1_3250845711,16.12,14.0,11.0,12.778,0
7.7005,0.3143,0.1572,0.5,0.2713,4,0.0,5.613,0.4881,0.244,0.8333,0.3931,0,0.25,4.8342,0.3334,0.3334,0.7692,0.2948,0.0,0.0,0,0T3mFuKCmGzq8Iexa-pCwY91lJ9Nu5zk-fQoBoacuZsK08Q_Pi5aB3SdV8UxumqBxPGy3iOpCEjY0A,BR1_3252838780,16.12,12.726,8.195,11.998,0
6.5036,0.4591,0.0765,0.2381,0.2389,4,0.0,6.7861,0.5154,0.1718,0.4667,0.1697,1,0.0833,6.7563,0.1438,0.0,0.5625,0.2411,0.0,0.25,0,Bklpq3TNOH0qMzvqJ68Jz5HfxHClF1MHGHeQtHe6zgGfZ0aNz4cE4SMltZdRuWhYafULGQua4xP3kQ,BR1_3252737091,16.12,13.07,11.642,6.956,1
8.5428,0.52,0.1486,0.5714,0.2241,2,0.0,4.4776,0.6106,0.4071,0.4,0.2343,0,0.25,3.1585,0.7019,0.6142,0.6,0.2393,4.0,0.2857,0,POLOxsoTyhTTtxWdYcD4n4YsiYgwL5JGlAOkQLkQmIvPAG0AGBvPxBMCgHsf2S0O1KrsYiQ1gSAaiA,BR1_3252677577,16.12,13.462,9.827,11.398,0
8.0218,0.2616,0.0,0.4375,0.2976,1,0.0,10.5752,0.6101,0.0,0.5,0.2031,0,0.0,4.8484,0.3232,0.3232,0.5,0.153,0.0,0.1053,0,0T3mFuKCmGzq8Iexa-pCwY91lJ9Nu5zk-fQoBoacuZsK08Q_Pi5aB3SdV8UxumqBxPGy3iOpCEjY0A,BR1_3252822470,16.12,11.469,9.834,12.375,0
6.9286,0.2857,0.2143,0.5714,0.1772,0,0.25,7.1818,0.2727,0.1818,0.625,0.2267,1,0.125,8.257,0.1558,0.2337,0.6364,0.284,0.0,0.2308,0,Z2Q5SR4t5ek_GtKViZsd2BdzhlfhqwYXqkcNSbH1WAtsJCU5tKI6ezonLIQe_TZlFWkuU47v2ycqFQ,BR1_3252704509,16.12,14.0,11.0,12.838,0
7.9286,0.5,0.1429,0.4167,0.154,1,0.0,5.3636,0.4545,0.0909,0.6111,0.3757,2,0.0,4.8612,0.3353,0.4191,0.5,0.2629,0.0,0.0769,0,0DDlx4jWKb2TwTD_n9096jPYvQithEzVzfBPTZ_9JF4AlgLp-MF41GqNbw1prpzvWrZGiuDhxJ5QGQ,BR1_3252264546,16.12,14.0,11.0,11.931,1
6.168,0.2313,0.1542,0.1333,0.1914,1,0.0,5.8188,0.0,0.3325,0.4762,0.3215,3,0.0,4.9592,0.0,0.0,0.6364,0.3793,0.0,0.375,0,E_Hyj5N6NU7iTCdB2kUCdLvjMtldL52ySWByt4Z3gfp148CIsIeTXm0RMmLpDocaPF0dIgaLkVddUw,BR1_3252736204,16.12,12.97,12.03,3.428,1
4.5507,0.0989,0.4946,0.0,0.1935,0,0.0,6.2451,0.1343,0.4701,0.2,0.2575,0,0.2353,,,,,,,,0,EIZq6eY_2dXtSxyzyghicqRN8e7hoNI65cujCY71cPqJsOLL8hNrFPUvEIIFTCMObwb-QS0KDZZPbg,BR1_3250539049,16.11,10.108,14.892,-2.241,0
5.5,0.1429,0.3571,0.4286,0.1941,3,0.0,8.6065,0.4233,0.4233,0.1111,0.1195,0,0.2857,8.5879,0.4809,0.1374,0.2857,0.1033,0.0,0.2727,0,IyQGAep6UNTVTccL8h_4eWIItpn6C84dFwtbramTmbHWxBXHyggOhUxwGJpSvOaosW6EGutLAvBC_A,BR1_3252181832,16.12,14.0,7.088,14.555,1
6.8571,0.5,0.2143,0.4,0.132,0,0.0,6.0,0.5455,0.0909,0.7222,0.277,0,0.25,8.0817,0.4553,0.2277,0.7692,0.2362,0.0,0.125,0,yCVePHi0rJKGCczbQJOC2OleJBabcUccDplQCsGAdU4IvXs7zU896F6pxstjQygwnwSSxJcIMaXSXg,BR1_3250170452,16.11,14.0,11.0,8.785,0
6.2237,0.2964,0.0,0.2,0.1476,0,0.0,6.0852,0.3477,0.4347,0.5455,0.1936,1,0.2143,13.3638,0.0,1.2149,1.0,0.3492,0.0,0.0,0,CyeEbdZfQwqsTBka7T0Vksmo5ba972oyZWhxvwpIAxPReKgFGevCsxmjX_L_kPLHFmu4DGidHzhQEQ,BR1_3251600395,16.12,13.497,11.503,0.823,0
7.3661,0.2135,0.0,0.5714,0.2873,2,0.0,3.966,0.4478,0.0,0.4,0.2627,3,0.1176,,,,,,,,0,NrL9s5r2afHvVFEmOWmAHdr8V7m_fzWEduSW6Af6Jq9jg4Jm94GYHujaHEbLAJfs4I5wqSt8v4qyMw,BR1_3252871338,16.12,9.367,15.633,-5.017,1
6.0,0.2857,0.3571,0.3333,0.2335,2,0.0,5.5455,0.2727,0.2727,0.6667,0.2426,0,0.0769,2.6749,0.2326,0.4652,1.0,0.3343,1.0,0.25,0,_9aCcUVt3niP7SK9WNQQnqxiApW_9TseGZkLqyCZNabLRgbD2nQdkiTiPNPHA2bkyZNSKo3rRhIvtg,BR1_3252806190,16.12,14.0,11.0,8.598,0
6.2857,0.3571,0.2143,0.2,0.2762,0,0.2,7.1818,0.4545,0.3636,0.3333,0.286,0,0.0,,,,,,,,0,mYsYdkky2ZHqdrRDwMMj4hGQE0JpPsUMiefs5fkL1bXoQUT5YXaTrSwV-isP3r3lMc6xvGqBc8t5rg,BR1_3252795408,16.12,14.0,11.0,-0.235,0
4.8571,0.2857,0.0714,0.4545,0.2217,1,0.0,4.0909,0.2727,0.3636,0.3333,0.1153,0,0.1818,4.6856,0.4016,0.1339,0.5,0.1107,0.0,0.1667,1,w6GYDiSOu1TEBgp6LDsTz72oeaIuiw7yO1QxWEhsI-kiCy4yni54PMLWBlyrpmXrbitt83mqgl8PnA,BR1_3251835876,16.12,14.0,11.0,7.47,1
5.2143,0.4286,0.0714,0.4545,0.2537,1,0.0,8.4545,0.4545,0.0909,0.875,0.4636,1,0.25,7.9861,0.4698,0.1879,0.7273,0.5202,1.0,0.1667,0,IN3H3miS7ePWEvYsojGldHTyrYSe7y-rK5S3qMso5Hf6vE2P3T_DmVpKCg0LNqDlQCv0Rt43OA31Uw,BR1_3251955812,16.12,14.0,11.0,10.644,0
6.5626,0.162,0.2431,0.5,0.3143,1,0.0,5.3808,0.3261,0.6522,0.45,0.2848,2,0.1818,3.9286,0.7051,0.5037,0.4375,0.1705,0.0,0.3571,0,vQ_m9MuJ0QC6x5AXMLjd7vpfcwq72TFdieqK7k9ZgeT9wR2lEhBGX87rZRKmsc-FWR2OdzeBJbsUjg,BR1_3252835369,16.12,12.343,12.266,9.927,0
4.6713,0.2644,0.2644,0.5,0.3104,0,0.0,6.8101,0.4751,0.3167,0.2857,0.1604,0,0.0769,7.8395,0.0,0.5004,0.0,0.1736,0.0,0.0833,0,OjPlrZiZnXdvK2TnOKwArx2doidI3FV0Fi3voREndcA-GpYPOHb3wwJ7-mfU2gpXGmef8K73dEt6pw,BR1_3252614142,16.12,11.346,12.628,5.995,0
6.7143,0.3571,0.2143,0.25,0.2312,2,0.0,5.0909,0.5455,0.4545,0.6,0.1687,0,0.1818,5.2865,0.4699,0.3524,0.4,0.1223,1.0,0.25,0,qFg-2IZP633Y62fB_lj_0f95rM8fQM8l3wdrDVdct0qDM00u8C6roZ_UR9yEr_mpq9nGgWTAE0Vx3A,BR1_3252753176,16.12,14.0,11.0,8.512,0
4.4286,0.1429,0.0,0.25,0.2483,1,,0.0,0.0,0.0,0.0,,0,,,,,,,,,0,_9aCcUVt3niP7SK9WNQQnqxiApW_9TseGZkLqyCZNabLRgbD2nQdkiTiPNPHA2bkyZNSKo3rRhIvtg,BR1_3252824771,16.12,14.0,11.0,-18.22,0
9.5,0.3571,0.0,0.3333,0.2435,1,0.0,8.5171,0.2777,0.3703,0.2727,0.2996,1,0.0,6.9889,0.0,1.7472,1.0,0.163,0.0,0.0,0,M1_zXMFn99Oikyj9fYVcfZ8-TeqpWlkWJ1wNRis5qogcqTeterDgkIFD_CvVaVJO5zlMqT-rvvCsww,BR1_3252838981,16.12,14.0,10.802,0.572,0
7.4286,0.3571,0.0714,0.875,0.2521,2,0.0,7.3636,0.7273,0.0909,0.8125,0.3692,2,0.2,4.0382,0.5325,0.3106,0.5625,0.1875,4.0,0.2917,0,U3O8RvMvPn98anwlsf-RXctq8M4p0vlfeDSFBbYLD38DtSMhvuP8HJKmB6cb2xoTAiyGLCgy8KIuAg,BR1_3250616681,16.11,14.0,11.0,22.535,0
6.9286,0.6429,0.1429,0.1111,0.2723,1,0.0,9.6019,0.554,0.3693,0.25,0.1334,0,0.0,5.9897,0.4991,0.6655,0.5,0.2746,0.0,0.0,0,EQe-l1V4fclZMsC43qCy2z-urMC8UVFRzO_ZQWLsMaA1wQcdPlzRBtJvvYmZS6IJjNokUGsNyW3Xzw,BR1_3252253604,16.12,14.0,10.831,6.01,0
6.9859,0.3601,0.072,0.25,0.2934,1,0.25,7.1075,0.2699,0.09,0.5,0.3532,0,0.1818,4.2212,0.4871,0.4871,0.3333,0.1808,0.0,0.0,0,yfUPgM0dK4uRFl3-IavjQjpTCQJNUtKdedfexjmle_QpcWsUDpV8pRuK-553TTWTvR6ofrjY8UALww,BR1_3250660094,16.11,13.885,11.115,6.159,0
7.649,0.4079,0.102,0.5,0.2739,1,0.0,6.7128,0.0658,0.1316,0.5,0.2895,2,0.1,5.1396,0.0676,0.4058,0.5909,0.2899,3.0,0.1818,0,KKjXQQFKjLuDohvmiTnXyFyK7fK8HLzJ5mrxsP-SpmMbB9J9JBeKhJeAjNGFVl6L_abRI9mgYI2knw,BR1_3252601583,16.12,9.805,15.195,14.787,1
6.5,0.2143,0.2143,0.0,0.2028,0,0.0,6.0761,0.434,0.217,0.5455,0.1283,0,0.2727,2.824,0.4555,0.1822,0.6,0.2031,0.0,0.2667,0,t-OtDaH5MD-uAzpAhm_YGvt1JUM7QWt6wU2y5781E_1SNaz2Nf_T_OQsan_B2lvKhk5lORoI9opknA,BR1_3250798109,16.12,14.0,9.216,10.977,0
7.0714,0.4286,0.0714,0.3333,0.1437,0,0.0,8.8182,0.6364,0.0909,0.3636,0.1935,1,0.1111,9.1764,0.6372,0.0,0.5,0.221,1.0,0.0833,0,2ApDGMHfIkhn_kS37HwsX4XUN6K_OWEaWrZi-nDnmGyiVhP6_MqXe1tsNqyHxEy0Az6wE5d1H8XCSA,BR1_3252735955,16.12,14.0,11.0,7.846,1
5.8537,0.2373,0.1582,0.1429,0.145,0,0.0,4.9375,0.395,0.395,0.6667,0.2077,1,0.1111,8.5871,0.0,0.101,0.5385,0.2194,0.0,0.1875,0,EnghEC1Xm20B8s5JEdIK-ZUo3qIwQsdAOrM0ETphQMbz9-X7dz_gaEJ2Rn1AunzdPjeFUyR_lQg6Ng,BR1_3250597876,16.11,12.642,10.126,9.899,0
0.2857,0.0714,0.0,0.0,0.022,0,,0.0,0.0,0.0,0.0,,0,,,,,,,,,0,SRc1FSD7esblymiMO7Mp1znyCAHi7WCRVBezzTy3jL3b7C1M_mmLKPsZtmw8Sf2Xa4AOxjC79BKyAA,BR1_3252592547,16.12,14.0,11.0,-23.608,1
7.4758,0.336,0.168,0.3,0.2261,1,0.25,6.0403,0.0,0.5352,0.4615,0.1784,0,0.0909,4.8623,0.0,0.4523,0.3684,0.1401,0.0,0.0,0,XpRB7trFfUtNgcfFhPZYrmx7a6BgrxEKqNtzXEevfmdsM7ivApI4NX2NtdQDt7qUG-wfovEBGH4_iw,BR1_3250812210,16.12,11.905,13.079,8.844,1
6.7143,0.2857,0.0,0.6,0.2171,2,0.6,6.5455,0.0,0.3636,0.3333,0.25,1,0.1111,5.1109,0.2463,0.3079,0.6,0.263,1.0,0.25,1,n2959LdTvW_KDWCiMlkjc7bxaVDhqBMVVzY9CgKc19A98JKGmTb-Tf9Lxq_asfiyX_oKpzcxLuD2uA,BR1_3252813461,16.12,14.0,11.0,16.24,0
7.2766,0.4231,0.0,0.3333,0.3437,2,0.0,6.752,0.3793,0.2276,0.44,0.2819,1,0.1053,9.2502,1.1563,0.0,0.6667,0.2383,0.0,1.0,0,mYsYdkky2ZHqdrRDwMMj4hGQE0JpPsUMiefs5fkL1bXoQUT5YXaTrSwV-isP3r3lMc6xvGqBc8t5rg,BR1_3251786048,16.12,11.819,13.181,1.73,1
7.0613,0.3603,0.1441,0.3333,0.1354,0,0.0,8.6319,0.5395,0.1798,0.3077,0.3317,1,0.0833,10.3113,0.4969,0.3727,0.5,0.2415,1.0,0.1818,0,4EG9eIp0ZVMaLXQjSNA6OyNXPz31MMI76GMO9QzZGrkwIQ7-aFe7EWO0nw8AhPCgJy74YhSVXvuI7Q,BR1_3252783432,16.12,13.878,11.122,8.049,1
5.1996,0.341,0.2557,0.4286,0.2606,0,0.8,5.3236,0.4436,0.5324,0.2222,0.2236,0,0.0,4.4227,0.4146,0.3455,0.4118,0.1154,0.0,0.2353,0,EX1h7LCRP9QhjhHeWsnsa-ciSL1L60VPp12NKCVNvSpcwBtr1tWVLiirIVmUVTu7okc9ref3ufW0KQ,BR1_3250044124,16.11,11.732,11.271,14.471,0
6.3897,0.2028,0.2028,0.1667,0.2056,0,0.0,4.8215,0.4623,0.1981,0.5,0.2241,1,0.1667,3.1259,0.329,0.329,0.52,0.2941,4.0,0.1923,0,41DGNb2cDMctF3h9xoGtF_OZQLfcjqqZi90SJPAomZXlizy5cweQA5vmwkivtmQ57XCqTMTuMXmzeg,BR1_3252040680,16.12,9.86,15.14,24.313,0
5.6429,0.4286,0.3571,0.3571,0.2936,3,0.2,5.0,0.7273,0.3636,0.4667,0.2849,2,0.1,3.1968,0.6802,0.5441,0.4211,0.2352,0.0,0.1333,1,CvoDTkDtoDPnxXgugaPQJT76ue7-tBrE2GbFT0D85V8fdAoR3M5rsP50quSwZVXPLECI26bZmvdF2A,BR1_3251927010,16.12,14.0,11.0,14.702,0
5.3571,0.2857,0.0714,0.1429,0.27,0,0.0,6.3636,0.3636,0.0909,0.5,0.1979,0,0.25,4.7801,0.4481,0.4481,0.4286,0.2268,1.0,0.0556,0,c8krKZRSAekUPVjXj-QPODS-PfyhcN2GhJcovU4NwMWEgdk4b55HhVsxMOt4als5xBXtH2cDqNv_nQ,BR1_3251839534,16.12,14.0,11.0,13.389,0
5.5,0.2857,0.3571,0.3333,0.2473,0,0.0,5.6364,0.5455,0.2727,0.2222,0.1824,0,0.1667,6.6468,0.4748,0.3165,0.5,0.1845,0.0,0.125,0,VL-D4cl8CBoSJ6TMQ6DJVy4TDD3It99QINkGcaWVJtCWpl1ckSvDiBGPIsE7PbanhE9tEPM0vxjOWA,BR1_3247434912,16.11,14.0,11.0,6.319,0
7.3571,0.2857,0.0714,0.375,0.2158,2,0.0,8.7911,0.3936,0.2624,0.4,0.2464,0,0.0,6.1475,0.3659,0.4391,0.4118,0.3257,3.0,0.0,0,cRNieDRj6dPQ2MhN7McPLFy4eSIWK3RR2MHOBVNGR4oakywJzwUZSHJDWy8qXFlXOiQtJ1XzSD5sLQ,BR1_3252503686,16.12,14.0,7.621,13.664,1
0.1429,0.0,0.0,0.0,0.0,0,,0.0,0.0,0.0,0.0,,0,,,,,,,,,0,M8AkDoq7iFNxFpBbLxFA6BCz3TnNfbQ74DdY1IkpFyZ5ndZ9TSrGZ1qzGhEdbrkksA3xj-FsGdWoYA,BR1_3252264886,16.12,14.0,11.0,-23.754,0
5.5,0.2857,0.2857,0.3571,0.3505,2,0.0,8.2727,0.1818,0.2727,0.6875,0.3717,0,0.2,4.9362,0.3291,0.3291,0.7222,0.4497,4.0,0.25,0,n2959LdTvW_KDWCiMlkjc7bxaVDhqBMVVzY9CgKc19A98JKGmTb-Tf9Lxq_asfiyX_oKpzcxLuD2uA,BR1_3252804739,16.12,14.0,11.0,9.116,1
6.9219,0.3377,0.0844,0.5,0.3124,3,0.0,6.082,0.6842,0.2281,0.5455,0.2753,1,0.0909,5.7816,0.5162,0.3097,0.6,0.2108,0.0,0.0667,1,KIcWNnApypcbjFqdnR3U52OphyPgiw0R7axCVJdpwn6oHOyCLgIANUVp4K3q_f_qg6vaEh0vBusB1w,BR1_3250816493,16.12,11.847,13.153,9.686,0
6.8509,0.1651,0.0825,0.2778,0.2073,2,0.25,5.8203,0.3638,0.3638,0.3125,0.2191,0,0.1429,6.5633,0.4688,0.2344,0.7368,0.2257,1.0,0.1364,0,3OoYuJZbHGIKqxWL6PrjrKtSKHnZpnGYwh_y3GrnZoFO2PCFnthu3lPrTrRb3D_-oMrSTYx80BBuIg,BR1_3250862535,16.12,12.115,10.996,12.798,1
6.2143,0.2857,0.0714,0.1818,0.1149,0,0.2,6.0,0.4545,0.2727,0.375,0.149,0,0.1,7.4467,0.3155,0.1893,0.4667,0.1831,0.0,0.2857,0,9rEmrenPzReiqkdf0Xmc41uNacC-zjkx-jfw6OlrKoWGhkg-L_KmlNdce5-o8xblCOKMN1WtO-HbqA,BR1_3251916343,16.12,14.0,11.0,15.846,0
0.3571,0.0,0.0,0.0,0.0,0,,0.0,0.0,0.0,0.0,,0,,,,,,,,,0,M1nMhcOhs_EnRPrbCKSJ2Mv9OyanRSKCVJoLq9HIpa6C815FON_myx6YOgKRMhUFsJIR9kRyOx4iXQ,BR1_3252604978,16.12,14.0,11.0,-23.45,1
6.2857,0.3571,0.2857,0.5714,0.2531,1,0.5,7.0909,0.1818,0.3636,0.4167,0.3045,3,0.2857,7.4103,0.0,0.3069,0.6333,0.3008,1.0,0.1379,1,Q4m0CXBC6QUdhnnMuYRhIyPBvgPzxYfIizD3NgRshN5FfrXvXk2RxMkd_3bEkLzNd_Rrl9QCw7CdEA,BR1_3252233091,16.12,14.0,11.0,22.806,1
7.6267,0.492,0.246,0.3333,0.3275,4,0.5,7.0279,0.6247,0.3124,0.5,0.3448,3,0.0,7.5495,0.7864,0.2359,0.2,0.1582,1.0,0.25,0,YV-n2n8naJcABbIucWwOpdQiIib4oW4Fk3_IonVEOVMqPkqN5onbl_ktdrApLQqpFver7FXgD9N8pg,BR1_3252868345,16.12,12.194,12.806,12.716,1
4.7143,0.4286,0.0714,0.4545,0.1429,1,0.2,4.0394,0.5049,0.5049,0.2,0.1533,0,0.3,6.5517,0.2978,0.2978,0.4286,0.241,1.0,0.0,0,IXyXv4_o8F2QVvnMk9sbzUH5imX4YDGMmquRVNGcm3j_Lmu1k8-i2Ki3HNYyJm4DcpaWzhNMGKzFDQ,BR1_3252873037,16.12,14.0,9.902,10.074,0
6.6559,0.2863,0.1431,0.4,0.1824,2,0.0,5.5933,0.4221,0.1055,0.6923,0.3422,1,0.0,4.2655,0.4675,0.2337,0.6111,0.2479,1.0,0.05,0,yfUPgM0dK4uRFl3-IavjQjpTCQJNUtKdedfexjmle_QpcWsUDpV8pRuK-553TTWTvR6ofrjY8UALww,BR1_3248084436,16.11,13.973,9.476,17.114,0
4.5,0.2857,0.0714,0.6667,0.3068,2,0.4,4.2043,0.3153,0.5255,0.75,0.2349,3,0.125,1.4154,0.0,0.5662,0.6,0.2667,1.0,0.375,0,DjhqQoLKFuGE591D6Yi8ogtc6t1PuyFKCIxleyl9l6LnnS0ceHtpiGR0u4X8nPT1T4M2TJKeaImiUw,BR1_3252498716,16.12,14.0,9.514,10.598,0
7.9286,0.3571,0.0714,0.4667,0.2174,2,0.0,7.1626,0.3357,0.1119,0.25,0.1674,0,0.4444,2.1804,0.3848,0.2565,0.6,0.119,0.0,0.2857,0,9bku14AC-Z-dvqgqHuL5fdOn839iiW9bqInwf4fE-WKScqepLNbF5sPhNNOD8bfaZpkw9ZaclTm4Gw,BR1_3252861823,16.12,14.0,8.935,7.797,1
4.9486,0.0,0.303,0.6667,0.2715,1,0.0,5.4695,0.0793,0.3963,0.4211,0.2123,1,0.0,4.3845,0.2989,0.2989,0.4444,0.247,2.0,0.2,0,rkgnxLwSKBlB9mmzy8b-m4UXW-AxOooSzjPuo7hNBV5qIL5x-l1LOlYZnIYaRAv5pQCMaZYtBSQ91w,BR1_3252012493,16.12,9.902,12.615,20.071,1
7.1835,0.2799,0.1866,0.1875,0.2402,1,0.0,3.8513,0.4902,0.3501,0.381,0.1393,1,0.1111,1.0549,0.0,0.7033,0.5,0.177,0.0,0.3333,0,A821OP-5dxawAlButOgGyKxGn9AiET1ryOsqmxOv2fKotNC9c6pOxYXlh_IROJz2qTCzVh1UnLKaDQ,BR1_3248642694,16.11,10.719,14.281,2.844,1
7.4764,0.3738,0.0,0.1,0.0804,0,0.0,7.3121,0.086,0.086,0.2143,0.1694,0,0.1818,7.6201,0.0,0.3629,0.2857,0.1868,0.0,0.3,0,zGX_R8TwLScai5Olw7HVbusMSgH3ZJpBV2CYQv9Fg-7nvizK4qL55YxKpNkXnyw5GGEvg6wSaN1MJQ,BR1_3252819438,16.12,13.375,11.625,8.268,0
8.0834,0.3416,0.1139,0.3333,0.3122,0,0.3333,1.295,0.0617,0.1233,0.6667,0.517,0,0.0,,,,,,,,0,EX1h7LCRP9QhjhHeWsnsa-ciSL1L60VPp12NKCVNvSpcwBtr1tWVLiirIVmUVTu7okc9ref3ufW0KQ,BR1_3251967164,16.12,8.783,16.217,-13.515,0
7.6532,0.1486,0.2972,0.4167,0.3146,4,0.0,6.065,0.2599,0.2599,0.6429,0.4575,6,0.0,4.972,0.5099,0.3825,0.2,0.2374,0.0,0.0769,0,DjhqQoLKFuGE591D6Yi8ogtc6t1PuyFKCIxleyl9l6LnnS0ceHtpiGR0u4X8nPT1T4M2TJKeaImiUw,BR1_3252641287,16.12,13.458,11.542,7.844,0
5.5714,0.5714,0.2857,0.25,0.2598,1,0.0,6.3636,0.5455,0.4545,0.4444,0.2117,1,0.1667,10.2124,0.8754,0.1459,0.4,0.161,0.0,0.0,0,n4r7pxsLU7X4YEqxJuEzFqjCIrVdNS0VXl5gbjSJpn3bIDPnS4oWwKS2_kUZAD7cfqazlnxOTKW-GA,BR1_3251715902,16.12,14.0,11.0,6.854,1
6.4496,0.1554,0.0777,0.4,0.1678,1,0.0,6.3894,0.259,0.1727,0.9,0.2597,2,0.1111,5.0178,0.0,0.3136,1.0,0.4312,0.0,0.375,0,SRc1FSD7esblymiMO7Mp1znyCAHi7WCRVBezzTy3jL3b7C1M_mmLKPsZtmw8Sf2Xa4AOxjC79BKyAA,BR1_3252340553,16.12,12.869,11.582,3.189,0
7.4286,0.4286,0.2857,0.3125,0.2471,2,0.2,8.5845,0.3815,0.1908,0.4706,0.3515,1,0.1818,8.8607,0.0,0.4028,0.6,0.3157,2.0,0.125,0,UZvjKNrQ6wVxGwy61PFcvOPItClfQhnwirB-HNy5bCH6dhMT90c5UMNz2WR_MBU56E8bdgZyeITYsw,BR1_3250724669,16.12,14.0,10.484,2.483,1
5.0,0.2857,0.4286,0.3333,0.1912,0,0.0,6.9091,0.4545,0.4545,0.1,0.174,0,0.0909,6.2558,0.272,0.816,0.5,0.2858,0.0,0.0,0,YshLWzXv-O0fMLGfAUa5o9aDkqyPBj4E2CZCdUQWFbdrQ3Aul2zwmgdAYl5TYsLuDRODJRpxjLKTew,BR1_3252672777,16.12,14.0,11.0,3.677,0
7.5,0.4286,0.1429,0.3,0.2933,0,0.0,5.8976,0.251,0.3764,0.5,0.2777,0,0.0,4.3027,0.1871,0.3741,1.0,0.2297,0.0,0.1818,0,p3uZ7e7AgFmm_AttGTd3B013_84C_BAM3jvc6d2SHPPzrfEejuzx1X5p-wjwPupEllLl09QtAHresQ,BR1_3252610525,16.12,14.0,7.969,5.345,0
6.6826,0.2905,0.1453,0.1111,0.1667,0,0.0,4.6292,0.2671,0.3561,0.6667,0.2638,1,0.25,,,,,,,,0,UFAEfxnhGMV0tmXuI7QfeZpz-nTTxvWS4RFdKhfdHly9FTyYU_5nRoTAD9JsR_BRhyZQOVRPgVGZfw,BR1_3252831121,16.12,13.767,11.233,-4.238,0
7.5714,0.3571,0.2857,0.4286,0.3525,3,0.0,8.6364,0.3636,0.3636,0.0588,0.1967,0,0.1667,11.0839,0.3695,0.1847,0.4615,0.1963,2.0,0.1,0,bnOFktu2-P3JoT34frC1ydmRqDpMqP7dIi2EQMHovxWSdq5X_uFt-1j3BcYYbtJ2cWR26TVYOaK9xw,BR1_3252651526,16.12,14.0,11.0,5.413,1
6.2188,0.1555,0.3109,0.1333,0.1248,0,0.0,6.4961,0.0,0.4331,0.3684,0.203,1,0.1818,7.5458,0.1728,0.2304,0.5455,0.1705,1.0,0.1667,0,M8AkDoq7iFNxFpBbLxFA6BCz3TnNfbQ74DdY1IkpFyZ5ndZ9TSrGZ1qzGhEdbrkksA3xj-FsGdWoYA,BR1_3251766044,16.12,12.864,11.545,17.361,0
6.8502,0.3468,0.1734,0.4,0.1697,1,0.0,7.1283,0.3713,0.2228,0.4615,0.2068,0,0.0,5.1832,0.3628,0.311,0.4762,0.1855,0.0,0.1053,0,ZFTfIvIVBi5gHqRHj-1D9OXKl9bagm1y4B6yTPPHgqWweT5Airez_0kwTuETV9Pnt-EZWGhnY_3eUg,BR1_3252754769,16.12,11.533,13.467,19.293,0
4.6429,0.3571,0.2143,0.6,0.3126,0,1.0,3.9091,0.0909,0.1818,0.0,0.2136,0,0.0,,,,,,,,0,IXyXv4_o8F2QVvnMk9sbzUH5imX4YDGMmquRVNGcm3j_Lmu1k8-i2Ki3HNYyJm4DcpaWzhNMGKzFDQ,BR1_3252807250,16.12,14.0,11.0,-6.599,0
6.6253,0.3841,0.096,0.3125,0.2739,2,0.0,4.1137,0.4114,0.3428,0.6154,0.2791,6,0.25,2.1296,0.5093,0.4167,0.6087,0.2817,2.0,0.0769,0,01Ii9IXS9Zmc1E4drD52u-t7pq-RvF97LO7CB6_vFxeflULMAkdIvSw1dMkt69CzxtNfeDNyYscaVQ,BR1_3251333847,16.12,10.415,14.585,21.6,0
8.3056,0.3534,0.1767,0.3,0.1756,1,0.0,7.2356,0.3654,0.4385,0.3889,0.2439,1,0.2,7.3929,0.5914,0.4436,0.5,0.3081,1.0,0.25,0,NrL9s5r2afHvVFEmOWmAHdr8V7m_fzWEduSW6Af6Jq9jg4Jm94GYHujaHEbLAJfs4I5wqSt8v4qyMw,BR1_3252853691,16.12,11.318,13.682,6.763,0
5.1898,0.0824,0.3295,0.25,0.3255,1,0.0,3.3435,0.0,0.2333,0.2,0.1943,0,0.2,,,,,,,,0,b_p7lsrKf2mFmuGVTOh8hi6vXbXsZxE1zsxXAMJRxBlNNTf69Kksu1hCwKWZTJ6QssYus0ylp6vymw,BR1_3250604256,16.11,12.139,12.861,-3.547,0
6.3991,0.2258,0.1506,0.2778,0.2019,1,0.5,7.3524,0.387,0.387,0.5,0.1856,0,0.1,0.6567,0.6567,0.6567,0.0,0.3598,0.0,0.0,0,taHbTunOxlcN4bMdqAxTA7PlacwmAp6a_NzftRlpca_vfH4GZdf5LqAk1-ko4oKCuQXqM9nlDM4Zng,BR1_3251402185,16.12,13.283,10.337,1.523,0
7.6429,0.1429,0.1429,0.2,0.116,0,0.2,8.5455,0.3636,0.3636,0.2857,0.2123,0,0.0769,6.4706,0.0,0.5882,0.1667,0.1185,0.0,0.0,0,L6-pVFPDVQCqWwIG59YuHmkIouBbccpjbJPHDE4EfLA5MiMjR7b1YH4BNJB48EGiPEbRT8E9zKX-1g,BR1_3252856466,16.12,14.0,11.0,3.4,0
2.3571,0.0,0.0714,0.3333,0.1692,0,,0.0,0.0,0.0,0.0,,0,,,,,,,,,0,L6-pVFPDVQCqWwIG59YuHmkIouBbccpjbJPHDE4EfLA5MiMjR7b1YH4BNJB48EGiPEbRT8E9zKX-1g,BR1_3252817710,16.12,14.0,11.0,-20.645,0
4.1532,0.0814,0.4886,0.2222,0.213,1,0.75,4.6382,0.3145,0.3145,0.3333,0.1534,0,0.1111,6.231,0.472,0.3776,0.4,0.1089,0.0,0.1429,0,XqpqDikZBm9sH1h9vowa_mtZG20QvkdaX4O3fHKkhiiAjgzdiwv-01xuAptIvXek4wSp7_FXreiJdw,BR1_3252226246,16.12,12.28,12.72,10.592,0
4.7717,0.2982,0.2982,0.5,0.2859,1,0.0,3.263,0.2797,0.5594,0.5385,0.3473,2,0.1667,3.4776,0.6552,0.3024,0.7143,0.2352,3.0,0.1429,0,UZvjKNrQ6wVxGwy61PFcvOPItClfQhnwirB-HNy5bCH6dhMT90c5UMNz2WR_MBU56E8bdgZyeITYsw,BR1_3250732437,16.12,13.413,10.726,19.841,0
7.5871,0.2616,0.0872,0.0,0.1832,0,0.0,7.2557,0.5004,0.2502,0.2273,0.1686,1,0.0833,5.6576,0.3017,0.4526,0.3333,0.0976,0.0,0.2222,0,b_p7lsrKf2mFmuGVTOh8hi6vXbXsZxE1zsxXAMJRxBlNNTf69Kksu1hCwKWZTJ6QssYus0ylp6vymw,BR1_3250825044,16.12,11.467,11.991,13.257,0
6.3856,0.3702,0.3702,0.2,0.2314,3,0.0,4.0156,0.3522,0.4931,0.3478,0.2316,3,0.1667,5.7217,0.4238,0.3179,0.5294,0.288,2.0,0.3,0,JP98zTMNq0vuohV9_xinuwh-mzhAYhS9fydpPve-XPgMlwyjv4h8AQbwbyDMmsslCnDKh-LhSWKq0w,BR1_3252866018,16.12,10.806,14.194,9.438,1
5.1617,0.3128,0.0,0.5,0.3252,2,0.25,4.7385,0.3025,0.2016,0.8571,0.4413,0,0.1,4.2792,0.7306,0.3131,0.8182,0.4606,0.0,0.0769,0,7QhpO7oZxvZuwZMASc-bficwn-QEMLT4cLXJ8yWAG0Y-xXt9bGlAnYIIONKeRjZg6_KlC8R6lMe5nw,BR1_3252529984,16.12,12.787,9.919,9.581,0
8.2634,0.2874,0.1437,0.4444,0.3694,3,0.0,8.1437,0.2776,0.1851,0.7778,0.3432,0,0.125,4.7102,0.1208,0.4831,0.5556,0.2548,0.0,0.0909,0,OjPlrZiZnXdvK2TnOKwArx2doidI3FV0Fi3voREndcA-GpYPOHb3wwJ7-mfU2gpXGmef8K73dEt6pw,BR1_3250558516,16.11,13.917,10.806,8.28,0
5.5181,0.1623,0.2434,0.2,0.1978,0,0.0,4.5752,0.5522,0.3944,0.381,0.1953,2,0.1667,1.5781,0.4509,0.6763,0.5,0.2301,0.0,0.1429,0,UZvjKNrQ6wVxGwy61PFcvOPItClfQhnwirB-HNy5bCH6dhMT90c5UMNz2WR_MBU56E8bdgZyeITYsw,BR1_3250912245,16.12,12.323,12.677,4.436,0
8.3571,0.0,0.0714,0.6667,0.4525,2,0.0,8.3636,0.4545,0.1818,0.8095,0.5216,1,0.2667,8.2592,0.3591,0.1795,0.5833,0.3422,2.0,0.625,0,R7c0iIGYXQaYZG1AdMkOybF5ChkA-uGFEGyJlxJNKYIBgA9M9BUs5T3xyLbQGWgjfV1MQ1M_dY9qqA,BR1_3252759641,16.12,14.0,11.0,5.57,1
6.6001,0.3626,0.1451,0.2105,0.2355,2,0.0,7.9377,0.3568,0.1784,0.4667,0.2248,3,0.0,2.9024,0.4837,0.3225,0.0,0.2123,0.0,0.0,0,78Be_63SBD4w3DgknftWP5Xg06GYsS5FEO8NKOwEVj6VgDudxvkb3mvyd4DsdoEcFx4rtJefI84J5w,BR1_3252709287,16.12,13.788,11.212,6.202,1
5.6429,0.4286,0.3571,0.2778,0.2154,1,0.5,4.4545,0.9091,0.4545,0.2308,0.1587,0,0.1111,5.6348,0.1657,0.3315,0.25,0.0836,0.0,0.0,1,M1nMhcOhs_EnRPrbCKSJ2Mv9OyanRSKCVJoLq9HIpa6C815FON_myx6YOgKRMhUFsJIR9kRyOx4iXQ,BR1_3252847720,16.12,14.0,11.0,6.034,1
8.0714,0.4286,0.1429,0.2,0.1674,0,0.25,8.1818,0.5455,0.1818,0.6364,0.2583,1,0.25,6.9368,0.4404,0.1101,0.6,0.2284,1.0,0.125,0,t-OtDaH5MD-uAzpAhm_YGvt1JUM7QWt6wU2y5781E_1SNaz2Nf_T_OQsan_B2lvKhk5lORoI9opknA,BR1_3250810075,16.12,14.0,11.0,9.082,1
5.5548,0.0794,0.3968,0.0,0.2186,0,0.0,8.7916,0.242,0.3226,0.1,0.1875,0,0.2727,8.2243,0.2893,0.1653,0.2941,0.1794,1.0,0.08,0,M8AkDoq7iFNxFpBbLxFA6BCz3TnNfbQ74DdY1IkpFyZ5ndZ9TSrGZ1qzGhEdbrkksA3xj-FsGdWoYA,BR1_3251783169,16.12,12.602,12.398,24.197,1
6.1785,0.337,0.0,0.0,0.1186,0,0.0,7.4543,0.4348,0.1242,0.3077,0.175,0,0.2632,,,,,,,,0,t-OtDaH5MD-uAzpAhm_YGvt1JUM7QWt6wU2y5781E_1SNaz2Nf_T_OQsan_B2lvKhk5lORoI9opknA,BR1_3250821650,16.12,8.902,16.098,-0.284,0
6.7143,0.3571,0.4286,0.3,0.2022,1,0.0,9.1012,0.492,0.123,0.6364,0.1984,1,0.1111,6.2353,0.3959,0.4949,0.5714,0.202,1.0,0.0714,0,Q4m0CXBC6QUdhnnMuYRhIyPBvgPzxYfIizD3NgRshN5FfrXvXk2RxMkd_3bEkLzNd_Rrl9QCw7CdEA,BR1_3252362404,16.12,14.0,8.131,10.104,0
8.0682,0.3586,0.0896,0.5333,0.3563,6,0.0,9.914,0.3706,0.1853,0.7857,0.5159,10,0.3125,36.4372,0.0,0.0,1.0,0.8439,3.0,0.0,1,KKjXQQFKjLuDohvmiTnXyFyK7fK8HLzJ5mrxsP-SpmMbB9J9JBeKhJeAjNGFVl6L_abRI9mgYI2knw,BR1_3252692081,16.12,11.155,10.793,0.412,1
1.1429,0.0714,0.0,0.0,0.2318,0,,0.0,0.0,0.0,0.0,,0,,,,,,,,,0,0yrCk5Y8Cll5KCtjG9u8fwTfsY3iZbEDTAKtmqCEZsybFQcBLcq8LSZrkCUiVZUJYkwFngkALRpzbw,BR1_3252663502,16.12,14.0,11.0,-22.586,0
6.943,0.4339,0.1736,0.5,0.4381,1,0.0,8.5642,0.3202,0.3202,0.6667,0.3667,1,0.2143,4.2392,0.0,0.7065,0.5,0.162,0.0,0.1429,0,c9ZGWdilxz61P9u-S_GGTaUfukg4gog4fWWZr6-ebnegzzmyXB-nPdJsoXT4fVy7tIYMdkypDN-LHQ,BR1_3252857221,16.12,11.522,12.494,2.831,0
6.9055,0.3002,0.1501,0.0,0.1797,0,0.0,5.8233,0.3425,0.3425,0.15,0.1355,1,0.2727,6.2658,0.2299,0.2874,0.4783,0.1885,1.0,0.2632,0,EdyMmwCyTGy1d5K6jPmSLvmZN9njLPE-IyhQ2ir5meuxe3MoIqZnx9jiw2bcVfFPTgjQBBU2Xx16ig,BR1_3252474908,16.12,13.323,11.677,17.396,1
6.1429,0.3571,0.2143,0.4286,0.1419,1,0.5,7.6364,0.2727,0.1818,0.5714,0.2849,1,0.4545,10.3684,0.6689,0.0,0.3846,0.2138,2.0,0.0,0,SRc1FSD7esblymiMO7Mp1znyCAHi7WCRVBezzTy3jL3b7C1M_mmLKPsZtmw8Sf2Xa4AOxjC79BKyAA,BR1_3252595186,16.12,14.0,11.0,5.98,1
8.2342,0.3709,0.0742,0.3,0.2742,1,0.0,6.5974,0.434,0.434,0.6667,0.3396,2,0.1818,9.3396,0.4324,0.3459,0.4286,0.2539,3.0,0.0,0,NZZfaigS2lCimoqBDTfN9WqWEsD95YMXhmFkzw6h3DU1rNWKBNgvta3x0xbJhsmgeBZ1J6SCNVlvNg,BR1_3251428493,16.12,13.48,11.52,11.564,0
7.0,0.2857,0.0,0.0,0.0849,0,0.0,6.1818,0.4545,0.0909,0.5882,0.2685,2,0.375,5.8333,0.3955,0.0989,0.75,0.3899,2.0,0.0667,0,ur7lCS205A8n2DGoh3dE6dMgObFK2et4UWlkiLoD5lW2tPyYBvowQMRQJVdWVkt8RQ7IIxaZVYmQbA,BR1_3250401061,16.11,14.0,11.0,10.114,0
5.8571,0.3571,0.2143,0.2727,0.254,1,0.0,7.1818,0.4545,0.3636,0.4286,0.2797,5,0.0909,1.9062,1.4297,0.4766,0.4,0.1712,1.0,0.0,0,taHbTunOxlcN4bMdqAxTA7PlacwmAp6a_NzftRlpca_vfH4GZdf5LqAk1-ko4oKCuQXqM9nlDM4Zng,BR1_3252563918,16.12,14.0,11.0,2.098,1
7.2709,0.1691,0.0845,0.3,0.2525,1,0.2,6.5636,0.1526,0.3816,0.5,0.2301,1,0.1538,4.5653,0.6522,0.6522,1.0,0.2209,0.0,0.6667,0,A821OP-5dxawAlButOgGyKxGn9AiET1ryOsqmxOv2fKotNC9c6pOxYXlh_IROJz2qTCzVh1UnLKaDQ,BR1_3249458004,16.11,11.828,13.103,1.533,0
5.774,0.3447,0.3447,0.5,0.1967,1,0.0,3.0907,0.1145,0.6868,0.7,0.1982,0,0.1111,6.024,0.5476,0.2738,0.6667,0.1281,0.0,0.0,0,WfQFroIeu7S-hjA5QQlOPfCO8tLhyzdrtEt3WmXiAwE-h8t6kI1Ze18Nh6SKWXqbTqm4YSwk2aQA9g,BR1_3252855502,16.12,11.604,8.736,3.652,0
7.7936,0.382,0.0764,0.2308,0.2037,2,0.0,5.2886,0.4197,0.2518,0.4583,0.2273,0,0.1,6.6842,0.557,0.1393,0.4706,0.1897,0.0,0.25,0,VojWyX4Iamqxr8-aP1XLF6vqCSzK_PSVUhngKXKPDG4gkhm9YLPtzqdnNVkkYqf38KR4p7pPFUZMiA,BR1_3252805194,16.12,13.088,11.912,7.181,1
0.0,0.0,0.0,0.0,0.0,0,,0.0,0.0,0.0,0.0,,0,,,,,,,,,0,E_Hyj5N6NU7iTCdB2kUCdLvjMtldL52ySWByt4Z3gfp148CIsIeTXm0RMmLpDocaPF0dIgaLkVddUw,BR1_3252077883,16.12,14.0,11.0,-23.377,0
7.0714,0.2857,0.2143,0.375,0.1542,1,0.0,7.0803,0.4227,0.4227,0.1875,0.1953,1,0.1,7.1164,0.7491,0.1248,0.5625,0.1736,1.0,0.1429,0,bnOFktu2-P3JoT34frC1ydmRqDpMqP7dIi2EQMHovxWSdq5X_uFt-1j3BcYYbtJ2cWR26TVYOaK9xw,BR1_3252673397,16.12,14.0,9.463,8.01,1
4.1812,0.2613,0.3484,0.2727,0.2548,2,0.0,4.8816,0.3698,0.3698,0.5556,0.2806,1,0.0833,2.8209,0.4592,0.4592,0.381,0.147,0.0,0.0,0,P10SjysnZuhSSNxunhY4OPBPXn5i7ek-B0NMAvY6quyYUf46IxDSpF1K1MDteulie3BbXBE8SNBJvg,BR1_3252863579,16.12,11.48,13.52,15.243,1
5.4713,0.2189,0.2189,0.7692,0.3059,0,0.0,5.4335,0.5573,0.1393,0.6667,0.1827,0,0.1429,3.7906,0.1264,0.2527,0.7857,0.2412,0.0,0.1579,0,ruLYKaIBUeib7jjXbTyP1DjoY7h6YnGiwxqZzz1RuUBeBNLRNiG0Kp0VqM4IGl189jbQw8iZfXpYvg,BR1_3252650714,16.12,13.708,7.178,15.829,0
6.308,0.3115,0.1558,0.4545,0.335,3,0.0,3.9476,0.0822,0.2467,1.0,0.2086,1,0.1,,,,,,,,0,zqMhO1YX_oxAT-c-xc0qppWBuRfWw6dgR3eCcor6LOYUfBJQL6tdgAp6rHVsK02snuhJt3aSKwCJqA,BR1_3252829346,16.12,12.841,12.159,-5.054,0
7.7391,0.0932,0.0,0.3,0.2716,1,0.0,7.2599,0.363,0.2904,0.5,0.2614,1,0.1667,4.5604,0.0991,0.2974,0.5278,0.2659,2.0,0.1667,0,3I-6NjJfuLV_qTs1iF5oxLJEqAukYo-XdZ8IzvviyU7oaLyELezCrFBcYXsCegQkyiB2IrnJ_xa-Qg,BR1_3252050630,16.12,10.725,13.774,20.173,0
5.7508,0.3783,0.0757,0.5,0.2461,2,0.0,5.9089,0.5183,0.1037,0.3333,0.071,0,0.1,4.7761,0.0,0.2239,0.6,0.1549,2.0,0.0,1,Bklpq3TNOH0qMzvqJ68Jz5HfxHClF1MHGHeQtHe6zgGfZ0aNz4cE4SMltZdRuWhYafULGQua4xP3kQ,BR1_3252270909,16.12,13.216,9.647,13.4,0
6.0905,0.3206,0.0801,0.125,0.162,0,0.5,3.2744,0.1597,0.0799,0.0,0.0767,0,0.1875,0.0,0.0,0.0,0.0,0.0,0.0,,0,0DDlx4jWKb2TwTD_n9096jPYvQithEzVzfBPTZ_9JF4AlgLp-MF41GqNbw1prpzvWrZGiuDhxJ5QGQ,BR1_3252212488,16.12,12.478,12.522,1.643,0
6.3333,0.2533,0.1689,0.3077,0.1876,2,0.0,5.244,0.304,0.228,0.5,0.3121,4,0.125,,,,,,,,0,f_sKjC_jT_uVFmw_P9yYuS3xiURzydAf5BgIWs_5loxMiVzq0UgK2PV2NWO_g-B73m9B6IW-kAAeQw,BR1_3252557564,16.12,11.842,13.158,-3.864,1
5.1378,0.5138,0.1713,0.8,0.3015,0,0.0,8.4073,0.5255,0.0751,0.25,0.1691,0,0.2,,,,,,,,0,GJME4VNOHd9V6unqO-9JzeYaicOX9bYgRdWjfieK1OOc74KNtwfWGmu1bkFkmGpV16SwWudhQ4sarg,BR1_3252849640,16.12,11.678,13.322,-0.716,0
6.5714,0.2143,0.1429,0.4,0.1674,2,0.0,5.7273,0.5455,0.3636,0.6154,0.2572,0,0.1667,7.3298,0.3258,0.1629,0.5,0.3516,3.0,0.125,0,P10SjysnZuhSSNxunhY4OPBPXn5i7ek-B0NMAvY6quyYUf46IxDSpF1K1MDteulie3BbXBE8SNBJvg,BR1_3252856333,16.12,14.0,11.0,6.139,0
0.3571,0.0,0.0,0.0,0.0,0,,0.0,0.0,0.0,0.0,,0,,,,,,,,,0,MRo77pq3I7bch1bBTHpmy52AYJ7eoCTSuVi_xMfPXsPfNgi4UMDdggj06IC1Ox5by_qUT4_D3k7i0A,BR1_3252442319,16.12,14.0,11.0,-23.612,1
6.4779,0.3085,0.0771,0.0,0.135,0,0.0,6.0667,0.2493,0.0,0.6154,0.1868,1,0.0833,0.0,0.0,0.0,0.0,0.0,0.0,0.0,0,ho7blAjhBR_p0E_cbM310vniSogbA8-2NB0DpNpQZ0BECGkY22V86aovuMfZnnXjxR4oBuWKqT18iQ,BR1_3248071779,16.11,12.967,12.033,2.234,0
0.0,0.0,0.0,0.0,0.0,0,,0.0,0.0,0.0,0.0,,0,,,,,,,,,0,M1nMhcOhs_EnRPrbCKSJ2Mv9OyanRSKCVJoLq9HIpa6C815FON_myx6YOgKRMhUFsJIR9kRyOx4iXQ,BR1_3252629801,16.12,14.0,11.0,-23.76,0
3.8008,0.4319,0.4319,0.5556,0.2586,2,0.25,6.1832,0.149,0.3725,0.5,0.2299,1,0.0,7.7588,0.0,0.3527,0.0,0.3233,0.0,0.0,0,AmoMoOKBPQb-TqmN32dLnnQHioafc6Erz_6wjTwqIkWQ08vWAYwQfOdgOcKpq8vEJIjbkcmrdiuMxA,BR1_3251989306,16.12,11.577,13.423,2.836,0
9.1516,0.3183,0.0,0.3846,0.2917,4,0.0,8.6859,0.0,0.1609,0.65,0.304,2,0.1538,2.309,0.0,0.3299,0.4,0.2661,2.0,0.25,0,gPkDaebGY5pMFcvrmMScQ9UlGU5gA8-EDD2rEtJqs4Axmz6VXXY-BMaskAJsGnn3zqAipZpI6JDfiA,BR1_3252665731,16.12,12.566,12.434,3.032,1
7.0561,0.5951,0.17,0.25,0.2054,2,0.0,5.8925,0.6799,0.3022,0.4545,0.267,5,0.0833,4.2579,0.7451,0.6387,0.1667,0.2247,0.0,0.0,0,cRNieDRj6dPQ2MhN7McPLFy4eSIWK3RR2MHOBVNGR4oakywJzwUZSHJDWy8qXFlXOiQtJ1XzSD5sLQ,BR1_3252706317,16.12,11.763,13.237,9.394,0
5.8269,0.5036,0.0719,0.6,0.3218,3,0.0,5.5371,0.4153,0.2769,1.0,0.3296,1,0.25,4.3006,0.6758,0.3686,0.7391,0.2302,2.0,0.1333,0,NZ6ZD_9OeLT1lQzQewAaoTcgAx2smsz3G0TmANHTPpnH1lmxOvxvb6tgVze-E6i-vA8iPkRsC27tfg,BR1_3245707737,16.10,13.901,7.224,16.277,0
6.8584,0.3082,0.1541,0.3,0.218,0,0.25,7.5049,0.3002,0.1001,0.3125,0.1362,1,0.2222,4.5172,0.7227,0.1807,0.5455,0.1643,0.0,0.0,0,41DGNb2cDMctF3h9xoGtF_OZQLfcjqqZi90SJPAomZXlizy5cweQA5vmwkivtmQ57XCqTMTuMXmzeg,BR1_3249299862,16.11,12.977,9.993,5.534,1
6.1201,0.3732,0.1493,0.4,0.2296,1,0.0,5.4303,0.431,0.5172,0.4286,0.3071,2,0.0769,0.7344,0.0,0.7344,0.0,0.2448,0.0,1.0,0,_XvxLVK0MvvL8TDB1_yZCnd-a36eO5gdag8Yybvir7qgeRtEUKOC5XbzlP2qW6U1tXcOsPbF7FTKGQ,BR1_3252678200,16.12,13.398,11.602,1.362,0
6.5379,0.3801,0.152,0.5625,0.397,6,0.0,4.6429,0.6753,0.4221,0.5556,0.2575,3,0.1667,5.4807,0.2835,0.4725,0.6154,0.3934,3.0,0.3077,0,KIcWNnApypcbjFqdnR3U52OphyPgiw0R7axCVJdpwn6oHOyCLgIANUVp4K3q_f_qg6vaEh0vBusB1w,BR1_3252799339,16.12,13.154,11.846,10.583,0
6.8272,0.2768,0.0,0.0,0.07,0,,7.5088,0.4315,0.1726,0.55,0.1061,0,0.0769,7.2393,0.6227,0.2335,0.4,0.1135,1.0,0.1538,0,Bklpq3TNOH0qMzvqJ68Jz5HfxHClF1MHGHeQtHe6zgGfZ0aNz4cE4SMltZdRuWhYafULGQua4xP3kQ,BR1_3249125320,16.11,10.839,11.586,12.847,0
6.8571,0.2857,0.0,0.6364,0.3382,6,0.0,8.0,0.4545,0.0909,0.4167,0.2892,1,0.1,7.2429,0.5415,0.2708,0.3333,0.2898,5.0,0.2,0,iOjDdbkDyvbj60OcRMVvTTT7pXUAKsfFljD-H-lo95IZi5lFf0T-k-tWWD5xmeJUQeLrTRUE58QDBg,BR1_3252816547,16.12,14.0,11.0,14.773,1
8.0,0.2143,0.0714,0.4286,0.2267,1,0.0,9.9091,0.3636,0.0909,0.8125,0.3191,0,0.2,6.6631,0.2298,0.1149,0.5,0.1869,0.0,0.1667,0,56GNxr7rUgCA3-MCUt5RYXiR0c9xBFXV-EQXn0EEGYH0Cjfe98Y4Ka2vC6HuHlWQtu2ZiMN-6lJFBg,BR1_3251938058,16.12,14.0,11.0,8.705,1
5.0714,0.3571,0.2857,0.2,0.2091,2,0.0,7.9178,0.3894,0.5192,0.3333,0.2407,0,0.1429,9.0175,0.4534,0.2519,0.4286,0.2662,3.0,0.1,0,jcpJlZoHj7Pe3a1IVbRjfqnlIk3xGmMB_88LBQQQjG7r5ML0jQuRYuQ5aCGw4W4CLMSqM5riBeTrlQ,BR1_3252713402,16.12,14.0,7.704,19.85,0
5.4286,0.2143,0.0714,0.6875,0.3453,4,0.2,5.9091,0.5455,0.0909,0.3889,0.2722,2,0.0769,5.0152,0.3934,0.295,0.5652,0.2732,3.0,0.2857,0,dfFpF8dKHmsGWmHeyOuCiLqc-g-yOtsiWbhiTB-zho3eOuSeDKsKnIo3wtVPmF6eCNCwrJZcDV_y8g,BR1_3252848291,16.12,14.0,11.0,10.169,1
9.7591,0.3253,0.0813,0.0,0.1208,0,0.0,6.6909,0.4723,0.3149,0.4375,0.2194,0,0.0833,8.1099,0.3956,0.2967,0.3125,0.2292,0.0,0.0,0,ytYNIfvtsgxf96anDtMp6HwKndesX1yGUxvm-GfCtgex1CzS-aTi0gAiR09zYkbZwVL1U3RpP7MuTg,BR1_3252686034,16.12,12.296,12.704,10.111,0
6.2083,0.2922,0.1461,0.4375,0.2627,2,0.4,7.1627,0.4421,0.1769,0.3333,0.2492,1,0.125,3.6211,0.4875,0.4178,0.7059,0.3612,3.0,0.0667,1,WSo7_9p18PDFIFSDqhLbFshZX0oQbgMs5pTGyD6Zbwb2mAtu7BRWpXgRHEVTXARJC00XZ0Yb-1P8fg,BR1_3251877815,16.12,13.691,11.309,14.36,0
6.783,0.3717,0.0929,0.0,0.2142,0,0.75,1.5452,0.0702,0.0,1.0,0.1708,0,0.5,,,,,,,,0,tJqi400ATmucJ1WK0oY0awm7S-RweaPy2eHxH1qNcv5UMVnqGRASDOjieNzqYQ8bChQEJy_IsNL4mw,BR1_3252568595,16.12,10.762,14.238,-12.993,1
7.7857,0.3571,0.2143,0.2,0.3256,0,0.0,9.0,0.3636,0.2727,0.1429,0.2137,1,0.0,8.8863,0.3332,0.0,0.7692,0.3471,3.0,0.0,0,EdyMmwCyTGy1d5K6jPmSLvmZN9njLPE-IyhQ2ir5meuxe3MoIqZnx9jiw2bcVfFPTgjQBBU2Xx16ig,BR1_3250244443,16.11,14.0,11.0,9.003,1
6.7143,1.1429,0.0,0.1667,0.1913,1,0.0,3.5455,1.5455,0.2727,0.375,0.1495,1,0.1111,7.8775,1.2438,0.4146,0.0,0.1754,0.0,0.3333,0,QRv2xF9FO4Psf_TTWd7zgfx7Moke5nzYxQTv8ONMRa6UI36k3sWJUP3tirG0f32853Q4N79sVrGwvA,BR1_3251906518,16.12,14.0,11.0,2.412,0
6.0384,0.0929,0.1858,0.5455,0.2768,1,0.0,4.5539,0.198,0.594,0.625,0.1709,0,0.2667,8.7478,0.0,0.0,0.0,0.2725,0.0,0.0,0,QRv2xF9FO4Psf_TTWd7zgfx7Moke5nzYxQTv8ONMRa6UI36k3sWJUP3tirG0f32853Q4N79sVrGwvA,BR1_3252720612,16.12,10.764,10.101,0.8,0
5.6314,0.3362,0.2522,1.0,0.2717,2,0.0,9.3477,0.2526,0.2526,0.5714,0.2731,1,0.0526,8.3555,0.7596,0.3038,0.1667,0.2691,0.0,0.375,0,gPkDaebGY5pMFcvrmMScQ9UlGU5gA8-EDD2rEtJqs4Axmz6VXXY-BMaskAJsGnn3zqAipZpI6JDfiA,BR1_3252644913,16.12,11.898,11.875,6.582,0
6.1039,0.2543,0.1696,0.2,0.2167,1,0.0,4.6197,0.4544,0.2272,0.2609,0.2518,4,0.0556,5.3219,0.0,0.887,0.6,0.1382,0.0,0.0,0,RYop7vaLo_aYIByO7rpmvQco-kgBifMMABLoE1cwdU6Ka6tkHo5a-tFEnvmbofXWU7Ce8sE7xvH_Tg,BR1_3248811295,16.11,11.796,13.204,1.127,1
0.0,0.0,0.0,0.0,1.0,0,,0.0,0.0,0.0,0.0,,0,,,,,,,,,0,GwmBfuzcaXkXQKhtDwV_giYStT_F4LLlx40GUDcijB9ikuumzi-ISD3rzILx5j_8wgmo3qcVBEf4Mg,BR1_3252747950,16.12,14.0,11.0,-23.699,1
6.5757,0.3288,0.1644,0.25,0.1724,0,0.0,5.6101,0.3117,0.1558,0.5882,0.1982,1,0.1429,3.7793,0.0,0.3286,0.6,0.3461,0.0,0.1667,0,NtWIOYCWgE2-BzT6J8hrSVvKoMgbjk2I0ZUay-jN3MOAgjNCW8wEHj1lWfA5wXBzf_4HpDQVz0pU_w,BR1_3252292187,16.12,12.166,12.834,6.086,1
0.0,0.0,0.0,0.0,0.0,0,,0.0,0.0,0.0,0.0,,0,,,,,,,,,0,5RcEVGxu00ZyqOJuTlRLoTcCPvdzWqn5n42PyDFaXGizjGaedXIQziIxCrF6kqBZjbu8nm2DpLsB9A,BR1_3250260141,16.11,14.0,11.0,-23.878,1
6.9286,0.2857,0.1429,0.4667,0.215,1,0.5,7.5611,0.6377,0.1822,0.3636,0.2213,2,0.2727,3.4515,0.4314,0.4314,0.5,0.2576,0.0,0.0,0,mddREOuXPBvaOKX5sK1UL256rkDZUPP_3R1vyGt_GrVqCVPMzSQMjzNyP-6GWLad4KkTDC3ynyfSOg,BR1_3252598900,16.12,14.0,10.977,2.318,1
7.9081,0.2876,0.0719,0.1818,0.2601,2,0.0,7.2136,0.3607,0.3607,0.2917,0.2192,3,0.1818,2.0792,0.0,0.3199,0.6667,0.2632,1.0,0.25,0,WdGDFFJT49BLLEhBhX4G9TWEYGv_LP7YMpJO9VumhtELsO4qKXYgDSzWE7Ot945HmZiarEEAr0hBFA,BR1_3252553872,16.12,13.91,11.09,6.252,1
7.4345,0.4552,0.1517,0.4286,0.2798,0,0.0,10.5027,0.7327,0.2442,0.5455,0.2362,2,0.0,7.3604,0.6465,0.3979,0.3478,0.2509,1.0,0.08,0,XZmeGAtOjdqW7TXDg1Fs0vKLBT8XUlhnIYeT3xuTIcLWf0tZlWfvHb3PEK6u1jZ3kgmt5T9uwVXtTw,BR1_3252736675,16.12,13.182,8.188,20.107,0
1.0,0.0,0.0,0.0,0.0131,0,,0.0,0.0,0.0,0.0,,0,,,,,,,,,0,29xoXQ5joQxQnU8ZjEJLmTNJ-JAZjJ6Ry7RYyOFap9papMZKDhdIPAcy3_A__4-OX9kQppT_J7EoNQ,BR1_3252656074,16.12,14.0,11.0,-21.835,0
6.7857,0.1429,0.1429,0.6667,0.3188,3,0.0,7.3636,0.0909,0.1818,0.4444,0.1929,3,0.1,3.3634,0.2925,0.4387,0.6,0.3353,0.0,0.1818,0,yOwj4no3PYMFJKBbhhjnj_ilRVWk-ZZSmdngfFiWXDlsI_b0jse9Yz-0GOskkihisWF0lUpXatFrvw,BR1_3252066620,16.12,14.0,11.0,6.838,0
2.5,0.2143,0.5,0.3889,0.2554,4,0.0,5.9025,0.3162,0.3162,0.32,0.2208,1,0.0,6.6379,0.0,0.3688,0.5,0.1658,0.0,0.0,0,f_sKjC_jT_uVFmw_P9yYuS3xiURzydAf5BgIWs_5loxMiVzq0UgK2PV2NWO_g-B73m9B6IW-kAAeQw,BR1_3252548340,16.12,14.0,9.487,2.712,1
0.7143,0.0,0.0,0.0,0.1828,0,,0.0,0.0,0.0,0.0,,0,,,,,,,,,0,L6-pVFPDVQCqWwIG59YuHmkIouBbccpjbJPHDE4EfLA5MiMjR7b1YH4BNJB48EGiPEbRT8E9zKX-1g,BR1_3252821404,16.12,14.0,11.0,-23.063,1
2.2102,0.3844,0.3844,0.5,0.1743,0,1.0,1.6445,0.2741,0.137,1.0,0.2515,1,0.0,,,,,,,,0,IXyXv4_o8F2QVvnMk9sbzUH5imX4YDGMmquRVNGcm3j_Lmu1k8-i2Ki3HNYyJm4DcpaWzhNMGKzFDQ,BR1_3252644078,16.12,10.406,14.594,-9.762,0
8.1749,0.3856,0.0771,0.1,0.0808,0,0.0,4.6537,0.0831,0.0831,0.3333,0.0399,1,0.0769,0.0,0.0,0.0,0.0,0.0,0.0,0.0,0,Z2Q5SR4t5ek_GtKViZsd2BdzhlfhqwYXqkcNSbH1WAtsJCU5tKI6ezonLIQe_TZlFWkuU47v2ycqFQ,BR1_3252327889,16.12,12.967,12.033,10.538,0
7.5365,0.2724,0.0908,0.1667,0.1891,0,0.0,5.9459,0.2787,0.1858,0.3077,0.1817,1,0.3333,4.9751,0.0,0.0,0.3333,0.203,0.0,0.5,0,ho7blAjhBR_p0E_cbM310vniSogbA8-2NB0DpNpQZ0BECGkY22V86aovuMfZnnXjxR4oBuWKqT18iQ,BR1_3248031596,16.11,11.013,10.764,2.211,0
5.4286,0.1429,0.4286,0.0,0.1819,0,0.0,8.8182,0.3636,0.2727,0.25,0.1238,0,0.2222,11.096,0.402,0.2412,0.25,0.1802,1.0,0.0,0,Qr-OWwA5xByikrXhi90VZOTXf8Q6M3OSU1uQPbIFz8DaVmpsC-wgouOB6VqPicqHFuFmEnL98wMYDg,BR1_3252587374,16.12,14.0,11.0,12.437,0
5.2075,0.0744,0.372,0.1765,0.1463,1,0.0,7.7507,0.4627,0.347,0.75,0.2428,1,0.125,2.9548,0.1738,0.6953,1.0,0.3769,0.0,0.3,0,WSo7_9p18PDFIFSDqhLbFshZX0oQbgMs5pTGyD6Zbwb2mAtu7BRWpXgRHEVTXARJC00XZ0Yb-1P8fg,BR1_3251796729,16.12,13.442,8.644,5.753,0
7.5829,0.383,0.0766,0.125,0.0789,0,0.0,11.224,0.3563,0.0,0.5333,0.1731,0,0.0833,9.7625,0.5374,0.1791,0.3,0.1501,1.0,0.1538,0,tJqi400ATmucJ1WK0oY0awm7S-RweaPy2eHxH1qNcv5UMVnqGRASDOjieNzqYQ8bChQEJy_IsNL4mw,BR1_3252593134,16.12,13.056,11.226,11.165,1
5.8571,0.3571,0.0714,0.6667,0.3466,1,0.2,4.5455,0.3636,0.2727,0.6364,0.2829,0,0.125,4.8032,0.1601,0.1601,0.5714,0.1177,0.0,0.2,0,JP98zTMNq0vuohV9_xinuwh-mzhAYhS9fydpPve-XPgMlwyjv4h8AQbwbyDMmsslCnDKh-LhSWKq0w,BR1_3252639650,16.12,14.0,11.0,6.246,1
8.3575,0.3246,0.0811,0.4167,0.3907,2,0.0,5.8807,0.4705,0.1176,0.6923,0.2334,0,0.0,5.9211,0.3289,0.1645,0.5,0.2129,0.0,0.1,0,a5ifg9O95LhmYN83Mg-Al63ByL38mzkHLTn9_nMHhTwhTmvy0T9H5P6604Ik18hY0CJ7YJNX_R8GRQ,BR1_3252513659,16.12,12.324,8.502,6.08,1
8.0,0.4286,0.4286,0.2857,0.1867,2,0.0,6.5455,0.3636,0.3636,0.8,0.3784,0,0.1111,,,,,,,,0,vQ_m9MuJ0QC6x5AXMLjd7vpfcwq72TFdieqK7k9ZgeT9wR2lEhBGX87rZRKmsc-FWR2OdzeBJbsUjg,BR1_3252814146,16.12,14.0,11.0,-3.657,0
6.0933,0.0983,0.3931,0.3333,0.2734,2,0.0,3.1704,0.1349,0.2698,0.6667,0.3665,1,0.2727,,,,,,,,1,cCQePUBjZQ7QYYBLLWk49_O9XzxjjmEaC_ObtVSrZwcEetkGbzdyMvRSpQw0EdKaBF1sY6f3A9Z7Tw,BR1_3251777178,16.12,10.175,14.825,-6.235,0
8.5714,0.2857,0.0714,0.375,0.2617,3,0.0,8.8182,0.4545,0.1818,0.7143,0.3853,3,0.4286,9.296,0.4427,0.1476,0.4,0.2131,0.0,0.3333,0,Q4m0CXBC6QUdhnnMuYRhIyPBvgPzxYfIizD3NgRshN5FfrXvXk2RxMkd_3bEkLzNd_Rrl9QCw7CdEA,BR1_3252180097,16.12,14.0,11.0,6.777,1
5.0714,0.3571,0.3571,0.5455,0.2647,3,0.2,4.3636,0.5455,0.4545,0.5882,0.3017,1,0.1111,7.5927,0.4898,0.2449,0.75,0.3064,4.0,0.0,1,KIcWNnApypcbjFqdnR3U52OphyPgiw0R7axCVJdpwn6oHOyCLgIANUVp4K3q_f_qg6vaEh0vBusB1w,BR1_3252782426,16.12,14.0,11.0,12.249,0
0.1429,0.0714,0.0,0.0,0.3686,0,,0.0,0.0,0.0,0.0,,0,,,,,,,,,0,78Be_63SBD4w3DgknftWP5Xg06GYsS5FEO8NKOwEVj6VgDudxvkb3mvyd4DsdoEcFx4rtJefI84J5w,BR1_3252737794,16.12,14.0,11.0,-23.743,0
8.1054,0.4013,0.0803,0.25,0.2239,3,0.0,7.0977,0.5582,0.319,0.3333,0.2026,0,0.1818,4.9425,1.2814,0.1831,0.5,0.2652,2.0,0.0714,0,CEb6Bgxx-BCDTpVbbSSxAOokxyp9VCjKWxCt6ewkQwdoK1LgjPvCc6IDIvOlA_Ahr2jJIOEv2ZmSxA,BR1_3246961850,16.11,12.461,12.539,10.926,1
6.9286,0.4286,0.1429,0.0909,0.1539,0,0.0,7.0909,0.6364,0.0909,0.0833,0.076,0,0.0833,1.8123,0.0,0.4531,0.0,0.0618,0.0,0.0,0,EWyRFhXERE_3oJL20azLza_804fM_QrWbFtSv_2WxBitf4-fE_hBXsD7v2nYq90EbFTsY3hrNX-o_w,BR1_3252700243,16.12,14.0,11.0,2.207,0
6.3324,0.3423,0.5134,0.0833,0.2614,0,0.0,5.8585,0.3004,0.6009,0.2857,0.2232,0,0.2,9.0959,0.2934,0.2934,1.0,0.1825,0.0,0.2857,0,AsX6WEhcJm9nqUuA0XKORQ_4rJkvgNgzQhfpmTVM7k2W2Kk_k2YYjGoGEuFAWnQlAJ77fCgfeeFx1w,BR1_3252194847,16.12,11.686,13.314,3.408,0
5.8466,0.2579,0.3439,0.4,0.3623,1,0.0,8.8548,0.398,0.2985,0.4286,0.1686,1,0.0833,9.4028,0.2474,0.4949,0.5,0.3175,0.0,0.1,0,f_sKjC_jT_uVFmw_P9yYuS3xiURzydAf5BgIWs_5loxMiVzq0UgK2PV2NWO_g-B73m9B6IW-kAAeQw,BR1_3252565677,16.12,11.631,10.051,4.041,0
6.5,0.3571,0.0714,0.6,0.3081,5,0.0,8.6364,0.5455,0.0909,0.5,0.1725,0,0.1818,4.2455,0.4653,0.2908,0.4444,0.1706,1.0,0.3529,1,SRc1FSD7esblymiMO7Mp1znyCAHi7WCRVBezzTy3jL3b7C1M_mmLKPsZtmw8Sf2Xa4AOxjC79BKyAA,BR1_3252789982,16.12,14.0,11.0,17.195,1
6.1429,0.4286,0.0714,0.3333,0.1855,2,0.0,7.8182,0.3636,0.2727,0.2857,0.0746,0,0.1818,6.0835,0.6208,0.1242,0.3077,0.0842,0.0,0.0,0,78Be_63SBD4w3DgknftWP5Xg06GYsS5FEO8NKOwEVj6VgDudxvkb3mvyd4DsdoEcFx4rtJefI84J5w,BR1_3252724759,16.12,14.0,11.0,8.055,1
5.8435,0.2191,0.2922,0.4545,0.2285,2,0.4,3.8905,0.2653,0.4421,0.3,0.263,0,0.4375,,,,,,,,0,NrL9s5r2afHvVFEmOWmAHdr8V7m_fzWEduSW6Af6Jq9jg4Jm94GYHujaHEbLAJfs4I5wqSt8v4qyMw,BR1_3252840877,16.12,13.691,11.309,-1.651,0
6.0644,0.3838,0.2303,0.25,0.2214,0,0.0,8.4576,0.3488,0.3488,0.3333,0.1373,1,0.0833,0.8049,0.0,0.8049,0.0,0.1872,0.0,0.1429,0,jcpJlZoHj7Pe3a1IVbRjfqnlIk3xGmMB_88LBQQQjG7r5ML0jQuRYuQ5aCGw4W4CLMSqM5riBeTrlQ,BR1_3252691423,16.12,13.027,11.469,2.485,0
4.2143,0.2857,0.1429,0.4,0.165,0,0.2,7.4714,0.3179,0.159,0.25,0.1297,0,0.25,3.742,0.1701,0.1701,0.0,0.1409,0.0,0.2308,0,ur7lCS205A8n2DGoh3dE6dMgObFK2et4UWlkiLoD5lW2tPyYBvowQMRQJVdWVkt8RQ7IIxaZVYmQbA,BR1_3251135600,16.12,14.0,6.291,5.879,0
8.1429,0.2143,0.1429,0.5455,0.2541,4,0.0,7.5455,0.3636,0.1818,0.5,0.3729,4,0.4286,6.7887,0.1151,0.3452,0.55,0.3889,4.0,0.1818,0,8FZWeDg4WFRlZZFWNDa0mk9IJAhk6sSYRFPEWsjVdhQeG3VSsne1aBsIYUNao9RESKkuFMp4nEpSPA,BR1_3248073749,16.11,14.0,11.0,8.691,1
6.8823,0.3128,0.3128,0.6,0.3966,2,0.0,10.6439,0.5731,0.3275,0.3077,0.1868,0,0.0909,11.5536,0.7968,0.0,0.3333,0.1364,1.0,0.3333,1,XZmeGAtOjdqW7TXDg1Fs0vKLBT8XUlhnIYeT3xuTIcLWf0tZlWfvHb3PEK6u1jZ3kgmt5T9uwVXtTw,BR1_3252794257,16.12,12.786,12.214,2.51,1
5.2143,0.3571,0.1429,0.35,0.2365,3,0.0,2.7273,0.1818,0.2727,0.5714,0.2159,0,0.2,4.1627,0.3083,0.0,0.4,0.1818,1.0,0.375,0,tn089FtrOikzTyKw_4IOkb_pU8WBkZTGEGB3KKLeu-2K2VbDCLv-lU7aaXgldq3xJxMC0neuCjtZGQ,BR1_3252721360,16.12,14.0,11.0,6.486,1
9.2342,0.5894,0.0982,0.6667,0.3805,6,0.0,9.244,0.4048,0.2699,0.5238,0.2793,4,0.1176,9.4168,0.3924,0.0,0.8,0.2549,1.0,0.25,1,qFg-2IZP633Y62fB_lj_0f95rM8fQM8l3wdrDVdct0qDM00u8C6roZ_UR9yEr_mpq9nGgWTAE0Vx3A,BR1_3252742036,16.12,10.18,14.82,2.549,1
5.4286,0.5,0.1429,0.7273,0.4297,4,0.0,6.0,0.7273,0.2727,0.3889,0.358,0,0.25,6.8781,0.9826,0.3275,0.4667,0.2321,0.0,0.125,0,CvoDTkDtoDPnxXgugaPQJT76ue7-tBrE2GbFT0D85V8fdAoR3M5rsP50quSwZVXPLECI26bZmvdF2A,BR1_3252130450,16.12,14.0,11.0,12.213,0
3.2027,0.2288,0.4575,0.0,0.2086,0,,5.1542,0.3077,0.4616,0.3333,0.1672,0,0.1875,14.0509,0.0,0.0,0.0,0.1359,0.0,0.5,0,m80GvtA5xoIu4hmN1V135z3R-gcMn82VUcEzCKplbHB_5JUXOrDZZfnwWRSDzhuxHYFxDpuC_lyalA,BR1_3252534514,16.12,8.743,12.999,0.712,0
5.9286,0.3571,0.0714,0.2941,0.2243,0,0.0,8.6406,0.3798,0.095,0.3077,0.1367,1,0.3,3.2439,0.4634,0.2781,0.6154,0.1865,0.0,0.2143,0,IXyXv4_o8F2QVvnMk9sbzUH5imX4YDGMmquRVNGcm3j_Lmu1k8-i2Ki3HNYyJm4DcpaWzhNMGKzFDQ,BR1_3252815994,16.12,14.0,10.532,10.789,0
7.5,0.2143,0.0714,0.44,0.2251,0,0.5,9.6536,0.1322,0.1322,0.2857,0.222,2,0.1429,8.2357,0.405,0.135,0.5172,0.2864,3.0,0.1579,0,R7c0iIGYXQaYZG1AdMkOybF5ChkA-uGFEGyJlxJNKYIBgA9M9BUs5T3xyLbQGWgjfV1MQ1M_dY9qqA,BR1_3252032567,16.12,14.0,7.562,14.814,1
6.2857,0.2143,0.1429,0.2222,0.239,1,0.0,7.6026,0.3754,0.1877,0.2381,0.1073,0,0.0909,7.008,0.1797,0.0,0.6667,0.1546,0.0,0.0909,0,nK5wt9cb5G1wgRBrKGdE01hud1D_taR8zs7kX0e4PpqKN48PdWPIypYTTmG1r7sFe3LzORTVnY6MhA,BR1_3251744286,16.12,14.0,10.654,5.565,1
6.768,0.3709,0.0927,0.2857,0.2758,1,0.0,7.2464,0.4221,0.1407,0.4545,0.2807,1,0.3077,9.1603,0.5388,0.1796,0.3333,0.3626,0.0,0.2222,0,ho7blAjhBR_p0E_cbM310vniSogbA8-2NB0DpNpQZ0BECGkY22V86aovuMfZnnXjxR4oBuWKqT18iQ,BR1_3248043703,16.11,10.786,14.214,5.567,0
7.2143,0.5,0.2143,0.2857,0.3577,1,0.0,6.6364,0.3636,0.2727,0.5833,0.2224,0,0.1,3.7646,0.348,0.4113,0.5745,0.195,1.0,0.1034,0,Qr-OWwA5xByikrXhi90VZOTXf8Q6M3OSU1uQPbIFz8DaVmpsC-wgouOB6VqPicqHFuFmEnL98wMYDg,BR1_3252287664,16.12,14.0,11.0,31.61,1
0.0,0.0,0.0714,0.0,0.3553,0,,0.0,0.0,0.0,0.0,,0,,,,,,,,,0,NrL9s5r2afHvVFEmOWmAHdr8V7m_fzWEduSW6Af6Jq9jg4Jm94GYHujaHEbLAJfs4I5wqSt8v4qyMw,BR1_3252795793,16.12,14.0,11.0,-23.543,0
7.3571,0.2143,0.0714,0.5,0.317,0,0.0,10.0,0.2727,0.2727,0.3333,0.2725,0,0.1,4.1074,0.1956,0.3912,0.6667,0.2611,0.0,0.2727,0,M8AkDoq7iFNxFpBbLxFA6BCz3TnNfbQ74DdY1IkpFyZ5ndZ9TSrGZ1qzGhEdbrkksA3xj-FsGdWoYA,BR1_3251932724,16.12,14.0,11.0,5.113,0
8.5029,0.2858,0.0715,0.3846,0.3644,3,0.0,9.9481,0.635,0.2117,0.5882,0.3837,5,0.2727,4.4729,0.0,0.2156,0.5862,0.2647,2.0,0.0,0,gPkDaebGY5pMFcvrmMScQ9UlGU5gA8-EDD2rEtJqs4Axmz6VXXY-BMaskAJsGnn3zqAipZpI6JDfiA,BR1_3252837670,16.12,13.995,9.449,18.556,1
7.4286,0.3571,0.0,0.6667,0.1624,0,0.2,6.7273,0.4545,0.1818,0.5833,0.289,1,0.1429,4.0941,0.2047,0.2047,1.0,0.241,0.0,0.0,0,9rEmrenPzReiqkdf0Xmc41uNacC-zjkx-jfw6OlrKoWGhkg-L_KmlNdce5-o8xblCOKMN1WtO-HbqA,BR1_3252589331,16.12,14.0,11.0,4.885,1
0.2143,0.0714,0.0,0.0,0.8422,0,,0.0,0.0,0.0,0.0,,0,,,,,,,,,0,YV-n2n8naJcABbIucWwOpdQiIib4oW4Fk3_IonVEOVMqPkqN5onbl_ktdrApLQqpFver7FXgD9N8pg,BR1_3252878100,16.12,14.0,11.0,-23.685,0
7.2143,0.2857,0.1429,0.0909,0.155,1,0.0,6.4545,0.1818,0.2727,0.3077,0.1344,1,0.1,5.4823,0.347,0.2776,0.303,0.1946,2.0,0.2667,1,ur7lCS205A8n2DGoh3dE6dMgObFK2et4UWlkiLoD5lW2tPyYBvowQMRQJVdWVkt8RQ7IIxaZVYmQbA,BR1_3251048025,16.12,14.0,11.0,28.82,0
0.2857,0.0714,0.0,0.0,0.0,0,,0.0,0.0,0.0,0.0,,0,,,,,,,,,0,zqMhO1YX_oxAT-c-xc0qppWBuRfWw6dgR3eCcor6LOYUfBJQL6tdgAp6rHVsK02snuhJt3aSKwCJqA,BR1_3252825550,16.12,14.0,11.0,-23.453,1
0.2857,0.0714,0.0,0.0,0.2651,0,,0.0,0.0,0.0,0.0,,0,,,,,,,,,0,CvoDTkDtoDPnxXgugaPQJT76ue7-tBrE2GbFT0D85V8fdAoR3M5rsP50quSwZVXPLECI26bZmvdF2A,BR1_3251790179,16.12,14.0,11.0,-23.618,1
7.6429,0.3571,0.0714,0.1538,0.0985,0,0.0,3.5455,0.3636,0.2727,0.5,0.2236,0,0.0833,8.047,0.4877,0.4877,0.5,0.1516,0.0,0.25,0,UZvjKNrQ6wVxGwy61PFcvOPItClfQhnwirB-HNy5bCH6dhMT90c5UMNz2WR_MBU56E8bdgZyeITYsw,BR1_3250933536,16.12,14.0,11.0,8.202,0
7.8295,0.348,0.0,0.75,0.2814,2,0.0,11.803,0.3883,0.1553,0.6,0.2184,1,0.1176,19.9228,0.0,0.8301,0.0,0.678,0.0,0.25,1,bnOFktu2-P3JoT34frC1ydmRqDpMqP7dIi2EQMHovxWSdq5X_uFt-1j3BcYYbtJ2cWR26TVYOaK9xw,BR1_3252635321,16.12,11.495,12.878,1.205,0
6.9026,0.3595,0.0719,0.0909,0.1327,1,0.0,4.5076,0.3606,0.3606,0.5833,0.2903,1,0.1111,0.0,0.0,0.0,0.0,0.4028,0.0,0.5,0,IN3H3miS7ePWEvYsojGldHTyrYSe7y-rK5S3qMso5Hf6vE2P3T_DmVpKCg0LNqDlQCv0Rt43OA31Uw,BR1_3251974730,16.12,13.908,11.092,0.307,0
6.2882,0.3267,0.0817,0.3333,0.2027,0,0.0,8.5191,0.3829,0.0957,0.2,0.2711,1,0.1,5.4116,0.2122,0.3183,0.6364,0.1955,1.0,0.1429,0,GJME4VNOHd9V6unqO-9JzeYaicOX9bYgRdWjfieK1OOc74KNtwfWGmu1bkFkmGpV16SwWudhQ4sarg,BR1_3252826647,16.12,12.245,10.447,9.424,1
6.5,0.6429,0.0,0.4286,0.2395,0,0.0,5.6364,0.8182,0.2727,0.8571,0.2789,1,0.1111,,,,,,,,0,tghL6-3ozOMyguImqsSV2OonKjaQgkDtFoOP-s2Jtsbm5DtJ1DsJEwVuPd6u48Kzl9Qr0QEWXuhg0g,BR1_3250248779,16.11,14.0,11.0,-0.386,0
9.5974,0.0,0.244,0.5,0.3363,0,0.0,8.1071,0.3148,0.2361,0.4706,0.2833,4,0.2,13.7206,0.5965,0.2983,1.0,0.2331,1.0,0.125,0,WSo7_9p18PDFIFSDqhLbFshZX0oQbgMs5pTGyD6Zbwb2mAtu7BRWpXgRHEVTXARJC00XZ0Yb-1P8fg,BR1_3251710037,16.12,12.295,12.705,3.353,0
7.2857,0.1429,0.0714,0.125,0.1221,0,0.0,2.5455,0.0909,0.0909,0.0,0.1571,0,,,,,,,,,0,b_p7lsrKf2mFmuGVTOh8hi6vXbXsZxE1zsxXAMJRxBlNNTf69Kksu1hCwKWZTJ6QssYus0ylp6vymw,BR1_3250837536,16.12,14.0,11.0,-8.006,0
6.2358,0.3849,0.077,0.3846,0.2558,2,0.0,8.2427,0.4996,0.0833,0.5833,0.2449,4,0.375,7.2825,0.4046,0.1349,0.4167,0.2025,1.0,0.2222,0,nK5wt9cb5G1wgRBrKGdE01hud1D_taR8zs7kX0e4PpqKN48PdWPIypYTTmG1r7sFe3LzORTVnY6MhA,BR1_3248714023,16.11,12.989,12.011,7.415,1
4.1429,0.1429,0.2857,0.75,0.4212,4,0.5,0.0,0.0,0.0,0.0,,0,,,,,,,,,1,WSo7_9p18PDFIFSDqhLbFshZX0oQbgMs5pTGyD6Zbwb2mAtu7BRWpXgRHEVTXARJC00XZ0Yb-1P8fg,BR1_3251877068,16.12,14.0,11.0,-13.954,1
6.2143,0.5,0.2143,0.7143,0.3317,1,0.0,11.2827,0.688,0.2752,0.3571,0.232,2,0.1429,5.7577,0.7197,0.3084,0.2667,0.1688,0.0,0.1,0,UvY7nGhotqjQO75nUYe14s-VifswQcL_q0_hm2WjJHvC50pm590fJuccdk9YEH9nLNpasmoOSeJffA,BR1_3247622206,16.11,14.0,7.268,9.726,1
6.3571,0.2857,0.1429,0.4375,0.3,1,0.2,8.2586,0.6194,0.0,0.3,0.2375,5,0.2857,5.4354,0.7179,0.4102,0.48,0.3415,2.0,0.1667,0,cCQePUBjZQ7QYYBLLWk49_O9XzxjjmEaC_ObtVSrZwcEetkGbzdyMvRSpQw0EdKaBF1sY6f3A9Z7Tw,BR1_3251659466,16.12,14.0,9.687,9.751,1
8.3178,0.2446,0.0815,0.0909,0.1049,1,0.0,8.9054,0.4498,0.3598,0.3571,0.1119,0,0.0833,4.6018,0.6471,0.3595,0.4286,0.2847,0.0,0.5833,0,dfFpF8dKHmsGWmHeyOuCiLqc-g-yOtsiWbhiTB-zho3eOuSeDKsKnIo3wtVPmF6eCNCwrJZcDV_y8g,BR1_3252747151,16.12,12.263,11.117,13.908,0
7.2857,0.4286,0.1429,0.1429,0.2171,1,0.0,7.6364,0.5455,0.0909,0.6429,0.2053,1,0.2222,6.5024,0.8714,0.2011,0.44,0.2128,2.0,0.3125,1,2ApDGMHfIkhn_kS37HwsX4XUN6K_OWEaWrZi-nDnmGyiVhP6_MqXe1tsNqyHxEy0Az6wE5d1H8XCSA,BR1_3252719451,16.12,14.0,11.0,14.918,1
6.4923,0.3864,0.2319,0.4545,0.2225,3,0.2,8.6986,0.5369,0.2148,0.3333,0.2237,2,0.2,2.4208,0.2848,0.1424,0.3889,0.1565,0.0,0.5455,1,QcDd9G6KWcOkFj_y3u5A7WgYAQV1gJZvNF2X0We3QBL4jmVuNM2VpDRHK-nyV8d3BvYJSg_ARnQH5w,BR1_3252784972,16.12,12.938,9.312,7.022,1
8.6123,0.219,0.073,0.2,0.2305,1,0.0,6.5253,0.4728,0.1891,0.8333,0.3097,0,0.0,1.573,0.3146,0.2097,0.6154,0.2591,0.0,0.1176,0,R7c0iIGYXQaYZG1AdMkOybF5ChkA-uGFEGyJlxJNKYIBgA9M9BUs5T3xyLbQGWgjfV1MQ1M_dY9qqA,BR1_3252447789,16.12,13.701,10.574,9.536,1
9.2857,0.5,0.0714,0.4286,0.1282,0,0.0,8.7273,0.2727,0.3636,0.2353,0.1712,0,0.1111,9.108,0.7286,0.0,0.3333,0.1518,0.0,0.25,0,mH9Qfe2qwdxNPl-Fh2UpbySJoX6rrrJg2TrTx0ZPKVNgFbmZlNzlpfeh6ynx85WZ51O9okFoj9s6vw,BR1_3252063484,16.12,14.0,11.0,5.49,1
4.1429,0.0714,0.4286,0.1667,0.1946,0,0.0,3.3636,0.4545,0.5455,0.3333,0.1177,0,0.3333,5.7169,0.0,1.0394,0.5,0.1215,1.0,0.0,0,5KdHm2xBCmdwakKhX8Q3NMQ3oMZR2YU0pjBQzh4nB5w9tcHsiO4R_lA_qTFQRhvPtiw5KXKUhessRg,BR1_3250578582,16.11,14.0,11.0,1.924,0
5.4206,0.4517,0.2259,0.2,0.0935,1,0.0,6.4687,0.3405,0.4539,0.5,0.1735,0,0.4286,8.4018,0.2049,0.3074,0.5833,0.2834,0.0,0.2667,0,SRc1FSD7esblymiMO7Mp1znyCAHi7WCRVBezzTy3jL3b7C1M_mmLKPsZtmw8Sf2Xa4AOxjC79BKyAA,BR1_3252786404,16.12,13.283,8.812,9.76,0
6.4225,0.3568,0.0892,0.0,0.0731,0,0.0,8.1221,0.3493,0.1747,0.2222,0.1936,0,0.0,2.8694,0.4782,0.4782,0.75,0.4123,0.0,0.3333,0,YV-n2n8naJcABbIucWwOpdQiIib4oW4Fk3_IonVEOVMqPkqN5onbl_ktdrApLQqpFver7FXgD9N8pg,BR1_3252810147,16.12,11.211,11.45,4.182,0
7.8287,0.228,0.076,0.2,0.2465,1,0.0,5.4884,0.3377,0.2533,0.4375,0.1662,0,0.0909,7.4261,0.2912,0.2912,0.25,0.1053,0.0,0.1111,0,0DDlx4jWKb2TwTD_n9096jPYvQithEzVzfBPTZ_9JF4AlgLp-MF41GqNbw1prpzvWrZGiuDhxJ5QGQ,BR1_3252194473,16.12,13.157,11.843,6.868,0
3.6501,0.2281,0.3042,0.5333,0.3411,4,0.0,5.1478,0.422,0.2532,0.3182,0.2214,1,0.0,,,,,,,,1,cRNieDRj6dPQ2MhN7McPLFy4eSIWK3RR2MHOBVNGR4oakywJzwUZSHJDWy8qXFlXOiQtJ1XzSD5sLQ,BR1_3252524567,16.12,13.15,11.85,-1.938,1
6.4224,0.4587,0.3058,0.2,0.224,0,0.0,4.7816,0.5033,0.3355,0.5833,0.2141,1,0.125,15.5987,0.6782,0.0,1.0,0.269,0.0,0.0,0,Qr-OWwA5xByikrXhi90VZOTXf8Q6M3OSU1uQPbIFz8DaVmpsC-wgouOB6VqPicqHFuFmEnL98wMYDg,BR1_3252113998,16.12,13.079,11.921,1.474,0
7.7857,0.3571,0.0714,0.3846,0.2596,0,0.0,5.6364,0.3636,0.2727,0.5556,0.3443,0,0.3333,8.1945,0.2969,0.0,0.6538,0.3195,4.0,0.3125,0,bnOFktu2-P3JoT34frC1ydmRqDpMqP7dIi2EQMHovxWSdq5X_uFt-1j3BcYYbtJ2cWR26TVYOaK9xw,BR1_3252587855,16.12,14.0,11.0,16.84,1
5.7857,0.4286,0.5,0.3333,0.2435,2,0.2,10.2968,0.2783,0.3711,0.1667,0.1112,0,0.1667,10.9068,0.1818,0.1818,0.0,0.0593,0.0,0.1667,1,qFg-2IZP633Y62fB_lj_0f95rM8fQM8l3wdrDVdct0qDM00u8C6roZ_UR9yEr_mpq9nGgWTAE0Vx3A,BR1_3252756895,16.12,14.0,10.78,5.501,1
4.7857,0.1429,0.5,0.375,0.1758,0,0.0,6.1872,0.4125,0.4125,0.1875,0.1417,0,0.2,5.3159,0.5316,0.2658,0.6111,0.2409,2.0,0.3571,0,YshLWzXv-O0fMLGfAUa5o9aDkqyPBj4E2CZCdUQWFbdrQ3Aul2zwmgdAYl5TYsLuDRODJRpxjLKTew,BR1_3252754313,16.12,14.0,9.697,18.812,0
6.7143,0.4286,0.2857,0.4545,0.3035,3,0.0,8.1818,0.4545,0.2727,0.4615,0.2671,1,0.0,7.1133,0.4664,0.2332,0.5,0.3475,3.0,0.3636,0,Q4m0CXBC6QUdhnnMuYRhIyPBvgPzxYfIizD3NgRshN5FfrXvXk2RxMkd_3bEkLzNd_Rrl9QCw7CdEA,BR1_3252201919,16.12,14.0,11.0,17.151,1
9.0142,0.2931,0.0,0.1667,0.2751,1,0.5,8.9945,0.5552,0.111,0.25,0.2108,0,0.1111,6.8314,0.4671,0.2336,0.4545,0.2856,1.0,0.0556,0,4EG9eIp0ZVMaLXQjSNA6OyNXPz31MMI76GMO9QzZGrkwIQ7-aFe7EWO0nw8AhPCgJy74YhSVXvuI7Q,BR1_3252834769,16.12,13.645,9.006,17.127,1
5.0,0.3571,0.2143,0.1429,0.0987,0,0.0,8.2704,0.2712,0.2712,0.375,0.1325,0,0.0,6.0884,0.2686,0.4477,0.6667,0.3294,1.0,0.1875,0,8PMkBiKQbDrpV1LmrWwXJNtLk_XRZ1j_8EJXJD-sUbbYSFwbjS0p71N1halvq4QKYhq7aq0UOdKFow,BR1_3252522064,16.12,14.0,7.376,11.169,0
6.2857,0.2857,0.3571,0.125,0.2291,1,0.0,7.3636,0.5455,0.1818,0.2222,0.1293,0,0.1818,8.8092,0.5873,0.2517,0.5,0.136,0.0,0.0,1,NtWIOYCWgE2-BzT6J8hrSVvKoMgbjk2I0ZUay-jN3MOAgjNCW8wEHj1lWfA5wXBzf_4HpDQVz0pU_w,BR1_3252328765,16.12,14.0,11.0,11.919,1
7.1264,0.3608,0.3608,0.5,0.2168,0,0.0,5.462,0.3593,0.4312,0.2778,0.2002,0,0.2222,5.9582,0.3858,0.3001,0.4545,0.1537,0.0,0.2963,0,ytYNIfvtsgxf96anDtMp6HwKndesX1yGUxvm-GfCtgex1CzS-aTi0gAiR09zYkbZwVL1U3RpP7MuTg,BR1_3252656535,16.12,11.086,13.914,23.329,0
5.9708,0.4369,0.3641,0.25,0.2583,1,0.0,5.8581,0.4438,0.355,0.4,0.2381,0,0.125,4.7452,0.2673,0.2005,0.5789,0.2905,1.0,0.1,0,t-OtDaH5MD-uAzpAhm_YGvt1JUM7QWt6wU2y5781E_1SNaz2Nf_T_OQsan_B2lvKhk5lORoI9opknA,BR1_3250537122,16.11,13.733,11.267,14.963,0
5.1429,0.3571,0.2857,0.4615,0.269,0,0.0,4.1818,0.5455,0.2727,0.5556,0.3466,1,0.1429,9.6772,0.2481,0.2481,0.6,0.1876,1.0,0.0,0,ytYNIfvtsgxf96anDtMp6HwKndesX1yGUxvm-GfCtgex1CzS-aTi0gAiR09zYkbZwVL1U3RpP7MuTg,BR1_3252702947,16.12,14.0,11.0,4.03,0
6.3384,0.3674,0.0,0.125,0.2341,1,0.0,7.1321,0.3919,0.1567,0.5833,0.1916,2,0.0,6.0705,0.5575,0.1239,0.45,0.1524,1.0,0.0,0,yfUPgM0dK4uRFl3-IavjQjpTCQJNUtKdedfexjmle_QpcWsUDpV8pRuK-553TTWTvR6ofrjY8UALww,BR1_3248111566,16.11,10.886,12.759,16.144,1
5.4149,0.2321,0.1547,0.375,0.252,2,0.0,5.0527,0.4142,0.2485,0.4444,0.2755,2,0.0,3.0686,0.3836,0.3836,0.3929,0.1459,0.0,0.36,0,XqpqDikZBm9sH1h9vowa_mtZG20QvkdaX4O3fHKkhiiAjgzdiwv-01xuAptIvXek4wSp7_FXreiJdw,BR1_3252661243,16.12,12.927,12.073,18.249,1
6.7733,0.5292,0.2117,0.3333,0.2933,2,0.0,5.0157,0.5144,0.3215,0.3333,0.2589,0,0.2727,6.2693,0.6966,0.2322,0.6154,0.2884,0.0,0.1429,0,CvoDTkDtoDPnxXgugaPQJT76ue7-tBrE2GbFT0D85V8fdAoR3M5rsP50quSwZVXPLECI26bZmvdF2A,BR1_3252703784,16.12,9.449,15.551,12.92,0
5.5555,0.3704,0.3704,0.1176,0.1785,0,0.0,6.5218,0.6087,0.3478,0.1905,0.1105,0,0.1538,7.241,0.6034,0.3017,0.4286,0.1171,0.0,0.2,0,Q4m0CXBC6QUdhnnMuYRhIyPBvgPzxYfIizD3NgRshN5FfrXvXk2RxMkd_3bEkLzNd_Rrl9QCw7CdEA,BR1_3252335491,16.12,13.5,11.5,6.629,1
6.6349,0.0885,0.0885,0.5,0.1748,0,0.0,4.5998,0.4381,0.3651,0.7727,0.3823,2,0.2308,3.9778,0.2411,0.1607,0.8095,0.4207,5.0,0.05,0,P10SjysnZuhSSNxunhY4OPBPXn5i7ek-B0NMAvY6quyYUf46IxDSpF1K1MDteulie3BbXBE8SNBJvg,BR1_3252829065,16.12,11.304,13.696,24.888,1
6.6586,0.0765,0.2296,0.0909,0.1864,0,0.0,7.4973,0.4516,0.271,0.2632,0.1046,0,0.25,6.1302,0.5062,0.225,0.3704,0.1474,0.0,0.0909,0,nK5wt9cb5G1wgRBrKGdE01hud1D_taR8zs7kX0e4PpqKN48PdWPIypYTTmG1r7sFe3LzORTVnY6MhA,BR1_3251763388,16.12,13.066,11.071,17.781,0
7.5655,0.1528,0.1528,0.1667,0.1976,0,0.0,0.8393,0.1679,0.2518,0.4,0.1278,0,0.0,,,,,,,,0,3OoYuJZbHGIKqxWL6PrjrKtSKHnZpnGYwh_y3GrnZoFO2PCFnthu3lPrTrRb3D_-oMrSTYx80BBuIg,BR1_3252533935,16.12,13.086,11.914,-3.101,0
6.4633,0.3631,0.0726,0.0,0.1204,0,0.0,6.8421,0.5031,0.3019,0.3,0.1195,2,0.2857,7.1756,0.3262,0.3262,0.2778,0.1749,2.0,0.0,0,OjPlrZiZnXdvK2TnOKwArx2doidI3FV0Fi3voREndcA-GpYPOHb3wwJ7-mfU2gpXGmef8K73dEt6pw,BR1_3252591617,16.12,13.77,9.939,9.198,1
8.5863,0.3435,0.0,0.5,0.3118,1,0.0,4.0546,0.662,0.331,0.625,0.271,2,0.2308,4.1507,0.2185,0.2185,0.6,0.2197,0.0,0.1667,1,NtWIOYCWgE2-BzT6J8hrSVvKoMgbjk2I0ZUay-jN3MOAgjNCW8wEHj1lWfA5wXBzf_4HpDQVz0pU_w,BR1_3252489321,16.12,11.646,12.085,4.577,0
6.3535,0.4073,0.0815,0.25,0.1842,1,0.5,7.0734,0.6189,0.0884,0.2857,0.2021,1,0.2,3.7641,0.941,0.941,0.6667,0.0763,0.0,0.6667,0,M1nMhcOhs_EnRPrbCKSJ2Mv9OyanRSKCVJoLq9HIpa6C815FON_myx6YOgKRMhUFsJIR9kRyOx4iXQ,BR1_3252865890,16.12,12.277,11.31,1.063,1
5.0691,0.0,0.3218,0.4286,0.2702,3,0.0,6.4575,0.0,0.2654,0.25,0.168,0,0.0,5.4745,0.0,0.476,0.2857,0.1304,1.0,0.0,0,f_sKjC_jT_uVFmw_P9yYuS3xiURzydAf5BgIWs_5loxMiVzq0UgK2PV2NWO_g-B73m9B6IW-kAAeQw,BR1_3252537877,16.12,12.428,11.305,8.403,1
5.6384,0.1465,0.3661,0.2222,0.1237,0,0.0,7.1406,0.3526,0.1763,0.0,0.1333,0,0.1538,12.7386,0.0,0.0,0.0,0.0652,0.0,0.5,0,56GNxr7rUgCA3-MCUt5RYXiR0c9xBFXV-EQXn0EEGYH0Cjfe98Y4Ka2vC6HuHlWQtu2ZiMN-6lJFBg,BR1_3252673792,16.12,13.656,11.344,2.041,0
5.9286,0.2857,0.2143,0.4615,0.2513,1,0.0,5.6364,0.3636,0.2727,0.6667,0.1884,1,0.0909,2.9668,0.2697,0.5394,0.6667,0.2814,0.0,0.375,0,p3uZ7e7AgFmm_AttGTd3B013_84C_BAM3jvc6d2SHPPzrfEejuzx1X5p-wjwPupEllLl09QtAHresQ,BR1_3252398171,16.12,14.0,11.0,3.708,0
2.9286,0.1429,0.0,0.25,0.2632,1,0.0,0.0,0.0,0.0,0.0,,0,,,,,,,,,0,m80GvtA5xoIu4hmN1V135z3R-gcMn82VUcEzCKplbHB_5JUXOrDZZfnwWRSDzhuxHYFxDpuC_lyalA,BR1_3251490006,16.12,14.0,11.0,-18.984,1
7.4187,0.3124,0.1562,0.125,0.2242,0,0.0,8.3644,0.492,0.41,0.1111,0.112,0,0.1,11.0205,0.5207,0.1736,0.1364,0.0783,2.0,0.0,0,2ApDGMHfIkhn_kS37HwsX4XUN6K_OWEaWrZi-nDnmGyiVhP6_MqXe1tsNqyHxEy0Az6wE5d1H8XCSA,BR1_3252599070,16.12,12.805,12.195,11.524,1
6.7857,0.2857,0.1429,0.0,0.1428,0,0.0,6.8182,0.3636,0.3636,0.6364,0.1573,0,0.0,7.3776,0.2236,0.3353,0.6364,0.3096,1.0,0.0,0,Z2Q5SR4t5ek_GtKViZsd2BdzhlfhqwYXqkcNSbH1WAtsJCU5tKI6ezonLIQe_TZlFWkuU47v2ycqFQ,BR1_3252309366,16.12,14.0,11.0,8.946,0
5.8571,0.2857,0.0,0.4375,0.1799,2,0.25,5.0,0.0909,0.0,0.52,0.2243,1,0.0,6.2507,0.0,0.0,0.5714,0.3058,0.0,0.2,1,QRv2xF9FO4Psf_TTWd7zgfx7Moke5nzYxQTv8ONMRa6UI36k3sWJUP3tirG0f32853Q4N79sVrGwvA,BR1_3252751155,16.12,14.0,11.0,1.6,1
7.1701,0.3019,0.1509,0.3636,0.163,1,0.0,8.8178,0.5039,0.126,0.1818,0.1282,1,0.1111,2.8805,0.0,0.24,0.5172,0.1471,1.0,0.1111,0,m80GvtA5xoIu4hmN1V135z3R-gcMn82VUcEzCKplbHB_5JUXOrDZZfnwWRSDzhuxHYFxDpuC_lyalA,BR1_3251474283,16.12,13.249,7.938,20.83,1
6.7857,0.2143,0.0714,0.3,0.1302,0,0.0,7.3636,0.2727,0.0909,0.7059,0.349,4,0.2,3.2296,0.0,0.3341,0.75,0.334,2.0,0.3333,0,nYfXRXhHDbcYuqPD-TAok8WIT1ZQH2gHQNLxjKMiHNiNZP5iGUYVLHKYRP4b5mMy2ep7BEXheuliAQ,BR1_3252602473,16.12,14.0,11.0,8.979,0
7.369,0.2377,0.2377,0.5455,0.2495,4,0.0,9.2896,0.4039,0.4039,0.35,0.3043,6,0.1667,5.0322,0.4575,0.1525,0.625,0.2852,1.0,0.1111,0,EdyMmwCyTGy1d5K6jPmSLvmZN9njLPE-IyhQ2ir5meuxe3MoIqZnx9jiw2bcVfFPTgjQBBU2Xx16ig,BR1_3252483434,16.12,12.62,12.38,6.558,0
5.6429,0.5714,0.0,1.0,0.4116,5,0.0,6.0,0.0909,0.1818,0.2778,0.1763,3,0.1111,6.115,0.0,0.0,0.25,0.13,0.0,0.2727,0,Bklpq3TNOH0qMzvqJ68Jz5HfxHClF1MHGHeQtHe6zgGfZ0aNz4cE4SMltZdRuWhYafULGQua4xP3kQ,BR1_3252722366,16.12,14.0,11.0,7.359,1
8.4135,0.4507,0.0751,0.25,0.1242,1,0.0,5.7324,0.5133,0.1711,0.6667,0.2868,0,0.0909,10.5649,0.3987,0.0997,0.4667,0.1512,0.0,0.1333,0,yJj0spii3Rjfs6sfG6js2wSMuL5Q1t9Pjk3eazyZNYEX5txsxBCBfp2DG7kybvXTrkpw3yZlBolUQg,BR1_3252231236,16.12,13.312,11.688,10.033,0
7.3217,0.3291,0.1645,0.1053,0.1595,1,0.0,4.6152,0.3692,0.2769,0.4583,0.2102,2,0.3333,9.8149,0.4461,0.0,0.1667,0.1494,0.0,0.0,0,7oS4kusLEb_nh06D2ZZNLtYw_BoM6fDya5202X0vsnu4BZXzR2WeYbnQYZ5Nwh4LI5wHJJFWNJgiLA,BR1_3252723484,16.12,12.156,10.834,2.241,1
8.7363,0.2361,0.1574,0.0625,0.1422,0,0.0,6.263,0.4067,0.3254,0.3,0.2348,2,0.0,5.0251,0.0,0.5583,0.0,0.2175,0.0,0.5,0,5KdHm2xBCmdwakKhX8Q3NMQ3oMZR2YU0pjBQzh4nB5w9tcHsiO4R_lA_qTFQRhvPtiw5KXKUhessRg,BR1_3252828426,16.12,12.706,12.294,1.791,1
4.8509,0.3404,0.2553,0.4444,0.207,0,0.0,5.2988,0.0,0.1558,0.2857,0.1853,1,0.0769,4.7522,0.0,0.3587,0.25,0.1683,1.0,0.1538,0,ZTNFEFNGkR1yKax69GyKoAZ2QuhzGx59LfN7OzW4jzbWK3VVdyB4IoNR7MmNzM27xa91cK-pgia9Lw,BR1_3252805265,16.12,11.75,12.833,11.153,0
5.8384,0.1557,0.3892,0.25,0.2136,0,0.0,8.3101,0.3291,0.3291,0.5556,0.2038,1,0.2667,8.1974,0.5123,0.5123,0.5,0.2299,0.0,0.0,0,9rEmrenPzReiqkdf0Xmc41uNacC-zjkx-jfw6OlrKoWGhkg-L_KmlNdce5-o8xblCOKMN1WtO-HbqA,BR1_3252544324,16.12,12.846,12.154,1.952,0
8.4231,0.2905,0.0726,0.3333,0.1817,3,0.25,11.756,0.2672,0.0891,0.5714,0.2339,1,0.0,2.9888,0.0,0.7472,1.0,0.3937,0.0,0.0,0,OWQ1sz9b8B7JqhDwX2rV8A0au_dRIC1_VBpYz8BWZ17v26kCHq0ySXIxzbRfyTx-5S5CxyV__dPu-Q,BR1_3251803242,16.12,13.772,11.228,2.677,0
6.2857,0.2143,0.1429,0.4444,0.2754,1,0.6,7.2727,0.2727,0.1818,0.6111,0.3494,1,0.1111,4.5652,0.3804,0.3804,0.5,0.3371,0.0,0.3333,0,QcDd9G6KWcOkFj_y3u5A7WgYAQV1gJZvNF2X0We3QBL4jmVuNM2VpDRHK-nyV8d3BvYJSg_ARnQH5w,BR1_3252843252,16.12,14.0,11.0,7.886,0
6.7657,0.4666,0.1555,0.3889,0.2072,3,0.0,3.8712,0.2471,0.0824,0.4286,0.2909,2,0.0,,,,,,,,1,Bklpq3TNOH0qMzvqJ68Jz5HfxHClF1MHGHeQtHe6zgGfZ0aNz4cE4SMltZdRuWhYafULGQua4xP3kQ,BR1_3252294895,16.12,12.859,12.141,-5.036,1
6.3203,0.3058,0.1019,0.375,0.1089,0,0.0,7.142,0.1428,0.3571,0.3846,0.1372,0,0.2,9.9354,0.0,0.3426,0.0,0.0741,0.0,0.1,0,66ZpwhlxOgiTXqp3DnkIGbXqdtSVXbdgtw5VoItGN000ZFUE_yxpqYQZyKbLm7MMndOkGBJkd5pV1w,BR1_3252684908,16.12,9.81,14.002,2.919,0
