minute,result,target_gold,target_xp,target_cs,target_kills,target_deaths,opp_gold,opp_xp,opp_cs,opp_kills,opp_deaths,gold_diff,xp_diff,cs_diff,gold_diff_variation,xp_diff_variation,cs_diff_variation,gold_diff_delta,xp_diff_delta,cs_diff_delta
0,Derrota,500.0,0.0,0.0,0.0,0.0,500.0,0.0,0.0,0.0,0.0,0.0,0.0,0.0,0.0,0.0,0.0,0.0,0.0,0.0
1,Derrota,500.0,0.0,0.0,0.0,0.0,500.0,0.0,0.0,0.0,0.0,0.0,0.0,0.0,0.0,0.0,0.0,0.0,0.0,0.0
2,Derrota,752.0,333.25,8.0,0.0,0.0,786.12,357.0,9.75,0.0,0.0,-34.12,-23.75,-1.75,-34.12,-23.75,-1.75,-34.12,-23.75,-1.75
3,Derrota,1007.12,760.38,14.75,0.0,0.0,1104.5,744.75,19.0,0.0,0.12,-97.38,15.62,-4.25,-63.25,39.38,-2.5,-63.25,39.38,-2.5
4,Derrota,1238.5,1060.62,20.38,0.0,0.12,1432.75,1135.12,28.0,0.0,0.12,-194.25,-74.5,-7.62,-96.88,-90.12,-3.38,-96.88,-90.12,-3.38
5,Derrota,1479.75,1385.75,27.5,0.0,0.12,1679.25,1418.12,35.25,0.0,0.12,-199.5,-32.38,-7.75,-5.25,42.12,-0.12,-5.25,42.12,-0.12
6,Derrota,1810.25,1777.88,35.5,0.12,0.12,2033.12,1817.5,43.62,0.12,0.25,-222.88,-39.62,-8.12,-23.38,-7.25,-0.38,-23.38,-7.25,-0.38
7,Derrota,2219.38,2113.12,41.0,0.62,0.38,2421.62,2183.12,51.25,0.38,0.62,-202.25,-70.0,-10.25,20.62,-30.38,-2.12,20.62,-30.38,-2.12
8,Derrota,2496.12,2439.25,46.62,0.75,0.5,2742.0,2521.88,59.25,0.5,0.75,-245.88,-82.62,-12.62,-43.62,-12.62,-2.38,-43.62,-12.62,-2.38
9,Derrota,2759.5,2759.88,52.5,0.75,0.62,3163.5,2889.12,68.25,0.75,0.88,-404.0,-129.25,-15.75,-158.12,-46.62,-3.12,-158.12,-46.62,-3.12
10,Derrota,3033.88,3039.38,58.38,0.75,0.88,3607.5,3287.0,76.62,1.0,1.12,-573.62,-247.62,-18.25,-169.62,-118.38,-2.5,-169.62,-118.38,-2.5
11,Derrota,3318.38,3392.5,65.5,0.88,1.12,3917.12,3545.75,81.88,1.12,1.5,-598.75,-153.25,-16.38,-25.12,94.38,1.88,-25.12,94.38,1.88
12,Derrota,3571.5,3711.0,71.25,0.88,1.38,4413.0,3986.25,89.38,1.25,1.62,-841.5,-275.25,-18.12,-242.75,-122.0,-1.75,-242.75,-122.0,-1.75
13,Derrota,3882.12,4081.38,80.5,0.88,1.62,5112.25,4505.62,98.75,1.75,1.62,-1230.12,-424.25,-18.25,-388.62,-149.0,-0.12,-388.62,-149.0,-0.12
14,Derrota,4215.88,4437.88,85.25,1.12,1.88,5663.38,4848.12,103.38,2.12,2.0,-1447.5,-410.25,-18.12,-217.38,14.0,0.12,-217.38,14.0,0.12
15,Derrota,4575.38,4818.12,90.75,1.12,2.12,6292.25,5320.38,111.62,2.5,2.25,-1716.88,-502.25,-20.88,-269.38,-92.0,-2.75,-269.38,-92.0,-2.75
16,Derrota,5025.75,5267.25,101.0,1.12,2.25,6672.25,5764.25,118.12,2.62,2.38,-1646.5,-497.0,-17.12,70.38,5.25,3.75,70.38,5.25,3.75
17,Derrota,5416.88,5676.62,108.12,1.25,2.5,7176.0,6319.0,126.12,2.88,2.62,-1759.12,-642.38,-18.0,-112.62,-145.38,-0.88,-112.62,-145.38,-0.88
18,Derrota,5778.38,6153.75,116.62,1.25,2.88,7782.12,6779.0,134.75,3.25,2.75,-2003.75,-625.25,-18.12,-244.62,17.12,-0.12,-244.62,17.12,-0.12
19,Derrota,6147.38,6442.5,122.12,1.38,3.38,8423.0,7388.62,142.5,3.88,2.75,-2275.62,-946.12,-20.38,-271.88,-320.88,-2.25,-271.88,-320.88,-2.25
20,Derrota,6518.5,6873.88,127.62,1.5,3.38,8966.25,7869.75,147.0,4.12,3.25,-2447.75,-995.88,-19.38,-172.12,-49.75,1.0,-172.12,-49.75,1.0
21,Derrota,6924.43,7480.86,134.43,1.57,3.57,9116.29,8011.14,149.86,3.71,3.86,-2191.86,-530.29,-15.43,15.14,123.0,0.14,255.89,465.59,3.95
22,Derrota,7628.5,8139.0,144.83,2.0,3.83,9849.17,8631.17,160.67,4.5,4.5,-2220.67,-492.17,-15.83,-101.83,-22.83,-1.0,-28.81,38.12,-0.4
23,Derrota,8197.5,8768.67,153.67,2.33,4.17,10242.83,9059.0,166.83,4.5,4.83,-2045.33,-290.33,-13.17,175.33,201.83,2.67,175.33,201.83,2.67
24,Derrota,8572.83,9250.33,161.83,2.33,4.33,11023.0,9934.83,175.0,5.17,5.0,-2450.17,-684.5,-13.17,-404.83,-394.17,0.0,-404.83,-394.17,0.0
25,Derrota,8931.67,9657.17,169.33,2.33,4.67,11505.83,10445.0,179.17,5.67,5.33,-2574.17,-787.83,-9.83,-124.0,-103.33,3.33,-124.0,-103.33,3.33
26,Derrota,9414.4,10397.0,183.0,2.4,4.6,12071.4,11449.0,192.8,5.8,5.4,-2657.0,-1052.0,-9.8,-217.4,-55.8,-1.4,-82.83,-264.17,0.03
27,Derrota,10004.0,10912.8,192.2,2.8,4.8,12701.2,12059.2,199.8,6.2,5.8,-2697.2,-1146.4,-7.6,-40.2,-94.4,2.2,-40.2,-94.4,2.2
28,Derrota,10554.8,11597.2,202.6,3.0,5.0,13436.0,12474.8,206.6,6.8,6.0,-2881.2,-877.6,-4.0,-184.0,268.8,3.6,-184.0,268.8,3.6
29,Derrota,10999.8,12146.4,213.2,3.0,5.2,13856.0,12873.4,211.2,7.2,6.4,-2856.2,-727.0,2.0,25.0,150.6,6.0,25.0,150.6,6.0
30,Derrota,11458.4,12576.0,218.2,3.4,5.8,14523.8,13637.0,217.4,7.8,6.8,-3065.4,-1061.0,0.8,-209.2,-334.0,-1.2,-209.2,-334.0,-1.2
31,Derrota,11804.0,12636.75,218.0,3.75,7.5,15461.75,14632.5,223.75,9.5,7.5,-3657.75,-1995.75,-5.75,-475.25,-150.75,-2.0,-592.35,-934.75,-6.55
32,Derrota,12104.0,13026.0,235.0,3.33,7.33,16314.0,16256.33,233.67,10.0,7.0,-4210.0,-3230.33,1.33,-337.67,-372.33,1.67,-552.25,-1234.58,7.08
33,Derrota,13633.0,14667.5,258.5,4.0,8.0,15837.0,16147.5,217.5,10.0,7.0,-2204.0,-1480.0,41.0,442.0,589.0,3.0,2006.0,1750.33,39.67
0,Vitória,500.0,0.0,0.0,0.0,0.0,500.0,0.0,0.0,0.0,0.0,0.0,0.0,0.0,0.0,0.0,0.0,0.0,0.0,0.0
1,Vitória,500.0,0.0,0.0,0.0,0.0,500.0,0.0,0.0,0.0,0.0,0.0,0.0,0.0,0.0,0.0,0.0,0.0,0.0,0.0
2,Vitória,721.0,321.75,6.0,0.0,0.0,792.75,407.75,10.5,0.0,0.0,-71.75,-86.0,-4.5,-71.75,-86.0,-4.5,-71.75,-86.0,-4.5
3,Vitória,1023.0,761.5,13.75,0.0,0.0,1036.0,774.25,16.5,0.0,0.0,-13.0,-12.75,-2.75,58.75,73.25,1.75,58.75,73.25,1.75
4,Vitória,1354.75,1117.25,20.25,0.25,0.0,1305.5,1066.0,24.25,0.0,0.25,49.25,51.25,-4.0,62.25,64.0,-1.25,62.25,64.0,-1.25
5,Vitória,1628.5,1449.25,26.0,0.25,0.0,1560.75,1405.0,31.0,0.0,0.5,67.75,44.25,-5.0,18.5,-7.0,-1.0,18.5,-7.0,-1.0
6,Vitória,1987.5,1841.75,34.25,0.5,0.0,1812.0,1684.5,36.75,0.0,0.5,175.5,157.25,-2.5,107.75,113.0,2.5,107.75,113.0,2.5
7,Vitória,2312.0,2141.0,39.0,0.75,0.25,2205.25,2054.0,42.5,0.5,1.0,106.75,87.0,-3.5,-68.75,-70.25,-1.0,-68.75,-70.25,-1.0
8,Vitória,2704.5,2536.5,45.25,1.0,0.25,2493.25,2444.75,49.75,0.5,1.25,211.25,91.75,-4.5,104.5,4.75,-1.0,104.5,4.75,-1.0
9,Vitória,3086.75,2998.25,53.0,1.5,0.25,2796.25,2867.25,58.25,0.5,1.5,290.5,131.0,-5.25,79.25,39.25,-0.75,79.25,39.25,-0.75
10,Vitória,3615.25,3414.0,60.25,2.5,0.5,3098.5,3154.25,61.75,0.75,1.75,516.75,259.75,-1.5,226.25,128.75,3.75,226.25,128.75,3.75
11,Vitória,3918.0,3673.75,65.5,2.5,0.75,3361.25,3495.0,68.25,0.75,2.0,556.75,178.75,-2.75,40.0,-81.0,-1.25,40.0,-81.0,-1.25
12,Vitória,4329.25,4145.25,73.5,2.75,0.75,3667.5,3847.5,76.25,0.75,2.25,661.75,297.75,-2.75,105.0,119.0,0.0,105.0,119.0,0.0
13,Vitória,4813.75,4546.5,81.25,3.25,1.0,3910.5,4174.5,80.5,0.75,2.5,903.25,372.0,0.75,241.5,74.25,3.5,241.5,74.25,3.5
14,Vitória,5282.25,4942.0,88.75,3.25,1.0,4275.75,4566.25,88.5,0.75,2.75,1006.5,375.75,0.25,103.25,3.75,-0.5,103.25,3.75,-0.5
15,Vitória,6059.25,5563.5,99.0,4.0,1.0,4648.5,4808.5,92.5,0.75,3.5,1410.75,755.0,6.5,404.25,379.25,6.25,404.25,379.25,6.25
16,Vitória,6584.75,6086.5,109.5,4.25,1.0,5099.75,5402.25,102.75,0.75,3.5,1485.0,684.25,6.75,74.25,-70.75,0.25,74.25,-70.75,0.25
17,Vitória,7039.0,6528.5,117.5,4.5,1.0,5375.25,5857.75,109.25,0.75,3.75,1663.75,670.75,8.25,178.75,-13.5,1.5,178.75,-13.5,1.5
18,Vitória,7340.25,6804.0,121.5,4.75,1.0,5702.0,6210.0,112.25,1.0,4.0,1638.25,594.0,9.25,-25.5,-76.75,1.0,-25.5,-76.75,1.0
19,Vitória,7843.67,7583.0,125.0,5.0,1.0,6059.0,6738.67,114.67,1.33,4.0,1784.67,844.33,10.33,268.33,355.0,2.0,146.42,250.33,1.08
20,Vitória,8294.0,8140.0,133.0,5.0,1.0,6255.67,6889.0,115.67,1.33,4.67,2038.33,1251.0,17.33,253.67,406.67,7.0,253.67,406.67,7.0
21,Vitória,8868.33,8929.33,144.33,5.33,1.0,6700.33,7405.0,121.67,1.33,5.0,2168.0,1524.33,22.67,129.67,273.33,5.33,129.67,273.33,5.33
22,Vitória,9318.33,9615.67,156.67,5.33,1.0,6982.33,7882.0,126.33,1.33,5.33,2336.0,1733.67,30.33,168.0,209.33,7.67,168.0,209.33,7.67
23,Vitória,9685.0,10050.67,164.0,5.33,1.0,7289.0,8476.33,133.33,1.33,5.33,2396.0,1574.33,30.67,60.0,-159.33,0.33,60.0,-159.33,0.33
24,Vitória,10417.0,10793.0,177.0,6.0,1.0,7953.33,8955.67,136.67,1.67,6.0,2463.67,1837.33,40.33,67.67,263.0,9.67,67.67,263.0,9.67
25,Vitória,11156.33,11311.67,181.33,7.0,1.33,8933.67,9814.0,143.33,2.33,6.33,2222.67,1497.67,38.0,-241.0,-339.67,-2.33,-241.0,-339.67,-2.33
26,Vitória,11615.0,11719.0,188.33,7.33,1.33,9265.67,10420.33,148.67,2.33,6.67,2349.33,1298.67,39.67,126.67,-199.0,1.67,126.67,-199.0,1.67
27,Vitória,12305.67,12451.33,192.67,8.67,1.33,9594.0,10866.0,153.67,2.33,6.67,2711.67,1585.33,39.0,362.33,286.67,-0.67,362.33,286.67,-0.67
28,Vitória,12861.0,13177.33,203.67,8.67,1.33,9989.33,11407.67,159.33,2.33,6.67,2871.67,1769.67,44.33,160.0,184.33,5.33,160.0,184.33,5.33
29,Vitória,13364.67,13739.67,214.0,8.67,1.33,10254.0,11839.67,161.67,2.33,6.67,3110.67,1900.0,52.33,239.0,130.33,8.0,239.0,130.33,8.0
30,Vitória,14100.0,14455.0,218.0,9.67,1.67,10521.67,12149.0,163.33,2.33,7.67,3578.33,2306.0,54.67,467.67,406.0,2.33,467.67,406.0,2.33
31,Vitória,14381.33,14797.0,221.33,9.67,1.67,10903.33,12536.67,167.67,2.67,8.0,3478.0,2260.33,53.67,-100.33,-45.67,-1.0,-100.33,-45.67,-1.0
32,Vitória,15338.5,15734.5,227.5,10.0,2.0,11623.5,13544.5,187.5,2.5,8.0,3715.0,2190.0,40.0,505.5,627.5,1.0,237.0,-70.33,-13.67
33,Vitória,14257.0,16026.0,230.0,9.0,2.0,11897.0,14128.0,190.0,2.0,6.0,2360.0,1898.0,40.0,-94.0,266.0,-9.0,-1355.0,-292.0,0.0
34,Vitória,15445.0,16813.0,240.0,11.0,2.0,12110.0,14487.0,194.0,2.0,6.0,3335.0,2326.0,46.0,975.0,428.0,6.0,975.0,428.0,6.0
35,Vitória,17431.0,18130.0,247.0,15.0,2.0,12221.0,14487.0,194.0,2.0,7.0,5210.0,3643.0,53.0,1875.0,1317.0,7.0,1875.0,1317.0,7.0
