early_cs_per_min,early_vision_per_min,early_deaths_per_min,early_kill_participation,early_damage_share,early_solo_kills,early_objective_proximity,mid_cs_per_min,mid_vision_per_min,mid_deaths_per_min,mid_kill_participation,mid_damage_share,mid_solo_kills,mid_objective_proximity,late_cs_per_min,late_vision_per_min,late_deaths_per_min,late_kill_participation,late_damage_share,late_solo_kills,late_objective_proximity,early_first_blood_involved,puuid,match_id,early_duration_min,mid_duration_min,late_duration_min,win
8.002,0.0,0.0727,0.0,0.1397,0,0.0,8.1753,0.0,0.1777,0.2,0.1653,0,0.1,5.9292,0.0,0.1694,0.3684,0.1495,0.0,0.0667,0,GCK12iqiY9OFiO69zdHaYz3fuGr7nWjt7yswjkfQumQ6NMU6bymU4dZZeaOw0Hzhww2qb_kBLugiZA,BR1_3247413834,13.747,11.253,11.806,1
8.7363,0.0,0.1574,0.0625,0.1422,0,0.0,6.263,0.0,0.3254,0.3,0.2348,2,0.0,5.0251,0.0,0.5583,0.0,0.2175,0.0,0.5,0,5KdHm2xBCmdwakKhX8Q3NMQ3oMZR2YU0pjBQzh4nB5w9tcHsiO4R_lA_qTFQRhvPtiw5KXKUhessRg,BR1_3252828426,12.706,12.294,1.791,1
0.4286,0.0,0.0,0.0,0.0,0,,0.0,0.0,0.0,0.0,,0,,,,,,,,,0,5KdHm2xBCmdwakKhX8Q3NMQ3oMZR2YU0pjBQzh4nB5w9tcHsiO4R_lA_qTFQRhvPtiw5KXKUhessRg,BR1_3252825550,14.0,11.0,-23.453,0
5.7857,0.0,0.2857,0.3333,0.2844,3,0.0,6.3636,0.0,0.2727,0.375,0.2672,0,0.1,4.826,0.0,0.254,0.2,0.2597,0.0,0.2857,0,5KdHm2xBCmdwakKhX8Q3NMQ3oMZR2YU0pjBQzh4nB5w9tcHsiO4R_lA_qTFQRhvPtiw5KXKUhessRg,BR1_3252818300,14.0,11.0,3.937,1
6.9286,0.0,0.1429,0.0,0.12,0,0.0,11.2604,0.0,0.0962,0.3636,0.2212,1,0.0,7.9208,0.0,0.4659,0.3636,0.197,0.0,0.25,0,5KdHm2xBCmdwakKhX8Q3NMQ3oMZR2YU0pjBQzh4nB5w9tcHsiO4R_lA_qTFQRhvPtiw5KXKUhessRg,BR1_3251745933,14.0,10.39,10.731,0
8.2143,0.0,0.1429,0.1111,0.1159,0,0.0,8.655,0.0,0.1945,0.6,0.2821,0,0.0,7.8114,0.0,0.6009,1.0,0.3079,0.0,0.0,0,5KdHm2xBCmdwakKhX8Q3NMQ3oMZR2YU0pjBQzh4nB5w9tcHsiO4R_lA_qTFQRhvPtiw5KXKUhessRg,BR1_3251736535,14.0,10.283,1.664,0
0.0,0.0,0.0,0.0,0.0,0,,0.0,0.0,0.0,0.0,,0,,,,,,,,,0,5RcEVGxu00ZyqOJuTlRLoTcCPvdzWqn5n42PyDFaXGizjGaedXIQziIxCrF6kqBZjbu8nm2DpLsB9A,BR1_3250260141,14.0,11.0,-23.878,1
8.2455,0.0,0.073,0.3,0.2105,1,0.0,8.3218,0.0,0.3541,0.625,0.2832,2,0.0,5.1365,0.0,0.3584,0.3913,0.198,1.0,0.2,0,5RcEVGxu00ZyqOJuTlRLoTcCPvdzWqn5n42PyDFaXGizjGaedXIQziIxCrF6kqBZjbu8nm2DpLsB9A,BR1_3248825971,13.704,11.296,16.743,0
7.2857,0.0,0.0714,0.125,0.1221,0,0.0,2.5455,0.0,0.0909,0.0,0.1571,0,,,,,,,,,0,b_p7lsrKf2mFmuGVTOh8hi6vXbXsZxE1zsxXAMJRxBlNNTf69Kksu1hCwKWZTJ6QssYus0ylp6vymw,BR1_3250837536,14.0,11.0,-8.006,0
7.5871,0.0,0.0872,0.0,0.1832,0,0.0,7.2557,0.0,0.2502,0.2273,0.1686,1,0.0833,5.6576,0.0,0.4526,0.3333,0.0976,0.0,0.2222,0,b_p7lsrKf2mFmuGVTOh8hi6vXbXsZxE1zsxXAMJRxBlNNTf69Kksu1hCwKWZTJ6QssYus0ylp6vymw,BR1_3250825044,11.467,11.991,13.257,0
5.1898,0.0,0.3295,0.25,0.3255,1,0.0,3.3435,0.0,0.2333,0.2,0.1943,0,0.2,,,,,,,,0,b_p7lsrKf2mFmuGVTOh8hi6vXbXsZxE1zsxXAMJRxBlNNTf69Kksu1hCwKWZTJ6QssYus0ylp6vymw,BR1_3250604256,12.139,12.861,-3.547,0
5.8466,0.0,0.3439,0.4,0.3623,1,0.0,8.8548,0.0,0.2985,0.4286,0.1686,1,0.0833,9.4028,0.0,0.4949,0.5,0.3175,0.0,0.1,0,f_sKjC_jT_uVFmw_P9yYuS3xiURzydAf5BgIWs_5loxMiVzq0UgK2PV2NWO_g-B73m9B6IW-kAAeQw,BR1_3252565677,11.631,10.051,4.041,0
6.3333,0.0,0.1689,0.3077,0.1876,2,0.0,5.244,0.0,0.228,0.5,0.3121,4,0.125,,,,,,,,0,f_sKjC_jT_uVFmw_P9yYuS3xiURzydAf5BgIWs_5loxMiVzq0UgK2PV2NWO_g-B73m9B6IW-kAAeQw,BR1_3252557564,11.842,13.158,-3.864,1
2.5,0.0,0.5,0.3889,0.2554,4,0.0,5.9025,0.0,0.3162,0.32,0.2208,1,0.0,6.6379,0.0,0.3688,0.5,0.1658,0.0,0.0,0,f_sKjC_jT_uVFmw_P9yYuS3xiURzydAf5BgIWs_5loxMiVzq0UgK2PV2NWO_g-B73m9B6IW-kAAeQw,BR1_3252548340,14.0,9.487,2.712,1
5.0691,0.0,0.3218,0.4286,0.2702,3,0.0,6.4575,0.0,0.2654,0.25,0.168,0,0.0,5.4745,0.0,0.476,0.2857,0.1304,1.0,0.0,0,f_sKjC_jT_uVFmw_P9yYuS3xiURzydAf5BgIWs_5loxMiVzq0UgK2PV2NWO_g-B73m9B6IW-kAAeQw,BR1_3252537877,12.428,11.305,8.403,1
6.7143,0.0,0.4286,0.3,0.2022,1,0.0,9.1012,0.0,0.123,0.6364,0.1984,1,0.1111,6.2353,0.0,0.4949,0.5714,0.202,1.0,0.0714,0,Q4m0CXBC6QUdhnnMuYRhIyPBvgPzxYfIizD3NgRshN5FfrXvXk2RxMkd_3bEkLzNd_Rrl9QCw7CdEA,BR1_3252362404,14.0,8.131,10.104,0
5.5555,0.0,0.3704,0.1176,0.1785,0,0.0,6.5218,0.0,0.3478,0.1905,0.1105,0,0.1538,7.241,0.0,0.3017,0.4286,0.1171,0.0,0.2,0,Q4m0CXBC6QUdhnnMuYRhIyPBvgPzxYfIizD3NgRshN5FfrXvXk2RxMkd_3bEkLzNd_Rrl9QCw7CdEA,BR1_3252335491,13.5,11.5,6.629,1
6.2857,0.0,0.2857,0.5714,0.2531,1,0.5,7.0909,0.0,0.3636,0.4167,0.3045,3,0.2857,7.4103,0.0,0.3069,0.6333,0.3008,1.0,0.1379,1,Q4m0CXBC6QUdhnnMuYRhIyPBvgPzxYfIizD3NgRshN5FfrXvXk2RxMkd_3bEkLzNd_Rrl9QCw7CdEA,BR1_3252233091,14.0,11.0,22.806,1
6.7143,0.0,0.2857,0.4545,0.3035,3,0.0,8.1818,0.0,0.2727,0.4615,0.2671,1,0.0,7.1133,0.0,0.2332,0.5,0.3475,3.0,0.3636,0,Q4m0CXBC6QUdhnnMuYRhIyPBvgPzxYfIizD3NgRshN5FfrXvXk2RxMkd_3bEkLzNd_Rrl9QCw7CdEA,BR1_3252201919,14.0,11.0,17.151,1
8.5714,0.0,0.0714,0.375,0.2617,3,0.0,8.8182,0.0,0.1818,0.7143,0.3853,3,0.4286,9.296,0.0,0.1476,0.4,0.2131,0.0,0.3333,0,Q4m0CXBC6QUdhnnMuYRhIyPBvgPzxYfIizD3NgRshN5FfrXvXk2RxMkd_3bEkLzNd_Rrl9QCw7CdEA,BR1_3252180097,14.0,11.0,6.777,1
6.6826,0.0,0.1453,0.1111,0.1667,0,0.0,4.6292,0.0,0.3561,0.6667,0.2638,1,0.25,,,,,,,,0,UFAEfxnhGMV0tmXuI7QfeZpz-nTTxvWS4RFdKhfdHly9FTyYU_5nRoTAD9JsR_BRhyZQOVRPgVGZfw,BR1_3252831121,13.767,11.233,-4.238,0
6.4779,0.0,0.0771,0.0,0.135,0,0.0,6.0667,0.0,0.0,0.6154,0.1868,1,0.0833,0.0,0.0,0.0,0.0,0.0,0.0,0.0,0,ho7blAjhBR_p0E_cbM310vniSogbA8-2NB0DpNpQZ0BECGkY22V86aovuMfZnnXjxR4oBuWKqT18iQ,BR1_3248071779,12.967,12.033,2.234,0
6.768,0.0,0.0927,0.2857,0.2758,1,0.0,7.2464,0.0,0.1407,0.4545,0.2807,1,0.3077,9.1603,0.0,0.1796,0.3333,0.3626,0.0,0.2222,0,ho7blAjhBR_p0E_cbM310vniSogbA8-2NB0DpNpQZ0BECGkY22V86aovuMfZnnXjxR4oBuWKqT18iQ,BR1_3248043703,10.786,14.214,5.567,0
7.5365,0.0,0.0908,0.1667,0.1891,0,0.0,5.9459,0.0,0.1858,0.3077,0.1817,1,0.3333,4.9751,0.0,0.0,0.3333,0.203,0.0,0.5,0,ho7blAjhBR_p0E_cbM310vniSogbA8-2NB0DpNpQZ0BECGkY22V86aovuMfZnnXjxR4oBuWKqT18iQ,BR1_3248031596,11.013,10.764,2.211,0
8.5428,0.0,0.1486,0.5714,0.2241,2,0.0,4.4776,0.0,0.4071,0.4,0.2343,0,0.25,3.1585,0.0,0.6142,0.6,0.2393,4.0,0.2857,0,POLOxsoTyhTTtxWdYcD4n4YsiYgwL5JGlAOkQLkQmIvPAG0AGBvPxBMCgHsf2S0O1KrsYiQ1gSAaiA,BR1_3252677577,13.462,9.827,11.398,0
0.5,0.0,0.0,0.0,0.3026,0,,0.0,0.0,0.0,0.0,,0,,,,,,,,,0,POLOxsoTyhTTtxWdYcD4n4YsiYgwL5JGlAOkQLkQmIvPAG0AGBvPxBMCgHsf2S0O1KrsYiQ1gSAaiA,BR1_3252650103,14.0,11.0,-23.445,0
7.9081,0.0,0.0719,0.1818,0.2601,2,0.0,7.2136,0.0,0.3607,0.2917,0.2192,3,0.1818,2.0792,0.0,0.3199,0.6667,0.2632,1.0,0.25,0,WdGDFFJT49BLLEhBhX4G9TWEYGv_LP7YMpJO9VumhtELsO4qKXYgDSzWE7Ot945HmZiarEEAr0hBFA,BR1_3252553872,13.91,11.09,6.252,1
5.9941,0.0,0.2889,0.2,0.2152,0,0.0,9.0861,0.0,0.0977,0.1429,0.1255,0,0.0,6.3096,0.0,0.1829,0.4091,0.1367,0.0,0.3125,0,OWQ1sz9b8B7JqhDwX2rV8A0au_dRIC1_VBpYz8BWZ17v26kCHq0ySXIxzbRfyTx-5S5CxyV__dPu-Q,BR1_3252542992,13.847,10.235,10.936,0
8.5029,0.0,0.0715,0.3846,0.3644,3,0.0,9.9481,0.0,0.2117,0.5882,0.3837,5,0.2727,4.4729,0.0,0.2156,0.5862,0.2647,2.0,0.0,0,gPkDaebGY5pMFcvrmMScQ9UlGU5gA8-EDD2rEtJqs4Axmz6VXXY-BMaskAJsGnn3zqAipZpI6JDfiA,BR1_3252837670,13.995,9.449,18.556,1
7.3571,0.0,0.0714,0.3333,0.2776,2,0.0,6.2727,0.0,0.2727,0.5556,0.2192,1,0.1,6.3744,0.0,0.2924,0.4483,0.2006,2.0,0.0667,0,gPkDaebGY5pMFcvrmMScQ9UlGU5gA8-EDD2rEtJqs4Axmz6VXXY-BMaskAJsGnn3zqAipZpI6JDfiA,BR1_3252785819,14.0,11.0,17.1,1
9.1516,0.0,0.0,0.3846,0.2917,4,0.0,8.6859,0.0,0.1609,0.65,0.304,2,0.1538,2.309,0.0,0.3299,0.4,0.2661,2.0,0.25,0,gPkDaebGY5pMFcvrmMScQ9UlGU5gA8-EDD2rEtJqs4Axmz6VXXY-BMaskAJsGnn3zqAipZpI6JDfiA,BR1_3252665731,12.566,12.434,3.032,1
5.6314,0.0,0.2522,1.0,0.2717,2,0.0,9.3477,0.0,0.2526,0.5714,0.2731,1,0.0526,8.3555,0.0,0.3038,0.1667,0.2691,0.0,0.375,0,gPkDaebGY5pMFcvrmMScQ9UlGU5gA8-EDD2rEtJqs4Axmz6VXXY-BMaskAJsGnn3zqAipZpI6JDfiA,BR1_3252644913,11.898,11.875,6.582,0
7.0561,0.0,0.17,0.25,0.2054,2,0.0,5.8925,0.0,0.3022,0.4545,0.267,5,0.0833,4.2579,0.0,0.6387,0.1667,0.2247,0.0,0.0,0,cRNieDRj6dPQ2MhN7McPLFy4eSIWK3RR2MHOBVNGR4oakywJzwUZSHJDWy8qXFlXOiQtJ1XzSD5sLQ,BR1_3252706317,11.763,13.237,9.394,0
6.4542,0.0,0.2901,0.0,0.2306,0,0.2,7.1362,0.0,0.446,0.0833,0.124,0,0.0,7.3783,0.0,0.1251,0.3333,0.1157,0.0,0.0833,0,cRNieDRj6dPQ2MhN7McPLFy4eSIWK3RR2MHOBVNGR4oakywJzwUZSHJDWy8qXFlXOiQtJ1XzSD5sLQ,BR1_3252637195,13.79,11.21,7.996,1
3.6501,0.0,0.3042,0.5333,0.3411,4,0.0,5.1478,0.0,0.2532,0.3182,0.2214,1,0.0,,,,,,,,1,cRNieDRj6dPQ2MhN7McPLFy4eSIWK3RR2MHOBVNGR4oakywJzwUZSHJDWy8qXFlXOiQtJ1XzSD5sLQ,BR1_3252524567,13.15,11.85,-1.938,1
7.3571,0.0,0.0714,0.375,0.2158,2,0.0,8.7911,0.0,0.2624,0.4,0.2464,0,0.0,6.1475,0.0,0.4391,0.4118,0.3257,3.0,0.0,0,cRNieDRj6dPQ2MhN7McPLFy4eSIWK3RR2MHOBVNGR4oakywJzwUZSHJDWy8qXFlXOiQtJ1XzSD5sLQ,BR1_3252503686,14.0,7.621,13.664,1
5.7857,0.0,0.5,0.3333,0.2435,2,0.2,10.2968,0.0,0.3711,0.1667,0.1112,0,0.1667,10.9068,0.0,0.1818,0.0,0.0593,0.0,0.1667,1,qFg-2IZP633Y62fB_lj_0f95rM8fQM8l3wdrDVdct0qDM00u8C6roZ_UR9yEr_mpq9nGgWTAE0Vx3A,BR1_3252756895,14.0,10.78,5.501,1
6.7143,0.0,0.2143,0.25,0.2312,2,0.0,5.0909,0.0,0.4545,0.6,0.1687,0,0.1818,5.2865,0.0,0.3524,0.4,0.1223,1.0,0.25,0,qFg-2IZP633Y62fB_lj_0f95rM8fQM8l3wdrDVdct0qDM00u8C6roZ_UR9yEr_mpq9nGgWTAE0Vx3A,BR1_3252753176,14.0,11.0,8.512,0
0.0,0.0,0.0,0.0,0.0,0,,0.0,0.0,0.0,0.0,,0,,,,,,,,,0,qFg-2IZP633Y62fB_lj_0f95rM8fQM8l3wdrDVdct0qDM00u8C6roZ_UR9yEr_mpq9nGgWTAE0Vx3A,BR1_3252750156,14.0,11.0,-23.376,0
7.0631,0.0,0.3285,0.4615,0.2165,4,0.0,7.3299,0.0,0.4679,0.4286,0.2946,2,0.0667,9.9418,0.0,0.4142,1.0,0.2813,1.0,0.2,0,qFg-2IZP633Y62fB_lj_0f95rM8fQM8l3wdrDVdct0qDM00u8C6roZ_UR9yEr_mpq9nGgWTAE0Vx3A,BR1_3252654356,12.176,12.824,4.828,0
7.5445,0.0,0.0719,0.5556,0.2664,3,0.0,8.5464,0.0,0.2191,0.6364,0.4274,1,0.0909,5.9911,0.0,0.1015,0.5,0.3283,1.0,0.2667,0,78Be_63SBD4w3DgknftWP5Xg06GYsS5FEO8NKOwEVj6VgDudxvkb3mvyd4DsdoEcFx4rtJefI84J5w,BR1_3252748897,13.917,9.127,9.848,1
0.1429,0.0,0.0,0.0,0.3686,0,,0.0,0.0,0.0,0.0,,0,,,,,,,,,0,78Be_63SBD4w3DgknftWP5Xg06GYsS5FEO8NKOwEVj6VgDudxvkb3mvyd4DsdoEcFx4rtJefI84J5w,BR1_3252737794,14.0,11.0,-23.743,0
6.1429,0.0,0.0714,0.3333,0.1855,2,0.0,7.8182,0.0,0.2727,0.2857,0.0746,0,0.1818,6.0835,0.0,0.1242,0.3077,0.0842,0.0,0.0,0,78Be_63SBD4w3DgknftWP5Xg06GYsS5FEO8NKOwEVj6VgDudxvkb3mvyd4DsdoEcFx4rtJefI84J5w,BR1_3252724759,14.0,11.0,8.055,1
6.6001,0.0,0.1451,0.2105,0.2355,2,0.0,7.9377,0.0,0.1784,0.4667,0.2248,3,0.0,2.9024,0.0,0.3225,0.0,0.2123,0.0,0.0,0,78Be_63SBD4w3DgknftWP5Xg06GYsS5FEO8NKOwEVj6VgDudxvkb3mvyd4DsdoEcFx4rtJefI84J5w,BR1_3252709287,13.788,11.212,6.202,1
6.6215,0.0,0.3895,0.0,0.0712,0,0.0,7.7284,0.0,0.3289,0.1429,0.1376,0,0.1429,7.1218,0.0,0.1583,0.3,0.0598,1.0,0.2,0,IyQGAep6UNTVTccL8h_4eWIItpn6C84dFwtbramTmbHWxBXHyggOhUxwGJpSvOaosW6EGutLAvBC_A,BR1_3252336699,12.837,12.163,12.637,1
5.5,0.0,0.3571,0.4286,0.1941,3,0.0,8.6065,0.0,0.4233,0.1111,0.1195,0,0.2857,8.5879,0.0,0.1374,0.2857,0.1033,0.0,0.2727,0,IyQGAep6UNTVTccL8h_4eWIItpn6C84dFwtbramTmbHWxBXHyggOhUxwGJpSvOaosW6EGutLAvBC_A,BR1_3252181832,14.0,7.088,14.555,1
0.2857,0.0,0.0,0.0,0.2393,0,,0.0,0.0,0.0,0.0,,0,,,,,,,,,0,IyQGAep6UNTVTccL8h_4eWIItpn6C84dFwtbramTmbHWxBXHyggOhUxwGJpSvOaosW6EGutLAvBC_A,BR1_3252175794,14.0,11.0,-23.613,0
9.0142,0.0,0.0,0.1667,0.2751,1,0.5,8.9945,0.0,0.111,0.25,0.2108,0,0.1111,6.8314,0.0,0.2336,0.4545,0.2856,1.0,0.0556,0,4EG9eIp0ZVMaLXQjSNA6OyNXPz31MMI76GMO9QzZGrkwIQ7-aFe7EWO0nw8AhPCgJy74YhSVXvuI7Q,BR1_3252834769,13.645,9.006,17.127,1
7.0613,0.0,0.1441,0.3333,0.1354,0,0.0,8.6319,0.0,0.1798,0.3077,0.3317,1,0.0833,10.3113,0.0,0.3727,0.5,0.2415,1.0,0.1818,0,4EG9eIp0ZVMaLXQjSNA6OyNXPz31MMI76GMO9QzZGrkwIQ7-aFe7EWO0nw8AhPCgJy74YhSVXvuI7Q,BR1_3252783432,13.878,11.122,8.049,1
5.4867,0.0,0.279,0.1429,0.0971,0,0.0,8.0643,0.0,0.2494,0.2,0.083,0,0.2,6.8793,0.0,0.4648,0.4167,0.1941,0.0,0.375,0,4EG9eIp0ZVMaLXQjSNA6OyNXPz31MMI76GMO9QzZGrkwIQ7-aFe7EWO0nw8AhPCgJy74YhSVXvuI7Q,BR1_3252779374,10.753,12.028,10.757,0
5.8571,0.0,0.2143,0.2727,0.254,1,0.0,7.1818,0.0,0.3636,0.4286,0.2797,5,0.0909,1.9062,0.0,0.4766,0.4,0.1712,1.0,0.0,0,taHbTunOxlcN4bMdqAxTA7PlacwmAp6a_NzftRlpca_vfH4GZdf5LqAk1-ko4oKCuQXqM9nlDM4Zng,BR1_3252563918,14.0,11.0,2.098,1
6.3991,0.0,0.1506,0.2778,0.2019,1,0.5,7.3524,0.0,0.387,0.5,0.1856,0,0.1,0.6567,0.0,0.6567,0.0,0.3598,0.0,0.0,0,taHbTunOxlcN4bMdqAxTA7PlacwmAp6a_NzftRlpca_vfH4GZdf5LqAk1-ko4oKCuQXqM9nlDM4Zng,BR1_3251402185,13.283,10.337,1.523,0
5.3932,0.0,0.1634,0.0769,0.1246,0,0.0,1.1753,0.0,0.0,0.0,0.0079,0,0.0,,,,,,,,0,taHbTunOxlcN4bMdqAxTA7PlacwmAp6a_NzftRlpca_vfH4GZdf5LqAk1-ko4oKCuQXqM9nlDM4Zng,BR1_3251390235,12.238,12.762,-8.812,1
6.1785,0.0,0.0,0.0,0.1186,0,0.0,7.4543,0.0,0.1242,0.3077,0.175,0,0.2632,,,,,,,,0,t-OtDaH5MD-uAzpAhm_YGvt1JUM7QWt6wU2y5781E_1SNaz2Nf_T_OQsan_B2lvKhk5lORoI9opknA,BR1_3250821650,8.902,16.098,-0.284,0
8.0714,0.0,0.1429,0.2,0.1674,0,0.25,8.1818,0.0,0.1818,0.6364,0.2583,1,0.25,6.9368,0.0,0.1101,0.6,0.2284,1.0,0.125,0,t-OtDaH5MD-uAzpAhm_YGvt1JUM7QWt6wU2y5781E_1SNaz2Nf_T_OQsan_B2lvKhk5lORoI9opknA,BR1_3250810075,14.0,11.0,9.082,1
6.5,0.0,0.2143,0.0,0.2028,0,0.0,6.0761,0.0,0.217,0.5455,0.1283,0,0.2727,2.824,0.0,0.1822,0.6,0.2031,0.0,0.2667,0,t-OtDaH5MD-uAzpAhm_YGvt1JUM7QWt6wU2y5781E_1SNaz2Nf_T_OQsan_B2lvKhk5lORoI9opknA,BR1_3250798109,14.0,9.216,10.977,0
5.9708,0.0,0.3641,0.25,0.2583,1,0.0,5.8581,0.0,0.355,0.4,0.2381,0,0.125,4.7452,0.0,0.2005,0.5789,0.2905,1.0,0.1,0,t-OtDaH5MD-uAzpAhm_YGvt1JUM7QWt6wU2y5781E_1SNaz2Nf_T_OQsan_B2lvKhk5lORoI9opknA,BR1_3250537122,13.733,11.267,14.963,0
6.7143,0.0,0.1429,0.1667,0.1562,0,0.0,7.0,0.0,0.1818,0.6154,0.19,3,0.1111,7.1686,0.0,0.1062,0.4848,0.2681,2.0,0.3125,0,0DDlx4jWKb2TwTD_n9096jPYvQithEzVzfBPTZ_9JF4AlgLp-MF41GqNbw1prpzvWrZGiuDhxJ5QGQ,BR1_3252421503,14.0,11.0,18.832,1
7.9286,0.0,0.1429,0.4167,0.154,1,0.0,5.3636,0.0,0.0909,0.6111,0.3757,2,0.0,4.8612,0.0,0.4191,0.5,0.2629,0.0,0.0769,0,0DDlx4jWKb2TwTD_n9096jPYvQithEzVzfBPTZ_9JF4AlgLp-MF41GqNbw1prpzvWrZGiuDhxJ5QGQ,BR1_3252264546,14.0,11.0,11.931,1
6.0905,0.0,0.0801,0.125,0.162,0,0.5,3.2744,0.0,0.0799,0.0,0.0767,0,0.1875,0.0,0.0,0.0,0.0,0.0,0.0,,0,0DDlx4jWKb2TwTD_n9096jPYvQithEzVzfBPTZ_9JF4AlgLp-MF41GqNbw1prpzvWrZGiuDhxJ5QGQ,BR1_3252212488,12.478,12.522,1.643,0
7.8287,0.0,0.076,0.2,0.2465,1,0.0,5.4884,0.0,0.2533,0.4375,0.1662,0,0.0909,7.4261,0.0,0.2912,0.25,0.1053,0.0,0.1111,0,0DDlx4jWKb2TwTD_n9096jPYvQithEzVzfBPTZ_9JF4AlgLp-MF41GqNbw1prpzvWrZGiuDhxJ5QGQ,BR1_3252194473,13.157,11.843,6.868,0
6.7733,0.0,0.2117,0.3333,0.2933,2,0.0,5.0157,0.0,0.3215,0.3333,0.2589,0,0.2727,6.2693,0.0,0.2322,0.6154,0.2884,0.0,0.1429,0,CvoDTkDtoDPnxXgugaPQJT76ue7-tBrE2GbFT0D85V8fdAoR3M5rsP50quSwZVXPLECI26bZmvdF2A,BR1_3252703784,9.449,15.551,12.92,0
5.4286,0.0,0.1429,0.7273,0.4297,4,0.0,6.0,0.0,0.2727,0.3889,0.358,0,0.25,6.8781,0.0,0.3275,0.4667,0.2321,0.0,0.125,0,CvoDTkDtoDPnxXgugaPQJT76ue7-tBrE2GbFT0D85V8fdAoR3M5rsP50quSwZVXPLECI26bZmvdF2A,BR1_3252130450,14.0,11.0,12.213,0
5.6429,0.0,0.3571,0.3571,0.2936,3,0.2,5.0,0.0,0.3636,0.4667,0.2849,2,0.1,3.1968,0.0,0.5441,0.4211,0.2352,0.0,0.1333,1,CvoDTkDtoDPnxXgugaPQJT76ue7-tBrE2GbFT0D85V8fdAoR3M5rsP50quSwZVXPLECI26bZmvdF2A,BR1_3251927010,14.0,11.0,14.702,0
6.2143,0.0,0.2143,0.7143,0.3317,1,0.0,11.2827,0.0,0.2752,0.3571,0.232,2,0.1429,5.7577,0.0,0.3084,0.2667,0.1688,0.0,0.1,0,UvY7nGhotqjQO75nUYe14s-VifswQcL_q0_hm2WjJHvC50pm590fJuccdk9YEH9nLNpasmoOSeJffA,BR1_3247622206,14.0,7.268,9.726,1
5.755,0.0,0.2019,0.2857,0.297,1,0.25,6.3594,0.0,0.265,0.5238,0.231,3,0.2308,4.3868,0.0,0.3988,0.5,0.2549,0.0,0.4444,0,QRv2xF9FO4Psf_TTWd7zgfx7Moke5nzYxQTv8ONMRa6UI36k3sWJUP3tirG0f32853Q4N79sVrGwvA,BR1_3252757434,9.904,15.096,5.015,0
5.8571,0.0,0.0,0.4375,0.1799,2,0.25,5.0,0.0,0.0,0.52,0.2243,1,0.0,6.2507,0.0,0.0,0.5714,0.3058,0.0,0.2,1,QRv2xF9FO4Psf_TTWd7zgfx7Moke5nzYxQTv8ONMRa6UI36k3sWJUP3tirG0f32853Q4N79sVrGwvA,BR1_3252751155,14.0,11.0,1.6,1
6.0384,0.0,0.1858,0.5455,0.2768,1,0.0,4.5539,0.0,0.594,0.625,0.1709,0,0.2667,8.7478,0.0,0.0,0.0,0.2725,0.0,0.0,0,QRv2xF9FO4Psf_TTWd7zgfx7Moke5nzYxQTv8ONMRa6UI36k3sWJUP3tirG0f32853Q4N79sVrGwvA,BR1_3252720612,10.764,10.101,0.8,0
6.7857,0.0,0.0,0.1538,0.1533,0,0.0,8.15,0.0,0.3217,0.7143,0.2369,1,0.1111,0.8502,0.0,0.8502,0.0,0.1878,0.0,0.5,1,mXXWAj6U1wmnj5UixJvy0LjkDimeP-CP57YMWCSA97FgYq20l8TGce4gZ5hRYRmlfAQXHhCUazf5bw,BR1_3251897649,14.0,9.325,1.176,0
6.8557,0.0,0.1736,0.0,0.0807,0,0.0,7.0492,0.0,0.2968,0.3529,0.0935,0,0.0909,10.0915,0.0,0.1085,0.4706,0.1746,1.0,0.4167,0,66ZpwhlxOgiTXqp3DnkIGbXqdtSVXbdgtw5VoItGN000ZFUE_yxpqYQZyKbLm7MMndOkGBJkd5pV1w,BR1_3252703253,11.523,13.477,9.216,1
6.3203,0.0,0.1019,0.375,0.1089,0,0.0,7.142,0.0,0.3571,0.3846,0.1372,0,0.2,9.9354,0.0,0.3426,0.0,0.0741,0.0,0.1,0,66ZpwhlxOgiTXqp3DnkIGbXqdtSVXbdgtw5VoItGN000ZFUE_yxpqYQZyKbLm7MMndOkGBJkd5pV1w,BR1_3252684908,9.81,14.002,2.919,0
5.8523,0.0,0.077,0.2,0.215,0,0.0,5.3968,0.0,0.0885,0.2273,0.1431,0,0.25,4.9972,0.0,0.1562,0.2143,0.1258,0.0,0.125,0,66ZpwhlxOgiTXqp3DnkIGbXqdtSVXbdgtw5VoItGN000ZFUE_yxpqYQZyKbLm7MMndOkGBJkd5pV1w,BR1_3252323550,12.986,11.303,6.404,1
7.7143,0.0,0.0714,0.2727,0.2679,1,0.0,7.6807,0.0,0.2743,0.5,0.2161,1,0.2222,7.2335,0.0,0.2855,0.4286,0.3395,0.0,0.0,0,66ZpwhlxOgiTXqp3DnkIGbXqdtSVXbdgtw5VoItGN000ZFUE_yxpqYQZyKbLm7MMndOkGBJkd5pV1w,BR1_3252295390,14.0,10.936,10.507,0
6.9026,0.0,0.0719,0.0909,0.1327,1,0.0,4.5076,0.0,0.3606,0.5833,0.2903,1,0.1111,0.0,0.0,0.0,0.0,0.4028,0.0,0.5,0,IN3H3miS7ePWEvYsojGldHTyrYSe7y-rK5S3qMso5Hf6vE2P3T_DmVpKCg0LNqDlQCv0Rt43OA31Uw,BR1_3251974730,13.908,11.092,0.307,0
5.2143,0.0,0.0714,0.4545,0.2537,1,0.0,8.4545,0.0,0.0909,0.875,0.4636,1,0.25,7.9861,0.0,0.1879,0.7273,0.5202,1.0,0.1667,0,IN3H3miS7ePWEvYsojGldHTyrYSe7y-rK5S3qMso5Hf6vE2P3T_DmVpKCg0LNqDlQCv0Rt43OA31Uw,BR1_3251955812,14.0,11.0,10.644,0
6.5,0.0,0.0714,0.6,0.3081,5,0.0,8.6364,0.0,0.0909,0.5,0.1725,0,0.1818,4.2455,0.0,0.2908,0.4444,0.1706,1.0,0.3529,1,SRc1FSD7esblymiMO7Mp1znyCAHi7WCRVBezzTy3jL3b7C1M_mmLKPsZtmw8Sf2Xa4AOxjC79BKyAA,BR1_3252789982,14.0,11.0,17.195,1
5.4206,0.0,0.2259,0.2,0.0935,1,0.0,6.4687,0.0,0.4539,0.5,0.1735,0,0.4286,8.4018,0.0,0.3074,0.5833,0.2834,0.0,0.2667,0,SRc1FSD7esblymiMO7Mp1znyCAHi7WCRVBezzTy3jL3b7C1M_mmLKPsZtmw8Sf2Xa4AOxjC79BKyAA,BR1_3252786404,13.283,8.812,9.76,0
6.1429,0.0,0.2143,0.4286,0.1419,1,0.5,7.6364,0.0,0.1818,0.5714,0.2849,1,0.4545,10.3684,0.0,0.0,0.3846,0.2138,2.0,0.0,0,SRc1FSD7esblymiMO7Mp1znyCAHi7WCRVBezzTy3jL3b7C1M_mmLKPsZtmw8Sf2Xa4AOxjC79BKyAA,BR1_3252595186,14.0,11.0,5.98,1
0.2857,0.0,0.0,0.0,0.022,0,,0.0,0.0,0.0,0.0,,0,,,,,,,,,0,SRc1FSD7esblymiMO7Mp1znyCAHi7WCRVBezzTy3jL3b7C1M_mmLKPsZtmw8Sf2Xa4AOxjC79BKyAA,BR1_3252592547,14.0,11.0,-23.608,1
7.0714,0.0,0.3571,0.1667,0.1713,1,0.0,6.5179,0.0,0.5432,0.125,0.1264,0,0.0,6.0631,0.0,0.4593,0.2857,0.1173,0.0,0.0769,0,KKjXQQFKjLuDohvmiTnXyFyK7fK8HLzJ5mrxsP-SpmMbB9J9JBeKhJeAjNGFVl6L_abRI9mgYI2knw,BR1_3252724210,14.0,9.205,10.886,0
7.6116,0.0,0.0732,0.75,0.3418,3,0.0,6.5275,0.0,0.2646,0.7857,0.3821,2,0.1111,5.9975,0.0,0.0983,0.95,0.5478,5.0,0.2308,0,KKjXQQFKjLuDohvmiTnXyFyK7fK8HLzJ5mrxsP-SpmMbB9J9JBeKhJeAjNGFVl6L_abRI9mgYI2knw,BR1_3252706078,13.663,11.337,10.171,1
8.0682,0.0,0.0896,0.5333,0.3563,6,0.0,9.914,0.0,0.1853,0.7857,0.5159,10,0.3125,36.4372,0.0,0.0,1.0,0.8439,3.0,0.0,1,KKjXQQFKjLuDohvmiTnXyFyK7fK8HLzJ5mrxsP-SpmMbB9J9JBeKhJeAjNGFVl6L_abRI9mgYI2knw,BR1_3252692081,11.155,10.793,0.412,1
6.3571,0.0,0.1429,0.4667,0.2865,3,0.0,5.7273,0.0,0.1818,0.4545,0.2906,0,0.0909,6.2241,0.0,0.2305,0.6667,0.3686,1.0,0.0,0,KKjXQQFKjLuDohvmiTnXyFyK7fK8HLzJ5mrxsP-SpmMbB9J9JBeKhJeAjNGFVl6L_abRI9mgYI2knw,BR1_3252669866,14.0,11.0,8.676,0
7.649,0.0,0.102,0.5,0.2739,1,0.0,6.7128,0.0,0.1316,0.5,0.2895,2,0.1,5.1396,0.0,0.4058,0.5909,0.2899,3.0,0.1818,0,KKjXQQFKjLuDohvmiTnXyFyK7fK8HLzJ5mrxsP-SpmMbB9J9JBeKhJeAjNGFVl6L_abRI9mgYI2knw,BR1_3252601583,9.805,15.195,14.787,1
4.5507,0.0,0.4946,0.0,0.1935,0,0.0,6.2451,0.0,0.4701,0.2,0.2575,0,0.2353,,,,,,,,0,EIZq6eY_2dXtSxyzyghicqRN8e7hoNI65cujCY71cPqJsOLL8hNrFPUvEIIFTCMObwb-QS0KDZZPbg,BR1_3250539049,10.108,14.892,-2.241,0
6.7857,0.0,0.0714,0.2857,0.2161,0,0.0,7.5455,0.0,0.1818,0.3571,0.1392,0,0.0,7.1952,0.0,0.3128,0.4444,0.2166,0.0,0.1333,0,EIZq6eY_2dXtSxyzyghicqRN8e7hoNI65cujCY71cPqJsOLL8hNrFPUvEIIFTCMObwb-QS0KDZZPbg,BR1_3250285283,14.0,11.0,9.59,0
6.5714,0.0,0.1429,0.125,0.0929,1,0.0,7.0,0.0,0.1818,0.5,0.1609,0,0.0,5.7238,0.0,0.0,0.5714,0.1688,0.0,0.2,0,Z2Q5SR4t5ek_GtKViZsd2BdzhlfhqwYXqkcNSbH1WAtsJCU5tKI6ezonLIQe_TZlFWkuU47v2ycqFQ,BR1_3252724197,14.0,11.0,8.386,1
6.9286,0.0,0.2143,0.5714,0.1772,0,0.25,7.1818,0.0,0.1818,0.625,0.2267,1,0.125,8.257,0.0,0.2337,0.6364,0.284,0.0,0.2308,0,Z2Q5SR4t5ek_GtKViZsd2BdzhlfhqwYXqkcNSbH1WAtsJCU5tKI6ezonLIQe_TZlFWkuU47v2ycqFQ,BR1_3252704509,14.0,11.0,12.838,0
8.1749,0.0,0.0771,0.1,0.0808,0,0.0,4.6537,0.0,0.0831,0.3333,0.0399,1,0.0769,0.0,0.0,0.0,0.0,0.0,0.0,0.0,0,Z2Q5SR4t5ek_GtKViZsd2BdzhlfhqwYXqkcNSbH1WAtsJCU5tKI6ezonLIQe_TZlFWkuU47v2ycqFQ,BR1_3252327889,12.967,12.033,10.538,0
6.7857,0.0,0.1429,0.0,0.1428,0,0.0,6.8182,0.0,0.3636,0.6364,0.1573,0,0.0,7.3776,0.0,0.3353,0.6364,0.3096,1.0,0.0,0,Z2Q5SR4t5ek_GtKViZsd2BdzhlfhqwYXqkcNSbH1WAtsJCU5tKI6ezonLIQe_TZlFWkuU47v2ycqFQ,BR1_3252309366,14.0,11.0,8.946,0
7.5,0.0,0.1429,0.3,0.2933,0,0.0,5.8976,0.0,0.3764,0.5,0.2777,0,0.0,4.3027,0.0,0.3741,1.0,0.2297,0.0,0.1818,0,p3uZ7e7AgFmm_AttGTd3B013_84C_BAM3jvc6d2SHPPzrfEejuzx1X5p-wjwPupEllLl09QtAHresQ,BR1_3252610525,14.0,7.969,5.345,0
5.9286,0.0,0.2143,0.4615,0.2513,1,0.0,5.6364,0.0,0.2727,0.6667,0.1884,1,0.0909,2.9668,0.0,0.5394,0.6667,0.2814,0.0,0.375,0,p3uZ7e7AgFmm_AttGTd3B013_84C_BAM3jvc6d2SHPPzrfEejuzx1X5p-wjwPupEllLl09QtAHresQ,BR1_3252398171,14.0,11.0,3.708,0
8.0714,0.0,0.0714,0.3846,0.2298,3,0.2,4.3636,0.0,0.1818,0.6667,0.363,1,0.0,5.3111,0.0,0.2309,0.7857,0.4818,1.0,0.0,1,p3uZ7e7AgFmm_AttGTd3B013_84C_BAM3jvc6d2SHPPzrfEejuzx1X5p-wjwPupEllLl09QtAHresQ,BR1_3252323516,14.0,11.0,8.661,1
4.1429,0.0,0.2857,0.75,0.4212,4,0.5,0.0,0.0,0.0,0.0,,0,,,,,,,,,1,WSo7_9p18PDFIFSDqhLbFshZX0oQbgMs5pTGyD6Zbwb2mAtu7BRWpXgRHEVTXARJC00XZ0Yb-1P8fg,BR1_3251877068,14.0,11.0,-13.954,1
5.2075,0.0,0.372,0.1765,0.1463,1,0.0,7.7507,0.0,0.347,0.75,0.2428,1,0.125,2.9548,0.0,0.6953,1.0,0.3769,0.0,0.3,0,WSo7_9p18PDFIFSDqhLbFshZX0oQbgMs5pTGyD6Zbwb2mAtu7BRWpXgRHEVTXARJC00XZ0Yb-1P8fg,BR1_3251796729,13.442,8.644,5.753,0
5.9286,0.0,0.1429,0.6,0.2511,1,0.0,7.4545,0.0,0.2727,0.4667,0.1733,0,0.1818,6.3456,0.0,0.3896,0.7037,0.2634,1.0,0.0526,1,WSo7_9p18PDFIFSDqhLbFshZX0oQbgMs5pTGyD6Zbwb2mAtu7BRWpXgRHEVTXARJC00XZ0Yb-1P8fg,BR1_3251715468,14.0,11.0,17.965,0
9.5974,0.0,0.244,0.5,0.3363,0,0.0,8.1071,0.0,0.2361,0.4706,0.2833,4,0.2,13.7206,0.0,0.2983,1.0,0.2331,1.0,0.125,0,WSo7_9p18PDFIFSDqhLbFshZX0oQbgMs5pTGyD6Zbwb2mAtu7BRWpXgRHEVTXARJC00XZ0Yb-1P8fg,BR1_3251710037,12.295,12.705,3.353,0
6.9859,0.0,0.072,0.25,0.2934,1,0.25,7.1075,0.0,0.09,0.5,0.3532,0,0.1818,4.2212,0.0,0.4871,0.3333,0.1808,0.0,0.0,0,yfUPgM0dK4uRFl3-IavjQjpTCQJNUtKdedfexjmle_QpcWsUDpV8pRuK-553TTWTvR6ofrjY8UALww,BR1_3250660094,13.885,11.115,6.159,0
6.3384,0.0,0.0,0.125,0.2341,1,0.0,7.1321,0.0,0.1567,0.5833,0.1916,2,0.0,6.0705,0.0,0.1239,0.45,0.1524,1.0,0.0,0,yfUPgM0dK4uRFl3-IavjQjpTCQJNUtKdedfexjmle_QpcWsUDpV8pRuK-553TTWTvR6ofrjY8UALww,BR1_3248111566,10.886,12.759,16.144,1
6.6559,0.0,0.1431,0.4,0.1824,2,0.0,5.5933,0.0,0.1055,0.6923,0.3422,1,0.0,4.2655,0.0,0.2337,0.6111,0.2479,1.0,0.05,0,yfUPgM0dK4uRFl3-IavjQjpTCQJNUtKdedfexjmle_QpcWsUDpV8pRuK-553TTWTvR6ofrjY8UALww,BR1_3248084436,13.973,9.476,17.114,0
9.2857,0.0,0.0714,0.4286,0.1282,0,0.0,8.7273,0.0,0.3636,0.2353,0.1712,0,0.1111,9.108,0.0,0.0,0.3333,0.1518,0.0,0.25,0,mH9Qfe2qwdxNPl-Fh2UpbySJoX6rrrJg2TrTx0ZPKVNgFbmZlNzlpfeh6ynx85WZ51O9okFoj9s6vw,BR1_3252063484,14.0,11.0,5.49,1
5.5,0.0,0.2857,0.3571,0.3505,2,0.0,8.2727,0.0,0.2727,0.6875,0.3717,0,0.2,4.9362,0.0,0.3291,0.7222,0.4497,4.0,0.25,0,n2959LdTvW_KDWCiMlkjc7bxaVDhqBMVVzY9CgKc19A98JKGmTb-Tf9Lxq_asfiyX_oKpzcxLuD2uA,BR1_3252804739,14.0,11.0,9.116,1
6.0,0.0,0.2857,0.3077,0.2652,2,0.0,7.5958,0.0,0.2619,0.25,0.1558,1,0.2222,5.9928,0.0,0.2959,0.4231,0.1845,1.0,0.2308,0,n2959LdTvW_KDWCiMlkjc7bxaVDhqBMVVzY9CgKc19A98JKGmTb-Tf9Lxq_asfiyX_oKpzcxLuD2uA,BR1_3251440419,14.0,7.636,13.516,1
5.0093,0.0,0.4911,0.0909,0.0866,0,0.0,8.7761,0.0,0.295,0.375,0.2253,0,0.0769,9.9162,0.0,0.118,0.7143,0.4372,2.0,0.25,0,jcpJlZoHj7Pe3a1IVbRjfqnlIk3xGmMB_88LBQQQjG7r5ML0jQuRYuQ5aCGw4W4CLMSqM5riBeTrlQ,BR1_3252730356,10.181,13.56,8.471,0
5.0714,0.0,0.2857,0.2,0.2091,2,0.0,7.9178,0.0,0.5192,0.3333,0.2407,0,0.1429,9.0175,0.0,0.2519,0.4286,0.2662,3.0,0.1,0,jcpJlZoHj7Pe3a1IVbRjfqnlIk3xGmMB_88LBQQQjG7r5ML0jQuRYuQ5aCGw4W4CLMSqM5riBeTrlQ,BR1_3252713402,14.0,7.704,19.85,0
6.0644,0.0,0.2303,0.25,0.2214,0,0.0,8.4576,0.0,0.3488,0.3333,0.1373,1,0.0833,0.8049,0.0,0.8049,0.0,0.1872,0.0,0.1429,0,jcpJlZoHj7Pe3a1IVbRjfqnlIk3xGmMB_88LBQQQjG7r5ML0jQuRYuQ5aCGw4W4CLMSqM5riBeTrlQ,BR1_3252691423,13.027,11.469,2.485,0
7.7005,0.0,0.1572,0.5,0.2713,4,0.0,5.613,0.0,0.244,0.8333,0.3931,0,0.25,4.8342,0.0,0.3334,0.7692,0.2948,0.0,0.0,0,0T3mFuKCmGzq8Iexa-pCwY91lJ9Nu5zk-fQoBoacuZsK08Q_Pi5aB3SdV8UxumqBxPGy3iOpCEjY0A,BR1_3252838780,12.726,8.195,11.998,0
8.0218,0.0,0.0,0.4375,0.2976,1,0.0,10.5752,0.0,0.0,0.5,0.2031,0,0.0,4.8484,0.0,0.3232,0.5,0.153,0.0,0.1053,0,0T3mFuKCmGzq8Iexa-pCwY91lJ9Nu5zk-fQoBoacuZsK08Q_Pi5aB3SdV8UxumqBxPGy3iOpCEjY0A,BR1_3252822470,11.469,9.834,12.375,0
4.4286,0.0,0.0,0.25,0.2483,1,,0.0,0.0,0.0,0.0,,0,,,,,,,,,0,_9aCcUVt3niP7SK9WNQQnqxiApW_9TseGZkLqyCZNabLRgbD2nQdkiTiPNPHA2bkyZNSKo3rRhIvtg,BR1_3252824771,14.0,11.0,-18.22,0
5.9286,0.0,0.2143,0.5625,0.3769,3,0.0,8.9091,0.0,0.1818,0.55,0.367,2,0.2727,13.7445,0.0,0.1562,0.5,0.3645,3.0,0.3333,0,KIcWNnApypcbjFqdnR3U52OphyPgiw0R7axCVJdpwn6oHOyCLgIANUVp4K3q_f_qg6vaEh0vBusB1w,BR1_3252791739,14.0,11.0,6.403,1
5.0714,0.0,0.3571,0.5455,0.2647,3,0.2,4.3636,0.0,0.4545,0.5882,0.3017,1,0.1111,7.5927,0.0,0.2449,0.75,0.3064,4.0,0.0,1,KIcWNnApypcbjFqdnR3U52OphyPgiw0R7axCVJdpwn6oHOyCLgIANUVp4K3q_f_qg6vaEh0vBusB1w,BR1_3252782426,14.0,11.0,12.249,0
7.6532,0.0,0.2972,0.4167,0.3146,4,0.0,6.065,0.0,0.2599,0.6429,0.4575,6,0.0,4.972,0.0,0.3825,0.2,0.2374,0.0,0.0769,0,DjhqQoLKFuGE591D6Yi8ogtc6t1PuyFKCIxleyl9l6LnnS0ceHtpiGR0u4X8nPT1T4M2TJKeaImiUw,BR1_3252641287,13.458,11.542,7.844,0
4.5,0.0,0.0714,0.6667,0.3068,2,0.4,4.2043,0.0,0.5255,0.75,0.2349,3,0.125,1.4154,0.0,0.5662,0.6,0.2667,1.0,0.375,0,DjhqQoLKFuGE591D6Yi8ogtc6t1PuyFKCIxleyl9l6LnnS0ceHtpiGR0u4X8nPT1T4M2TJKeaImiUw,BR1_3252498716,14.0,9.514,10.598,0
5.3571,0.0,0.0714,0.1429,0.27,0,0.0,6.3636,0.0,0.0909,0.5,0.1979,0,0.25,4.7801,0.0,0.4481,0.4286,0.2268,1.0,0.0556,0,c8krKZRSAekUPVjXj-QPODS-PfyhcN2GhJcovU4NwMWEgdk4b55HhVsxMOt4als5xBXtH2cDqNv_nQ,BR1_3251839534,14.0,11.0,13.389,0
6.8823,0.0,0.3128,0.6,0.3966,2,0.0,10.6439,0.0,0.3275,0.3077,0.1868,0,0.0909,11.5536,0.0,0.0,0.3333,0.1364,1.0,0.3333,1,XZmeGAtOjdqW7TXDg1Fs0vKLBT8XUlhnIYeT3xuTIcLWf0tZlWfvHb3PEK6u1jZ3kgmt5T9uwVXtTw,BR1_3252794257,12.786,12.214,2.51,1
7.4345,0.0,0.1517,0.4286,0.2798,0,0.0,10.5027,0.0,0.2442,0.5455,0.2362,2,0.0,7.3604,0.0,0.3979,0.3478,0.2509,1.0,0.08,0,XZmeGAtOjdqW7TXDg1Fs0vKLBT8XUlhnIYeT3xuTIcLWf0tZlWfvHb3PEK6u1jZ3kgmt5T9uwVXtTw,BR1_3252736675,13.182,8.188,20.107,0
5.282,0.0,0.473,0.3333,0.2317,2,0.2,0.8932,0.0,0.0812,0.0,0.4274,0,0.5,,,,,,,,1,rnNkx6xNQ7Hn6K8yl_3ixNobzZAoIPMMVqedXMLshICaT176yc8b9dLTmSw4zgeXF4OhkR1qTvRlyQ,BR1_3252813441,12.685,12.315,-9.124,0
2.8419,0.0,0.2508,0.2143,0.1584,1,0.0,6.7504,0.0,0.3068,0.3,0.1478,2,0.1176,5.7235,0.0,0.0,0.7143,0.0761,0.0,0.0,0,ZFTfIvIVBi5gHqRHj-1D9OXKl9bagm1y4B6yTPPHgqWweT5Airez_0kwTuETV9Pnt-EZWGhnY_3eUg,BR1_3252821338,11.964,13.036,3.844,1
5.8571,0.0,0.1429,0.4286,0.2385,0,0.0,5.8182,0.0,0.2727,0.3,0.2486,0,0.2,8.4448,0.0,0.1624,0.3333,0.168,1.0,0.0,0,ZFTfIvIVBi5gHqRHj-1D9OXKl9bagm1y4B6yTPPHgqWweT5Airez_0kwTuETV9Pnt-EZWGhnY_3eUg,BR1_3252806179,14.0,11.0,6.158,1
6.8502,0.0,0.1734,0.4,0.1697,1,0.0,7.1283,0.0,0.2228,0.4615,0.2068,0,0.0,5.1832,0.0,0.311,0.4762,0.1855,0.0,0.1053,0,ZFTfIvIVBi5gHqRHj-1D9OXKl9bagm1y4B6yTPPHgqWweT5Airez_0kwTuETV9Pnt-EZWGhnY_3eUg,BR1_3252754769,11.533,13.467,19.293,0
7.3661,0.0,0.0,0.5714,0.2873,2,0.0,3.966,0.0,0.0,0.4,0.2627,3,0.1176,,,,,,,,0,NrL9s5r2afHvVFEmOWmAHdr8V7m_fzWEduSW6Af6Jq9jg4Jm94GYHujaHEbLAJfs4I5wqSt8v4qyMw,BR1_3252871338,9.367,15.633,-5.017,1
5.7993,0.0,0.4296,0.2778,0.2238,1,0.0,7.523,0.0,0.3626,0.35,0.2512,1,0.2,3.7766,0.0,0.118,0.6667,0.2312,0.0,0.2222,0,NrL9s5r2afHvVFEmOWmAHdr8V7m_fzWEduSW6Af6Jq9jg4Jm94GYHujaHEbLAJfs4I5wqSt8v4qyMw,BR1_3252862154,13.967,11.033,8.473,1
8.3056,0.0,0.1767,0.3,0.1756,1,0.0,7.2356,0.0,0.4385,0.3889,0.2439,1,0.2,7.3929,0.0,0.4436,0.5,0.3081,1.0,0.25,0,NrL9s5r2afHvVFEmOWmAHdr8V7m_fzWEduSW6Af6Jq9jg4Jm94GYHujaHEbLAJfs4I5wqSt8v4qyMw,BR1_3252853691,11.318,13.682,6.763,0
5.8435,0.0,0.2922,0.4545,0.2285,2,0.4,3.8905,0.0,0.4421,0.3,0.263,0,0.4375,,,,,,,,0,NrL9s5r2afHvVFEmOWmAHdr8V7m_fzWEduSW6Af6Jq9jg4Jm94GYHujaHEbLAJfs4I5wqSt8v4qyMw,BR1_3252840877,13.691,11.309,-1.651,0
4.863,0.0,0.2372,0.4,0.282,1,,5.6129,0.0,0.4225,0.3462,0.2297,1,0.1111,8.0029,0.0,0.3936,0.8,0.5196,6.0,0.1818,0,NrL9s5r2afHvVFEmOWmAHdr8V7m_fzWEduSW6Af6Jq9jg4Jm94GYHujaHEbLAJfs4I5wqSt8v4qyMw,BR1_3252799623,8.431,16.569,7.622,0
9.4457,0.0,0.0908,0.3333,0.4092,4,0.0,3.6455,0.0,0.0,0.625,0.4755,2,0.5,,,,,,,,0,iOjDdbkDyvbj60OcRMVvTTT7pXUAKsfFljD-H-lo95IZi5lFf0T-k-tWWD5xmeJUQeLrTRUE58QDBg,BR1_3252828263,11.01,13.99,-9.729,1
6.8571,0.0,0.0,0.6364,0.3382,6,0.0,8.0,0.0,0.0909,0.4167,0.2892,1,0.1,7.2429,0.0,0.2708,0.3333,0.2898,5.0,0.2,0,iOjDdbkDyvbj60OcRMVvTTT7pXUAKsfFljD-H-lo95IZi5lFf0T-k-tWWD5xmeJUQeLrTRUE58QDBg,BR1_3252816547,14.0,11.0,14.773,1
4.8509,0.0,0.2553,0.4444,0.207,0,0.0,5.2988,0.0,0.1558,0.2857,0.1853,1,0.0769,4.7522,0.0,0.3587,0.25,0.1683,1.0,0.1538,0,ZTNFEFNGkR1yKax69GyKoAZ2QuhzGx59LfN7OzW4jzbWK3VVdyB4IoNR7MmNzM27xa91cK-pgia9Lw,BR1_3252805265,11.75,12.833,11.153,0
8.0,0.0,0.4286,0.2857,0.1867,2,0.0,6.5455,0.0,0.3636,0.8,0.3784,0,0.1111,,,,,,,,0,vQ_m9MuJ0QC6x5AXMLjd7vpfcwq72TFdieqK7k9ZgeT9wR2lEhBGX87rZRKmsc-FWR2OdzeBJbsUjg,BR1_3252814146,14.0,11.0,-3.657,0
7.7936,0.0,0.0764,0.2308,0.2037,2,0.0,5.2886,0.0,0.2518,0.4583,0.2273,0,0.1,6.6842,0.0,0.1393,0.4706,0.1897,0.0,0.25,0,VojWyX4Iamqxr8-aP1XLF6vqCSzK_PSVUhngKXKPDG4gkhm9YLPtzqdnNVkkYqf38KR4p7pPFUZMiA,BR1_3252805194,13.088,11.912,7.181,1
6.2857,0.0,0.1429,0.4444,0.2754,1,0.6,7.2727,0.0,0.1818,0.6111,0.3494,1,0.1111,4.5652,0.0,0.3804,0.5,0.3371,0.0,0.3333,0,QcDd9G6KWcOkFj_y3u5A7WgYAQV1gJZvNF2X0We3QBL4jmVuNM2VpDRHK-nyV8d3BvYJSg_ARnQH5w,BR1_3252843252,14.0,11.0,7.886,0
6.4923,0.0,0.2319,0.4545,0.2225,3,0.2,8.6986,0.0,0.2148,0.3333,0.2237,2,0.2,2.4208,0.0,0.1424,0.3889,0.1565,0.0,0.5455,1,QcDd9G6KWcOkFj_y3u5A7WgYAQV1gJZvNF2X0We3QBL4jmVuNM2VpDRHK-nyV8d3BvYJSg_ARnQH5w,BR1_3252784972,12.938,9.312,7.022,1
6.0714,0.0,0.0714,0.3846,0.2176,0,0.8,3.1818,0.0,0.0909,0.6667,0.4182,3,0.0,,,,,,,,0,QcDd9G6KWcOkFj_y3u5A7WgYAQV1gJZvNF2X0We3QBL4jmVuNM2VpDRHK-nyV8d3BvYJSg_ARnQH5w,BR1_3252783596,14.0,11.0,-7.719,1
6.7143,0.0,0.0,0.375,0.1721,2,0.0,6.7273,0.0,0.1818,0.4737,0.1804,1,0.1111,4.5465,0.0,0.5196,0.4545,0.226,1.0,0.2857,0,l-sbooP4KMYeF4q8wkgyU4kLQseeDQsYPd_6Y4AHRthxNfSJeSLWto6AhuyH6ozaZtE5pSjocFGQ9A,BR1_3251550004,14.0,11.0,7.698,0
6.943,0.0,0.1736,0.5,0.4381,1,0.0,8.5642,0.0,0.3202,0.6667,0.3667,1,0.2143,4.2392,0.0,0.7065,0.5,0.162,0.0,0.1429,0,c9ZGWdilxz61P9u-S_GGTaUfukg4gog4fWWZr6-ebnegzzmyXB-nPdJsoXT4fVy7tIYMdkypDN-LHQ,BR1_3252857221,11.522,12.494,2.831,0
6.6736,0.0,0.0,0.2222,0.1421,0,0.0,7.6107,0.0,0.0662,0.3333,0.1794,3,0.0833,,,,,,,,0,mYsYdkky2ZHqdrRDwMMj4hGQE0JpPsUMiefs5fkL1bXoQUT5YXaTrSwV-isP3r3lMc6xvGqBc8t5rg,BR1_3252809565,9.89,15.11,-3.581,1
6.2857,0.0,0.2143,0.2,0.2762,0,0.2,7.1818,0.0,0.3636,0.3333,0.286,0,0.0,,,,,,,,0,mYsYdkky2ZHqdrRDwMMj4hGQE0JpPsUMiefs5fkL1bXoQUT5YXaTrSwV-isP3r3lMc6xvGqBc8t5rg,BR1_3252795408,14.0,11.0,-0.235,0
6.4286,0.0,0.3571,0.1111,0.1557,0,0.0,6.5455,0.0,0.4545,0.2,0.1807,1,0.1667,0.0,0.0,0.0,0.0,0.1532,0.0,1.0,0,Ff27PVZRUIFEyGj7fe0rY09CSQus4kDxbxUTuoWbOP-p92sBuPGTIIquY_QQr9iexv9QbnNsvzvOOA,BR1_3251692407,14.0,11.0,0.339,0
7.8408,0.0,0.1553,0.2308,0.0784,1,0.0,9.5924,0.0,0.102,0.4375,0.1976,1,0.3,7.6804,0.0,0.3589,0.1905,0.1924,2.0,0.0,0,2ApDGMHfIkhn_kS37HwsX4XUN6K_OWEaWrZi-nDnmGyiVhP6_MqXe1tsNqyHxEy0Az6wE5d1H8XCSA,BR1_3252750100,12.881,9.799,13.931,1
7.0714,0.0,0.0714,0.3333,0.1437,0,0.0,8.8182,0.0,0.0909,0.3636,0.1935,1,0.1111,9.1764,0.0,0.0,0.5,0.221,1.0,0.0833,0,2ApDGMHfIkhn_kS37HwsX4XUN6K_OWEaWrZi-nDnmGyiVhP6_MqXe1tsNqyHxEy0Az6wE5d1H8XCSA,BR1_3252735955,14.0,11.0,7.846,1
7.2857,0.0,0.1429,0.1429,0.2171,1,0.0,7.6364,0.0,0.0909,0.6429,0.2053,1,0.2222,6.5024,0.0,0.2011,0.44,0.2128,2.0,0.3125,1,2ApDGMHfIkhn_kS37HwsX4XUN6K_OWEaWrZi-nDnmGyiVhP6_MqXe1tsNqyHxEy0Az6wE5d1H8XCSA,BR1_3252719451,14.0,11.0,14.918,1
7.4187,0.0,0.1562,0.125,0.2242,0,0.0,8.3644,0.0,0.41,0.1111,0.112,0,0.1,11.0205,0.0,0.1736,0.1364,0.0783,2.0,0.0,0,2ApDGMHfIkhn_kS37HwsX4XUN6K_OWEaWrZi-nDnmGyiVhP6_MqXe1tsNqyHxEy0Az6wE5d1H8XCSA,BR1_3252599070,12.805,12.195,11.524,1
6.6253,0.0,0.096,0.3125,0.2739,2,0.0,4.1137,0.0,0.3428,0.6154,0.2791,6,0.25,2.1296,0.0,0.4167,0.6087,0.2817,2.0,0.0769,0,01Ii9IXS9Zmc1E4drD52u-t7pq-RvF97LO7CB6_vFxeflULMAkdIvSw1dMkt69CzxtNfeDNyYscaVQ,BR1_3251333847,10.415,14.585,21.6,0
0.1429,0.0,0.0,0.0,0.0,0,,0.0,0.0,0.0,0.0,,0,,,,,,,,,0,M8AkDoq7iFNxFpBbLxFA6BCz3TnNfbQ74DdY1IkpFyZ5ndZ9TSrGZ1qzGhEdbrkksA3xj-FsGdWoYA,BR1_3252264886,14.0,11.0,-23.754,0
7.3571,0.0,0.0714,0.5,0.317,0,0.0,10.0,0.0,0.2727,0.3333,0.2725,0,0.1,4.1074,0.0,0.3912,0.6667,0.2611,0.0,0.2727,0,M8AkDoq7iFNxFpBbLxFA6BCz3TnNfbQ74DdY1IkpFyZ5ndZ9TSrGZ1qzGhEdbrkksA3xj-FsGdWoYA,BR1_3251932724,14.0,11.0,5.113,0
6.5,0.0,0.1429,0.5,0.2214,2,0.0,11.672,0.0,0.1024,0.2,0.2414,3,0.3333,10.2298,0.0,0.3528,0.0,0.193,0.0,0.2,0,M8AkDoq7iFNxFpBbLxFA6BCz3TnNfbQ74DdY1IkpFyZ5ndZ9TSrGZ1qzGhEdbrkksA3xj-FsGdWoYA,BR1_3251915903,14.0,9.767,2.835,1
5.5548,0.0,0.3968,0.0,0.2186,0,0.0,8.7916,0.0,0.3226,0.1,0.1875,0,0.2727,8.2243,0.0,0.1653,0.2941,0.1794,1.0,0.08,0,M8AkDoq7iFNxFpBbLxFA6BCz3TnNfbQ74DdY1IkpFyZ5ndZ9TSrGZ1qzGhEdbrkksA3xj-FsGdWoYA,BR1_3251783169,12.602,12.398,24.197,1
8.5863,0.0,0.0,0.5,0.3118,1,0.0,4.0546,0.0,0.331,0.625,0.271,2,0.2308,4.1507,0.0,0.2185,0.6,0.2197,0.0,0.1667,1,NtWIOYCWgE2-BzT6J8hrSVvKoMgbjk2I0ZUay-jN3MOAgjNCW8wEHj1lWfA5wXBzf_4HpDQVz0pU_w,BR1_3252489321,11.646,12.085,4.577,0
6.2857,0.0,0.3571,0.125,0.2291,1,0.0,7.3636,0.0,0.1818,0.2222,0.1293,0,0.1818,8.8092,0.0,0.2517,0.5,0.136,0.0,0.0,1,NtWIOYCWgE2-BzT6J8hrSVvKoMgbjk2I0ZUay-jN3MOAgjNCW8wEHj1lWfA5wXBzf_4HpDQVz0pU_w,BR1_3252328765,14.0,11.0,11.919,1
4.2857,0.0,0.3571,0.1,0.2203,1,0.0,8.0,0.0,0.3636,0.0,0.0741,0,0.1429,3.3853,0.0,0.5642,0.25,0.1302,0.0,0.4286,0,NtWIOYCWgE2-BzT6J8hrSVvKoMgbjk2I0ZUay-jN3MOAgjNCW8wEHj1lWfA5wXBzf_4HpDQVz0pU_w,BR1_3252312217,14.0,11.0,3.545,0
6.5757,0.0,0.1644,0.25,0.1724,0,0.0,5.6101,0.0,0.1558,0.5882,0.1982,1,0.1429,3.7793,0.0,0.3286,0.6,0.3461,0.0,0.1667,0,NtWIOYCWgE2-BzT6J8hrSVvKoMgbjk2I0ZUay-jN3MOAgjNCW8wEHj1lWfA5wXBzf_4HpDQVz0pU_w,BR1_3252292187,12.166,12.834,6.086,1
7.0,0.0,0.0714,0.3,0.2858,0,0.0,10.6479,0.0,0.1065,0.5714,0.2417,3,0.1111,4.9952,0.0,0.0,0.8095,0.4219,1.0,0.2,0,tJqi400ATmucJ1WK0oY0awm7S-RweaPy2eHxH1qNcv5UMVnqGRASDOjieNzqYQ8bChQEJy_IsNL4mw,BR1_3252699401,14.0,9.392,12.212,1
7.5829,0.0,0.0766,0.125,0.0789,0,0.0,11.224,0.0,0.0,0.5333,0.1731,0,0.0833,9.7625,0.0,0.1791,0.3,0.1501,1.0,0.1538,0,tJqi400ATmucJ1WK0oY0awm7S-RweaPy2eHxH1qNcv5UMVnqGRASDOjieNzqYQ8bChQEJy_IsNL4mw,BR1_3252593134,13.056,11.226,11.165,1
7.5,0.0,0.1429,0.3333,0.1785,1,0.0,7.4545,0.0,0.1818,0.4375,0.195,3,0.2,4.483,0.0,0.3985,0.3333,0.2016,0.0,0.2857,0,tJqi400ATmucJ1WK0oY0awm7S-RweaPy2eHxH1qNcv5UMVnqGRASDOjieNzqYQ8bChQEJy_IsNL4mw,BR1_3252574717,14.0,11.0,10.038,0
6.783,0.0,0.0929,0.0,0.2142,0,0.75,1.5452,0.0,0.0,1.0,0.1708,0,0.5,,,,,,,,0,tJqi400ATmucJ1WK0oY0awm7S-RweaPy2eHxH1qNcv5UMVnqGRASDOjieNzqYQ8bChQEJy_IsNL4mw,BR1_3252568595,10.762,14.238,-12.993,1
7.7391,0.0,0.0,0.3,0.2716,1,0.0,7.2599,0.0,0.2904,0.5,0.2614,1,0.1667,4.5604,0.0,0.2974,0.5278,0.2659,2.0,0.1667,0,3I-6NjJfuLV_qTs1iF5oxLJEqAukYo-XdZ8IzvviyU7oaLyELezCrFBcYXsCegQkyiB2IrnJ_xa-Qg,BR1_3252050630,10.725,13.774,20.173,0
5.6384,0.0,0.3661,0.2222,0.1237,0,0.0,7.1406,0.0,0.1763,0.0,0.1333,0,0.1538,12.7386,0.0,0.0,0.0,0.0652,0.0,0.5,0,56GNxr7rUgCA3-MCUt5RYXiR0c9xBFXV-EQXn0EEGYH0Cjfe98Y4Ka2vC6HuHlWQtu2ZiMN-6lJFBg,BR1_3252673792,13.656,11.344,2.041,0
7.6982,0.0,0.154,0.3333,0.1722,1,0.0,9.0562,0.0,0.4817,0.25,0.1457,2,0.0833,12.4803,0.0,0.32,1.0,0.0855,0.0,0.0,0,56GNxr7rUgCA3-MCUt5RYXiR0c9xBFXV-EQXn0EEGYH0Cjfe98Y4Ka2vC6HuHlWQtu2ZiMN-6lJFBg,BR1_3252072334,12.99,10.38,3.125,0
8.0,0.0,0.0714,0.4286,0.2267,1,0.0,9.9091,0.0,0.0909,0.8125,0.3191,0,0.2,6.6631,0.0,0.1149,0.5,0.1869,0.0,0.1667,0,56GNxr7rUgCA3-MCUt5RYXiR0c9xBFXV-EQXn0EEGYH0Cjfe98Y4Ka2vC6HuHlWQtu2ZiMN-6lJFBg,BR1_3251938058,14.0,11.0,8.705,1
9.7532,0.0,0.0,0.1429,0.2218,1,0.0,11.7678,0.0,0.181,0.1875,0.1649,0,0.4444,6.832,0.0,0.297,0.3333,0.084,0.0,0.5714,0,56GNxr7rUgCA3-MCUt5RYXiR0c9xBFXV-EQXn0EEGYH0Cjfe98Y4Ka2vC6HuHlWQtu2ZiMN-6lJFBg,BR1_3248338437,12.099,11.047,3.366,1
6.1013,0.0,0.1545,0.7273,0.2784,6,0.0,7.0034,0.0,0.3891,0.4,0.2288,0,0.3,4.8609,0.0,0.3038,0.5769,0.2408,2.0,0.1765,1,yOwj4no3PYMFJKBbhhjnj_ilRVWk-ZZSmdngfFiWXDlsI_b0jse9Yz-0GOskkihisWF0lUpXatFrvw,BR1_3252075669,12.948,7.71,16.458,1
6.7857,0.0,0.1429,0.6667,0.3188,3,0.0,7.3636,0.0,0.1818,0.4444,0.1929,3,0.1,3.3634,0.0,0.4387,0.6,0.3353,0.0,0.1818,0,yOwj4no3PYMFJKBbhhjnj_ilRVWk-ZZSmdngfFiWXDlsI_b0jse9Yz-0GOskkihisWF0lUpXatFrvw,BR1_3252066620,14.0,11.0,6.838,0
6.6586,0.0,0.2296,0.0909,0.1864,0,0.0,7.4973,0.0,0.271,0.2632,0.1046,0,0.25,6.1302,0.0,0.225,0.3704,0.1474,0.0,0.0909,0,nK5wt9cb5G1wgRBrKGdE01hud1D_taR8zs7kX0e4PpqKN48PdWPIypYTTmG1r7sFe3LzORTVnY6MhA,BR1_3251763388,13.066,11.071,17.781,0
6.5714,0.0,0.0,0.4118,0.2789,3,0.0,8.2727,0.0,0.2727,0.5333,0.2533,3,0.0909,6.8493,0.0,0.1427,1.0,0.2438,0.0,0.1538,0,nK5wt9cb5G1wgRBrKGdE01hud1D_taR8zs7kX0e4PpqKN48PdWPIypYTTmG1r7sFe3LzORTVnY6MhA,BR1_3248733002,14.0,11.0,7.008,1
6.2358,0.0,0.077,0.3846,0.2558,2,0.0,8.2427,0.0,0.0833,0.5833,0.2449,4,0.375,7.2825,0.0,0.1349,0.4167,0.2025,1.0,0.2222,0,nK5wt9cb5G1wgRBrKGdE01hud1D_taR8zs7kX0e4PpqKN48PdWPIypYTTmG1r7sFe3LzORTVnY6MhA,BR1_3248714023,12.989,12.011,7.415,1
6.3897,0.0,0.2028,0.1667,0.2056,0,0.0,4.8215,0.0,0.1981,0.5,0.2241,1,0.1667,3.1259,0.0,0.329,0.52,0.2941,4.0,0.1923,0,41DGNb2cDMctF3h9xoGtF_OZQLfcjqqZi90SJPAomZXlizy5cweQA5vmwkivtmQ57XCqTMTuMXmzeg,BR1_3252040680,9.86,15.14,24.313,0
7.1429,0.0,0.2143,0.4167,0.252,2,0.0,6.282,0.0,0.2813,0.3571,0.1692,2,0.1,5.0534,0.0,0.266,0.3333,0.0725,0.0,0.0,0,GwmBfuzcaXkXQKhtDwV_giYStT_F4LLlx40GUDcijB9ikuumzi-ISD3rzILx5j_8wgmo3qcVBEf4Mg,BR1_3252750848,14.0,10.665,11.28,1
0.0,0.0,0.0,0.0,1.0,0,,0.0,0.0,0.0,0.0,,0,,,,,,,,,0,GwmBfuzcaXkXQKhtDwV_giYStT_F4LLlx40GUDcijB9ikuumzi-ISD3rzILx5j_8wgmo3qcVBEf4Mg,BR1_3252747950,14.0,11.0,-23.699,1
7.4764,0.0,0.0,0.1,0.0804,0,0.0,7.3121,0.0,0.086,0.2143,0.1694,0,0.1818,7.6201,0.0,0.3629,0.2857,0.1868,0.0,0.3,0,zGX_R8TwLScai5Olw7HVbusMSgH3ZJpBV2CYQv9Fg-7nvizK4qL55YxKpNkXnyw5GGEvg6wSaN1MJQ,BR1_3252819438,13.375,11.625,8.268,0
5.4286,0.0,0.0714,0.6875,0.3453,4,0.2,5.9091,0.0,0.0909,0.3889,0.2722,2,0.0769,5.0152,0.0,0.295,0.5652,0.2732,3.0,0.2857,0,dfFpF8dKHmsGWmHeyOuCiLqc-g-yOtsiWbhiTB-zho3eOuSeDKsKnIo3wtVPmF6eCNCwrJZcDV_y8g,BR1_3252848291,14.0,11.0,10.169,1
6.6193,0.0,0.0,0.1429,0.2357,0,0.0,4.9938,0.0,0.227,0.6,0.2632,2,0.0,4.9769,0.0,0.2986,0.1429,0.2094,1.0,0.3077,0,dfFpF8dKHmsGWmHeyOuCiLqc-g-yOtsiWbhiTB-zho3eOuSeDKsKnIo3wtVPmF6eCNCwrJZcDV_y8g,BR1_3252763679,11.784,13.216,10.046,0
5.3131,0.0,0.1563,0.3846,0.2574,0,0.0,6.9664,0.0,0.082,0.4286,0.2835,2,0.1,5.1249,0.0,0.277,0.8,0.4851,2.0,0.0,0,dfFpF8dKHmsGWmHeyOuCiLqc-g-yOtsiWbhiTB-zho3eOuSeDKsKnIo3wtVPmF6eCNCwrJZcDV_y8g,BR1_3252756252,12.799,12.201,7.22,0
8.3178,0.0,0.0815,0.0909,0.1049,1,0.0,8.9054,0.0,0.3598,0.3571,0.1119,0,0.0833,4.6018,0.0,0.3595,0.4286,0.2847,0.0,0.5833,0,dfFpF8dKHmsGWmHeyOuCiLqc-g-yOtsiWbhiTB-zho3eOuSeDKsKnIo3wtVPmF6eCNCwrJZcDV_y8g,BR1_3252747151,12.263,11.117,13.908,0
7.4957,0.0,0.0999,0.2353,0.2834,4,0.0,2.4676,0.0,0.0,0.4286,0.4745,1,0.25,,,,,,,,0,0yrCk5Y8Cll5KCtjG9u8fwTfsY3iZbEDTAKtmqCEZsybFQcBLcq8LSZrkCUiVZUJYkwFngkALRpzbw,BR1_3252667503,10.006,14.994,-9.763,1
1.1429,0.0,0.0,0.0,0.2318,0,,0.0,0.0,0.0,0.0,,0,,,,,,,,,0,0yrCk5Y8Cll5KCtjG9u8fwTfsY3iZbEDTAKtmqCEZsybFQcBLcq8LSZrkCUiVZUJYkwFngkALRpzbw,BR1_3252663502,14.0,11.0,-22.586,0
7.0714,0.0,0.2143,0.375,0.1542,1,0.0,7.0803,0.0,0.4227,0.1875,0.1953,1,0.1,7.1164,0.0,0.1248,0.5625,0.1736,1.0,0.1429,0,bnOFktu2-P3JoT34frC1ydmRqDpMqP7dIi2EQMHovxWSdq5X_uFt-1j3BcYYbtJ2cWR26TVYOaK9xw,BR1_3252673397,14.0,9.463,8.01,1
7.5714,0.0,0.2857,0.4286,0.3525,3,0.0,8.6364,0.0,0.3636,0.0588,0.1967,0,0.1667,11.0839,0.0,0.1847,0.4615,0.1963,2.0,0.1,0,bnOFktu2-P3JoT34frC1ydmRqDpMqP7dIi2EQMHovxWSdq5X_uFt-1j3BcYYbtJ2cWR26TVYOaK9xw,BR1_3252651526,14.0,11.0,5.413,1
7.8295,0.0,0.0,0.75,0.2814,2,0.0,11.803,0.0,0.1553,0.6,0.2184,1,0.1176,19.9228,0.0,0.8301,0.0,0.678,0.0,0.25,1,bnOFktu2-P3JoT34frC1ydmRqDpMqP7dIi2EQMHovxWSdq5X_uFt-1j3BcYYbtJ2cWR26TVYOaK9xw,BR1_3252635321,11.495,12.878,1.205,0
7.7857,0.0,0.0714,0.3846,0.2596,0,0.0,5.6364,0.0,0.2727,0.5556,0.3443,0,0.3333,8.1945,0.0,0.0,0.6538,0.3195,4.0,0.3125,0,bnOFktu2-P3JoT34frC1ydmRqDpMqP7dIi2EQMHovxWSdq5X_uFt-1j3BcYYbtJ2cWR26TVYOaK9xw,BR1_3252587855,14.0,11.0,16.84,1
6.9286,0.0,0.2143,0.0,0.2768,0,0.0,6.4545,0.0,0.1818,0.6,0.3374,1,0.25,,,,,,,,0,bnOFktu2-P3JoT34frC1ydmRqDpMqP7dIi2EQMHovxWSdq5X_uFt-1j3BcYYbtJ2cWR26TVYOaK9xw,BR1_3252580059,14.0,11.0,-2.788,0
6.7857,0.0,0.0714,0.3,0.1302,0,0.0,7.3636,0.0,0.0909,0.7059,0.349,4,0.2,3.2296,0.0,0.3341,0.75,0.334,2.0,0.3333,0,nYfXRXhHDbcYuqPD-TAok8WIT1ZQH2gHQNLxjKMiHNiNZP5iGUYVLHKYRP4b5mMy2ep7BEXheuliAQ,BR1_3252602473,14.0,11.0,8.979,0
5.8571,0.0,0.2143,0.5385,0.2855,3,0.0,5.9091,0.0,0.3636,0.3636,0.2265,1,0.0,4.6203,0.0,0.3509,0.3636,0.1253,0.0,0.1333,0,nYfXRXhHDbcYuqPD-TAok8WIT1ZQH2gHQNLxjKMiHNiNZP5iGUYVLHKYRP4b5mMy2ep7BEXheuliAQ,BR1_3251717178,14.0,11.0,17.098,0
7.369,0.0,0.2377,0.5455,0.2495,4,0.0,9.2896,0.0,0.4039,0.35,0.3043,6,0.1667,5.0322,0.0,0.1525,0.625,0.2852,1.0,0.1111,0,EdyMmwCyTGy1d5K6jPmSLvmZN9njLPE-IyhQ2ir5meuxe3MoIqZnx9jiw2bcVfFPTgjQBBU2Xx16ig,BR1_3252483434,12.62,12.38,6.558,0
6.9055,0.0,0.1501,0.0,0.1797,0,0.0,5.8233,0.0,0.3425,0.15,0.1355,1,0.2727,6.2658,0.0,0.2874,0.4783,0.1885,1.0,0.2632,0,EdyMmwCyTGy1d5K6jPmSLvmZN9njLPE-IyhQ2ir5meuxe3MoIqZnx9jiw2bcVfFPTgjQBBU2Xx16ig,BR1_3252474908,13.323,11.677,17.396,1
7.7857,0.0,0.2143,0.2,0.3256,0,0.0,9.0,0.0,0.2727,0.1429,0.2137,1,0.0,8.8863,0.0,0.0,0.7692,0.3471,3.0,0.0,0,EdyMmwCyTGy1d5K6jPmSLvmZN9njLPE-IyhQ2ir5meuxe3MoIqZnx9jiw2bcVfFPTgjQBBU2Xx16ig,BR1_3250244443,14.0,11.0,9.003,1
7.3846,0.0,0.1623,0.0,0.1755,0,0.0,6.9417,0.0,0.3155,0.1111,0.1512,1,0.0,3.0224,0.0,0.7556,0.0,0.0,0.0,0.5,0,EdyMmwCyTGy1d5K6jPmSLvmZN9njLPE-IyhQ2ir5meuxe3MoIqZnx9jiw2bcVfFPTgjQBBU2Xx16ig,BR1_3249049218,12.323,12.677,1.323,0
7.6429,0.0,0.0714,0.1538,0.0985,0,0.0,3.5455,0.0,0.2727,0.5,0.2236,0,0.0833,8.047,0.0,0.4877,0.5,0.1516,0.0,0.25,0,UZvjKNrQ6wVxGwy61PFcvOPItClfQhnwirB-HNy5bCH6dhMT90c5UMNz2WR_MBU56E8bdgZyeITYsw,BR1_3250933536,14.0,11.0,8.202,0
5.5181,0.0,0.2434,0.2,0.1978,0,0.0,4.5752,0.0,0.3944,0.381,0.1953,2,0.1667,1.5781,0.0,0.6763,0.5,0.2301,0.0,0.1429,0,UZvjKNrQ6wVxGwy61PFcvOPItClfQhnwirB-HNy5bCH6dhMT90c5UMNz2WR_MBU56E8bdgZyeITYsw,BR1_3250912245,12.323,12.677,4.436,0
4.7717,0.0,0.2982,0.5,0.2859,1,0.0,3.263,0.0,0.5594,0.5385,0.3473,2,0.1667,3.4776,0.0,0.3024,0.7143,0.2352,3.0,0.1429,0,UZvjKNrQ6wVxGwy61PFcvOPItClfQhnwirB-HNy5bCH6dhMT90c5UMNz2WR_MBU56E8bdgZyeITYsw,BR1_3250732437,13.413,10.726,19.841,0
7.4286,0.0,0.2857,0.3125,0.2471,2,0.2,8.5845,0.0,0.1908,0.4706,0.3515,1,0.1818,8.8607,0.0,0.4028,0.6,0.3157,2.0,0.125,0,UZvjKNrQ6wVxGwy61PFcvOPItClfQhnwirB-HNy5bCH6dhMT90c5UMNz2WR_MBU56E8bdgZyeITYsw,BR1_3250724669,14.0,10.484,2.483,1
6.3535,0.0,0.0815,0.25,0.1842,1,0.5,7.0734,0.0,0.0884,0.2857,0.2021,1,0.2,3.7641,0.0,0.941,0.6667,0.0763,0.0,0.6667,0,M1nMhcOhs_EnRPrbCKSJ2Mv9OyanRSKCVJoLq9HIpa6C815FON_myx6YOgKRMhUFsJIR9kRyOx4iXQ,BR1_3252865890,12.277,11.31,1.063,1
5.6429,0.0,0.3571,0.2778,0.2154,1,0.5,4.4545,0.0,0.4545,0.2308,0.1587,0,0.1111,5.6348,0.0,0.3315,0.25,0.0836,0.0,0.0,1,M1nMhcOhs_EnRPrbCKSJ2Mv9OyanRSKCVJoLq9HIpa6C815FON_myx6YOgKRMhUFsJIR9kRyOx4iXQ,BR1_3252847720,14.0,11.0,6.034,1
0.0,0.0,0.0,0.0,0.0,0,,0.0,0.0,0.0,0.0,,0,,,,,,,,,0,M1nMhcOhs_EnRPrbCKSJ2Mv9OyanRSKCVJoLq9HIpa6C815FON_myx6YOgKRMhUFsJIR9kRyOx4iXQ,BR1_3252629801,14.0,11.0,-23.76,0
6.7657,0.0,0.236,0.3125,0.2026,2,0.0,6.4286,0.0,0.3255,0.3478,0.1761,1,0.3333,3.4771,0.0,0.424,0.5,0.2706,2.0,0.0,0,M1nMhcOhs_EnRPrbCKSJ2Mv9OyanRSKCVJoLq9HIpa6C815FON_myx6YOgKRMhUFsJIR9kRyOx4iXQ,BR1_3252607839,12.711,12.289,11.791,1
0.3571,0.0,0.0,0.0,0.0,0,,0.0,0.0,0.0,0.0,,0,,,,,,,,,0,M1nMhcOhs_EnRPrbCKSJ2Mv9OyanRSKCVJoLq9HIpa6C815FON_myx6YOgKRMhUFsJIR9kRyOx4iXQ,BR1_3252604978,14.0,11.0,-23.45,1
5.4286,0.0,0.4286,0.0,0.1819,0,0.0,8.8182,0.0,0.2727,0.25,0.1238,0,0.2222,11.096,0.0,0.2412,0.25,0.1802,1.0,0.0,0,Qr-OWwA5xByikrXhi90VZOTXf8Q6M3OSU1uQPbIFz8DaVmpsC-wgouOB6VqPicqHFuFmEnL98wMYDg,BR1_3252587374,14.0,11.0,12.437,0
6.7603,0.0,0.1779,0.4545,0.2681,2,0.0,7.1958,0.0,0.2181,0.4,0.2227,1,0.1,9.036,0.0,0.1174,0.6923,0.1981,0.0,0.1,1,Qr-OWwA5xByikrXhi90VZOTXf8Q6M3OSU1uQPbIFz8DaVmpsC-wgouOB6VqPicqHFuFmEnL98wMYDg,BR1_3252572452,11.242,13.758,8.521,1
7.2143,0.0,0.2143,0.2857,0.3577,1,0.0,6.6364,0.0,0.2727,0.5833,0.2224,0,0.1,3.7646,0.0,0.4113,0.5745,0.195,1.0,0.1034,0,Qr-OWwA5xByikrXhi90VZOTXf8Q6M3OSU1uQPbIFz8DaVmpsC-wgouOB6VqPicqHFuFmEnL98wMYDg,BR1_3252287664,14.0,11.0,31.61,1
6.4224,0.0,0.3058,0.2,0.224,0,0.0,4.7816,0.0,0.3355,0.5833,0.2141,1,0.125,15.5987,0.0,0.0,1.0,0.269,0.0,0.0,0,Qr-OWwA5xByikrXhi90VZOTXf8Q6M3OSU1uQPbIFz8DaVmpsC-wgouOB6VqPicqHFuFmEnL98wMYDg,BR1_3252113998,13.079,11.921,1.474,0
6.7857,0.0,0.0,0.2273,0.1952,1,0.2,5.445,0.0,0.2094,0.3889,0.1464,0,0.1818,5.4394,0.0,0.3547,0.2143,0.188,1.0,0.0769,0,yCVePHi0rJKGCczbQJOC2OleJBabcUccDplQCsGAdU4IvXs7zU896F6pxstjQygwnwSSxJcIMaXSXg,BR1_3250337773,14.0,9.55,8.457,1
6.7143,0.0,0.0714,0.6154,0.348,1,0.2,10.581,0.0,0.0,0.5,0.2607,0,0.0,5.6443,0.0,0.2213,0.5556,0.2094,0.0,0.3333,0,yCVePHi0rJKGCczbQJOC2OleJBabcUccDplQCsGAdU4IvXs7zU896F6pxstjQygwnwSSxJcIMaXSXg,BR1_3250178677,14.0,6.521,9.036,1
6.8571,0.0,0.2143,0.4,0.132,0,0.0,6.0,0.0,0.0909,0.7222,0.277,0,0.25,8.0817,0.0,0.2277,0.7692,0.2362,0.0,0.125,0,yCVePHi0rJKGCczbQJOC2OleJBabcUccDplQCsGAdU4IvXs7zU896F6pxstjQygwnwSSxJcIMaXSXg,BR1_3250170452,14.0,11.0,8.785,0
8.5697,0.0,0.0726,0.5556,0.2828,0,0.0,7.3677,0.0,0.0,0.6,0.1907,0,0.0,5.5785,0.0,0.2231,0.6667,0.3088,0.0,0.1579,0,m80GvtA5xoIu4hmN1V135z3R-gcMn82VUcEzCKplbHB_5JUXOrDZZfnwWRSDzhuxHYFxDpuC_lyalA,BR1_3252540780,13.769,9.908,13.444,0
3.2027,0.0,0.4575,0.0,0.2086,0,,5.1542,0.0,0.4616,0.3333,0.1672,0,0.1875,14.0509,0.0,0.0,0.0,0.1359,0.0,0.5,0,m80GvtA5xoIu4hmN1V135z3R-gcMn82VUcEzCKplbHB_5JUXOrDZZfnwWRSDzhuxHYFxDpuC_lyalA,BR1_3252534514,8.743,12.999,0.712,0
2.9286,0.0,0.0,0.25,0.2632,1,0.0,0.0,0.0,0.0,0.0,,0,,,,,,,,,0,m80GvtA5xoIu4hmN1V135z3R-gcMn82VUcEzCKplbHB_5JUXOrDZZfnwWRSDzhuxHYFxDpuC_lyalA,BR1_3251490006,14.0,11.0,-18.984,1
7.1701,0.0,0.1509,0.3636,0.163,1,0.0,8.8178,0.0,0.126,0.1818,0.1282,1,0.1111,2.8805,0.0,0.24,0.5172,0.1471,1.0,0.1111,0,m80GvtA5xoIu4hmN1V135z3R-gcMn82VUcEzCKplbHB_5JUXOrDZZfnwWRSDzhuxHYFxDpuC_lyalA,BR1_3251474283,13.249,7.938,20.83,1
8.5837,0.0,0.0,0.2857,0.2558,4,0.0,3.1691,0.0,0.0,0.1667,0.1149,1,0.0,,,,,,,,0,m80GvtA5xoIu4hmN1V135z3R-gcMn82VUcEzCKplbHB_5JUXOrDZZfnwWRSDzhuxHYFxDpuC_lyalA,BR1_3251466894,10.485,14.515,-9.775,1
7.0821,0.0,0.0753,0.5714,0.2111,1,0.0,4.4725,0.0,0.0895,0.7333,0.2577,0,0.0,5.0425,0.0,0.1785,0.381,0.1745,0.0,0.0556,1,WfQFroIeu7S-hjA5QQlOPfCO8tLhyzdrtEt3WmXiAwE-h8t6kI1Ze18Nh6SKWXqbTqm4YSwk2aQA9g,BR1_3252864196,13.273,11.179,22.409,1
5.774,0.0,0.3447,0.5,0.1967,1,0.0,3.0907,0.0,0.6868,0.7,0.1982,0,0.1111,6.024,0.0,0.2738,0.6667,0.1281,0.0,0.0,0,WfQFroIeu7S-hjA5QQlOPfCO8tLhyzdrtEt3WmXiAwE-h8t6kI1Ze18Nh6SKWXqbTqm4YSwk2aQA9g,BR1_3252855502,11.604,8.736,3.652,0
0.2143,0.0,0.0,0.0,0.0,0,,0.0,0.0,0.0,0.0,,0,,,,,,,,,0,WfQFroIeu7S-hjA5QQlOPfCO8tLhyzdrtEt3WmXiAwE-h8t6kI1Ze18Nh6SKWXqbTqm4YSwk2aQA9g,BR1_3250833107,14.0,11.0,-23.608,1
6.753,0.0,0.1688,0.25,0.2367,0,0.0,6.7663,0.0,0.1521,0.5,0.1926,1,0.0909,6.9172,0.0,0.1032,0.7333,0.2837,0.0,0.4,0,WfQFroIeu7S-hjA5QQlOPfCO8tLhyzdrtEt3WmXiAwE-h8t6kI1Ze18Nh6SKWXqbTqm4YSwk2aQA9g,BR1_3250816493,11.847,13.153,9.686,1
6.2237,0.0,0.0,0.2,0.1476,0,0.0,6.0852,0.0,0.4347,0.5455,0.1936,1,0.2143,13.3638,0.0,1.2149,1.0,0.3492,0.0,0.0,0,CyeEbdZfQwqsTBka7T0Vksmo5ba972oyZWhxvwpIAxPReKgFGevCsxmjX_L_kPLHFmu4DGidHzhQEQ,BR1_3251600395,13.497,11.503,0.823,0
5.2143,0.0,0.2143,0.2222,0.1535,0,0.0,3.8182,0.0,0.1818,0.25,0.12,1,0.0,,,,,,,,0,ur7lCS205A8n2DGoh3dE6dMgObFK2et4UWlkiLoD5lW2tPyYBvowQMRQJVdWVkt8RQ7IIxaZVYmQbA,BR1_3251145246,14.0,11.0,-5.356,0
7.0,0.0,0.0,0.0,0.0849,0,0.0,6.1818,0.0,0.0909,0.5882,0.2685,2,0.375,5.8333,0.0,0.0989,0.75,0.3899,2.0,0.0667,0,ur7lCS205A8n2DGoh3dE6dMgObFK2et4UWlkiLoD5lW2tPyYBvowQMRQJVdWVkt8RQ7IIxaZVYmQbA,BR1_3250401061,14.0,11.0,10.114,0
3.8628,0.0,0.303,0.3636,0.1535,0,0.0,5.2555,0.0,0.5086,0.4,0.1769,1,0.4,9.2365,0.0,0.0,0.0,0.2536,0.0,0.0,0,mddREOuXPBvaOKX5sK1UL256rkDZUPP_3R1vyGt_GrVqCVPMzSQMjzNyP-6GWLad4KkTDC3ynyfSOg,BR1_3252853553,13.203,11.797,0.65,0
6.9286,0.0,0.1429,0.4667,0.215,1,0.5,7.5611,0.0,0.1822,0.3636,0.2213,2,0.2727,3.4515,0.0,0.4314,0.5,0.2576,0.0,0.0,0,mddREOuXPBvaOKX5sK1UL256rkDZUPP_3R1vyGt_GrVqCVPMzSQMjzNyP-6GWLad4KkTDC3ynyfSOg,BR1_3252598900,14.0,10.977,2.318,1
4.7143,0.0,0.2857,0.375,0.3089,2,0.0,5.9091,0.0,0.1818,0.3077,0.1463,0,0.0,4.213,0.0,0.4681,0.4444,0.1732,0.0,0.1111,1,mddREOuXPBvaOKX5sK1UL256rkDZUPP_3R1vyGt_GrVqCVPMzSQMjzNyP-6GWLad4KkTDC3ynyfSOg,BR1_3252552477,14.0,11.0,8.545,1
3.3708,0.0,0.3457,0.4444,0.2015,1,0.0,2.2338,0.0,0.0745,0.0,0.3294,0,0.3333,,,,,,,,0,DvetAhqYTQsHMIkPm_Z04glBwoja3pShLIYlSquvo6WM9gzzjs_0t2ez6wY0ml636ZSQ9-JmW2Lz6Q,BR1_3252786809,11.57,13.43,-9.54,0
4.6429,0.0,0.3571,0.2308,0.1423,0,0.0,5.0,0.0,0.3636,0.44,0.2149,1,0.0,4.8519,0.0,0.3913,0.6875,0.2024,2.0,0.1429,0,lSQJlwVHU2Gm4NqZUgV9PI5rtTxNdiOceGgzcALV462wxokv3hzwrk8GdREqLuO2su5AMCm9qNqk6g,BR1_3250845711,14.0,11.0,12.778,0
5.4713,0.0,0.2189,0.7692,0.3059,0,0.0,5.4335,0.0,0.1393,0.6667,0.1827,0,0.1429,3.7906,0.0,0.2527,0.7857,0.2412,0.0,0.1579,0,ruLYKaIBUeib7jjXbTyP1DjoY7h6YnGiwxqZzz1RuUBeBNLRNiG0Kp0VqM4IGl189jbQw8iZfXpYvg,BR1_3252650714,13.708,7.178,15.829,0
5.5,0.0,0.1429,0.3333,0.1873,0,0.0,7.3636,0.0,0.0909,0.5,0.2334,0,0.0,3.28,0.0,0.3814,0.5417,0.1308,0.0,0.2,0,ruLYKaIBUeib7jjXbTyP1DjoY7h6YnGiwxqZzz1RuUBeBNLRNiG0Kp0VqM4IGl189jbQw8iZfXpYvg,BR1_3249979748,14.0,11.0,13.11,0
5.1617,0.0,0.0,0.5,0.3252,2,0.25,4.7385,0.0,0.2016,0.8571,0.4413,0,0.1,4.2792,0.0,0.3131,0.8182,0.4606,0.0,0.0769,0,7QhpO7oZxvZuwZMASc-bficwn-QEMLT4cLXJ8yWAG0Y-xXt9bGlAnYIIONKeRjZg6_KlC8R6lMe5nw,BR1_3252529984,12.787,9.919,9.581,0
6.5248,0.0,0.0,0.2727,0.2502,0,0.0,7.4574,0.0,0.2172,0.4667,0.2092,1,0.1,6.9194,0.0,0.3295,0.2222,0.1417,0.0,0.1818,0,7QhpO7oZxvZuwZMASc-bficwn-QEMLT4cLXJ8yWAG0Y-xXt9bGlAnYIIONKeRjZg6_KlC8R6lMe5nw,BR1_3252217834,11.188,13.812,6.07,1
7.5655,0.0,0.1528,0.1667,0.1976,0,0.0,0.8393,0.0,0.2518,0.4,0.1278,0,0.0,,,,,,,,0,3OoYuJZbHGIKqxWL6PrjrKtSKHnZpnGYwh_y3GrnZoFO2PCFnthu3lPrTrRb3D_-oMrSTYx80BBuIg,BR1_3252533935,13.086,11.914,-3.101,0
6.8509,0.0,0.0825,0.2778,0.2073,2,0.25,5.8203,0.0,0.3638,0.3125,0.2191,0,0.1429,6.5633,0.0,0.2344,0.7368,0.2257,1.0,0.1364,0,3OoYuJZbHGIKqxWL6PrjrKtSKHnZpnGYwh_y3GrnZoFO2PCFnthu3lPrTrRb3D_-oMrSTYx80BBuIg,BR1_3250862535,12.115,10.996,12.798,1
6.4917,0.0,0.5284,0.2727,0.2791,2,0.0,6.5519,0.0,0.2553,0.875,0.3386,0,0.125,,,,,,,,0,3OoYuJZbHGIKqxWL6PrjrKtSKHnZpnGYwh_y3GrnZoFO2PCFnthu3lPrTrRb3D_-oMrSTYx80BBuIg,BR1_3250850503,13.248,11.752,-1.227,0
7.0,0.0,0.0714,0.5294,0.2331,2,0.5,5.6131,0.0,0.3681,0.3333,0.3468,2,0.0833,1.3713,0.0,0.1714,0.4375,0.18,0.0,0.0,0,3OoYuJZbHGIKqxWL6PrjrKtSKHnZpnGYwh_y3GrnZoFO2PCFnthu3lPrTrRb3D_-oMrSTYx80BBuIg,BR1_3250836506,14.0,10.867,5.834,1
9.6755,0.0,0.0,0.1,0.2071,1,0.0,8.85,0.0,0.167,0.3333,0.1736,2,0.0,10.7302,0.0,0.219,0.75,0.3164,1.0,0.0833,0,WJgBkaDPOyifiUFUFhBVCUTLMnZOLY37LILj2KoBKSY5JzJ4WSEYOrm81EcPrZCC7JHuARYnVm2Wyw,BR1_3252701252,13.023,11.977,9.133,0
8.9243,0.0,0.0884,0.25,0.2037,1,0.0,5.7738,0.0,0.1462,0.625,0.2977,2,0.1333,8.3693,0.0,0.2041,1.0,0.3748,2.0,0.0,0,WJgBkaDPOyifiUFUFhBVCUTLMnZOLY37LILj2KoBKSY5JzJ4WSEYOrm81EcPrZCC7JHuARYnVm2Wyw,BR1_3252678724,11.317,13.683,4.899,1
8.7516,0.0,0.0,0.0,0.1666,0,0.0,8.8438,0.0,0.0762,0.75,0.5012,4,0.0,10.0161,0.0,0.2862,1.0,0.4258,0.0,0.0,0,WJgBkaDPOyifiUFUFhBVCUTLMnZOLY37LILj2KoBKSY5JzJ4WSEYOrm81EcPrZCC7JHuARYnVm2Wyw,BR1_3250834826,11.884,13.116,6.989,0
1.0,0.0,0.0,0.0,0.0131,0,,0.0,0.0,0.0,0.0,,0,,,,,,,,,0,29xoXQ5joQxQnU8ZjEJLmTNJ-JAZjJ6Ry7RYyOFap9papMZKDhdIPAcy3_A__4-OX9kQppT_J7EoNQ,BR1_3252656074,14.0,11.0,-21.835,0
0.3571,0.0,0.0,0.0,0.3403,0,,0.0,0.0,0.0,0.0,,0,,,,,,,,,0,29xoXQ5joQxQnU8ZjEJLmTNJ-JAZjJ6Ry7RYyOFap9papMZKDhdIPAcy3_A__4-OX9kQppT_J7EoNQ,BR1_3252651456,14.0,11.0,-23.623,1
7.0681,0.0,0.0,0.4286,0.2044,0,0.0,6.404,0.0,0.197,0.2857,0.2196,0,0.1111,8.8774,0.0,0.0,0.9,0.2406,0.0,0.25,0,29xoXQ5joQxQnU8ZjEJLmTNJ-JAZjJ6Ry7RYyOFap9papMZKDhdIPAcy3_A__4-OX9kQppT_J7EoNQ,BR1_3252633621,13.158,10.15,7.435,0
6.3856,0.0,0.3702,0.2,0.2314,3,0.0,4.0156,0.0,0.4931,0.3478,0.2316,3,0.1667,5.7217,0.0,0.3179,0.5294,0.288,2.0,0.3,0,JP98zTMNq0vuohV9_xinuwh-mzhAYhS9fydpPve-XPgMlwyjv4h8AQbwbyDMmsslCnDKh-LhSWKq0w,BR1_3252866018,10.806,14.194,9.438,1
6.1201,0.0,0.1493,0.4,0.2296,1,0.0,5.4303,0.0,0.5172,0.4286,0.3071,2,0.0769,0.7344,0.0,0.7344,0.0,0.2448,0.0,1.0,0,_XvxLVK0MvvL8TDB1_yZCnd-a36eO5gdag8Yybvir7qgeRtEUKOC5XbzlP2qW6U1tXcOsPbF7FTKGQ,BR1_3252678200,13.398,11.602,1.362,0
3.8008,0.0,0.4319,0.5556,0.2586,2,0.25,6.1832,0.0,0.3725,0.5,0.2299,1,0.0,7.7588,0.0,0.3527,0.0,0.3233,0.0,0.0,0,AmoMoOKBPQb-TqmN32dLnnQHioafc6Erz_6wjTwqIkWQ08vWAYwQfOdgOcKpq8vEJIjbkcmrdiuMxA,BR1_3251989306,11.577,13.423,2.836,0
8.0834,0.0,0.1139,0.3333,0.3122,0,0.3333,1.295,0.0,0.1233,0.6667,0.517,0,0.0,,,,,,,,0,EX1h7LCRP9QhjhHeWsnsa-ciSL1L60VPp12NKCVNvSpcwBtr1tWVLiirIVmUVTu7okc9ref3ufW0KQ,BR1_3251967164,8.783,16.217,-13.515,0
5.1996,0.0,0.2557,0.4286,0.2606,0,0.8,5.3236,0.0,0.5324,0.2222,0.2236,0,0.0,4.4227,0.0,0.3455,0.4118,0.1154,0.0,0.2353,0,EX1h7LCRP9QhjhHeWsnsa-ciSL1L60VPp12NKCVNvSpcwBtr1tWVLiirIVmUVTu7okc9ref3ufW0KQ,BR1_3250044124,11.732,11.271,14.471,0
4.7143,0.0,0.0714,0.4545,0.1429,1,0.2,4.0394,0.0,0.5049,0.2,0.1533,0,0.3,6.5517,0.0,0.2978,0.4286,0.241,1.0,0.0,0,IXyXv4_o8F2QVvnMk9sbzUH5imX4YDGMmquRVNGcm3j_Lmu1k8-i2Ki3HNYyJm4DcpaWzhNMGKzFDQ,BR1_3252873037,14.0,9.902,10.074,0
4.6429,0.0,0.2143,0.6,0.3126,0,1.0,3.9091,0.0,0.1818,0.0,0.2136,0,0.0,,,,,,,,0,IXyXv4_o8F2QVvnMk9sbzUH5imX4YDGMmquRVNGcm3j_Lmu1k8-i2Ki3HNYyJm4DcpaWzhNMGKzFDQ,BR1_3252807250,14.0,11.0,-6.599,0
2.2102,0.0,0.3844,0.5,0.1743,0,1.0,1.6445,0.0,0.137,1.0,0.2515,1,0.0,,,,,,,,0,IXyXv4_o8F2QVvnMk9sbzUH5imX4YDGMmquRVNGcm3j_Lmu1k8-i2Ki3HNYyJm4DcpaWzhNMGKzFDQ,BR1_3252644078,10.406,14.594,-9.762,0
5.1378,0.0,0.1713,0.8,0.3015,0,0.0,8.4073,0.0,0.0751,0.25,0.1691,0,0.2,,,,,,,,0,GJME4VNOHd9V6unqO-9JzeYaicOX9bYgRdWjfieK1OOc74KNtwfWGmu1bkFkmGpV16SwWudhQ4sarg,BR1_3252849640,11.678,13.322,-0.716,0
7.2261,0.0,0.2282,0.2,0.2721,1,0.0,6.8335,0.0,0.2531,0.6667,0.2176,0,0.2,6.5809,0.0,0.376,0.2,0.2075,0.0,0.0909,0,GJME4VNOHd9V6unqO-9JzeYaicOX9bYgRdWjfieK1OOc74KNtwfWGmu1bkFkmGpV16SwWudhQ4sarg,BR1_3252837257,13.147,11.853,10.637,0
4.1812,0.0,0.3484,0.2727,0.2548,2,0.0,4.8816,0.0,0.3698,0.5556,0.2806,1,0.0833,2.8209,0.0,0.4592,0.381,0.147,0.0,0.0,0,P10SjysnZuhSSNxunhY4OPBPXn5i7ek-B0NMAvY6quyYUf46IxDSpF1K1MDteulie3BbXBE8SNBJvg,BR1_3252863579,11.48,13.52,15.243,1
6.5714,0.0,0.1429,0.4,0.1674,2,0.0,5.7273,0.0,0.3636,0.6154,0.2572,0,0.1667,7.3298,0.0,0.1629,0.5,0.3516,3.0,0.125,0,P10SjysnZuhSSNxunhY4OPBPXn5i7ek-B0NMAvY6quyYUf46IxDSpF1K1MDteulie3BbXBE8SNBJvg,BR1_3252856333,14.0,11.0,6.139,0
6.6349,0.0,0.0885,0.5,0.1748,0,0.0,4.5998,0.0,0.3651,0.7727,0.3823,2,0.2308,3.9778,0.0,0.1607,0.8095,0.4207,5.0,0.05,0,P10SjysnZuhSSNxunhY4OPBPXn5i7ek-B0NMAvY6quyYUf46IxDSpF1K1MDteulie3BbXBE8SNBJvg,BR1_3252829065,11.304,13.696,24.888,1
0.2143,0.0,0.0,0.0,0.8422,0,,0.0,0.0,0.0,0.0,,0,,,,,,,,,0,YV-n2n8naJcABbIucWwOpdQiIib4oW4Fk3_IonVEOVMqPkqN5onbl_ktdrApLQqpFver7FXgD9N8pg,BR1_3252878100,14.0,11.0,-23.685,0
7.6267,0.0,0.246,0.3333,0.3275,4,0.5,7.0279,0.0,0.3124,0.5,0.3448,3,0.0,7.5495,0.0,0.2359,0.2,0.1582,1.0,0.25,0,YV-n2n8naJcABbIucWwOpdQiIib4oW4Fk3_IonVEOVMqPkqN5onbl_ktdrApLQqpFver7FXgD9N8pg,BR1_3252868345,12.194,12.806,12.716,1
8.1493,0.0,0.1552,0.5714,0.349,3,0.0,9.0793,0.0,0.1651,0.3333,0.2734,2,0.125,6.5614,0.0,0.4687,0.8333,0.2664,1.0,0.0,0,YV-n2n8naJcABbIucWwOpdQiIib4oW4Fk3_IonVEOVMqPkqN5onbl_ktdrApLQqpFver7FXgD9N8pg,BR1_3252818380,12.885,12.115,8.535,0
6.4225,0.0,0.0892,0.0,0.0731,0,0.0,8.1221,0.0,0.1747,0.2222,0.1936,0,0.0,2.8694,0.0,0.4782,0.75,0.4123,0.0,0.3333,0,YV-n2n8naJcABbIucWwOpdQiIib4oW4Fk3_IonVEOVMqPkqN5onbl_ktdrApLQqpFver7FXgD9N8pg,BR1_3252810147,11.211,11.45,4.182,0
6.9516,0.0,0.1433,0.1111,0.1517,1,0.0,8.3274,0.0,0.366,0.2308,0.1831,0,0.2308,10.1933,0.0,0.2039,0.5294,0.1896,0.0,0.0909,0,L6-pVFPDVQCqWwIG59YuHmkIouBbccpjbJPHDE4EfLA5MiMjR7b1YH4BNJB48EGiPEbRT8E9zKX-1g,BR1_3252872407,13.954,10.928,9.81,0
7.6429,0.0,0.1429,0.2,0.116,0,0.2,8.5455,0.0,0.3636,0.2857,0.2123,0,0.0769,6.4706,0.0,0.5882,0.1667,0.1185,0.0,0.0,0,L6-pVFPDVQCqWwIG59YuHmkIouBbccpjbJPHDE4EfLA5MiMjR7b1YH4BNJB48EGiPEbRT8E9zKX-1g,BR1_3252856466,14.0,11.0,3.4,0
8.7143,0.0,0.0714,0.0,0.0804,0,0.0,11.7273,0.0,0.0,0.375,0.1239,0,0.2,6.8929,0.0,0.4095,0.125,0.1436,0.0,0.2143,0,L6-pVFPDVQCqWwIG59YuHmkIouBbccpjbJPHDE4EfLA5MiMjR7b1YH4BNJB48EGiPEbRT8E9zKX-1g,BR1_3252837679,14.0,11.0,14.653,0
0.7143,0.0,0.0,0.0,0.1828,0,,0.0,0.0,0.0,0.0,,0,,,,,,,,,0,L6-pVFPDVQCqWwIG59YuHmkIouBbccpjbJPHDE4EfLA5MiMjR7b1YH4BNJB48EGiPEbRT8E9zKX-1g,BR1_3252821404,14.0,11.0,-23.063,1
4.7857,0.0,0.5,0.375,0.1758,0,0.0,6.1872,0.0,0.4125,0.1875,0.1417,0,0.2,5.3159,0.0,0.2658,0.6111,0.2409,2.0,0.3571,0,YshLWzXv-O0fMLGfAUa5o9aDkqyPBj4E2CZCdUQWFbdrQ3Aul2zwmgdAYl5TYsLuDRODJRpxjLKTew,BR1_3252754313,14.0,9.697,18.812,0
5.0,0.0,0.4286,0.3333,0.1912,0,0.0,6.9091,0.0,0.4545,0.1,0.174,0,0.0909,6.2558,0.0,0.816,0.5,0.2858,0.0,0.0,0,YshLWzXv-O0fMLGfAUa5o9aDkqyPBj4E2CZCdUQWFbdrQ3Aul2zwmgdAYl5TYsLuDRODJRpxjLKTew,BR1_3252672777,14.0,11.0,3.677,0
8.3571,0.0,0.0714,0.6667,0.4525,2,0.0,8.3636,0.0,0.1818,0.8095,0.5216,1,0.2667,8.2592,0.0,0.1795,0.5833,0.3422,2.0,0.625,0,R7c0iIGYXQaYZG1AdMkOybF5ChkA-uGFEGyJlxJNKYIBgA9M9BUs5T3xyLbQGWgjfV1MQ1M_dY9qqA,BR1_3252759641,14.0,11.0,5.57,1
8.6123,0.0,0.073,0.2,0.2305,1,0.0,6.5253,0.0,0.1891,0.8333,0.3097,0,0.0,1.573,0.0,0.2097,0.6154,0.2591,0.0,0.1176,0,R7c0iIGYXQaYZG1AdMkOybF5ChkA-uGFEGyJlxJNKYIBgA9M9BUs5T3xyLbQGWgjfV1MQ1M_dY9qqA,BR1_3252447789,13.701,10.574,9.536,1
8.2143,0.0,0.0,0.2222,0.2097,1,0.0,10.8182,0.0,0.0,0.2,0.1745,0,0.1667,8.7611,0.0,0.1184,0.4,0.2661,0.0,0.2222,0,R7c0iIGYXQaYZG1AdMkOybF5ChkA-uGFEGyJlxJNKYIBgA9M9BUs5T3xyLbQGWgjfV1MQ1M_dY9qqA,BR1_3252287044,14.0,11.0,8.446,1
7.5,0.0,0.0714,0.44,0.2251,0,0.5,9.6536,0.0,0.1322,0.2857,0.222,2,0.1429,8.2357,0.0,0.135,0.5172,0.2864,3.0,0.1579,0,R7c0iIGYXQaYZG1AdMkOybF5ChkA-uGFEGyJlxJNKYIBgA9M9BUs5T3xyLbQGWgjfV1MQ1M_dY9qqA,BR1_3252032567,14.0,7.562,14.814,1
7.4481,0.0,0.0745,0.1818,0.183,0,0.0,7.085,0.0,0.2592,0.2727,0.2212,0,0.0,6.0696,0.0,0.4335,0.3333,0.2279,1.0,0.0,0,rkgnxLwSKBlB9mmzy8b-m4UXW-AxOooSzjPuo7hNBV5qIL5x-l1LOlYZnIYaRAv5pQCMaZYtBSQ91w,BR1_3252430914,13.426,11.574,9.226,0
4.9486,0.0,0.303,0.6667,0.2715,1,0.0,5.4695,0.0,0.3963,0.4211,0.2123,1,0.0,4.3845,0.0,0.2989,0.4444,0.247,2.0,0.2,0,rkgnxLwSKBlB9mmzy8b-m4UXW-AxOooSzjPuo7hNBV5qIL5x-l1LOlYZnIYaRAv5pQCMaZYtBSQ91w,BR1_3252012493,9.902,12.615,20.071,1
8.4135,0.0,0.0751,0.25,0.1242,1,0.0,5.7324,0.0,0.1711,0.6667,0.2868,0,0.0909,10.5649,0.0,0.0997,0.4667,0.1512,0.0,0.1333,0,yJj0spii3Rjfs6sfG6js2wSMuL5Q1t9Pjk3eazyZNYEX5txsxBCBfp2DG7kybvXTrkpw3yZlBolUQg,BR1_3252231236,13.312,11.688,10.033,0
6.1429,0.0,0.2857,0.3636,0.2124,5,0.0,4.8182,0.0,0.4545,0.25,0.2753,2,0.1,3.6621,0.0,0.6314,0.4667,0.2689,5.0,0.0,0,E_Hyj5N6NU7iTCdB2kUCdLvjMtldL52ySWByt4Z3gfp148CIsIeTXm0RMmLpDocaPF0dIgaLkVddUw,BR1_3252755654,14.0,11.0,7.919,0
6.7498,0.0,0.0785,0.6316,0.328,0,0.0,3.0998,0.0,0.0,0.5,0.3633,2,0.2,,,,,,,,0,E_Hyj5N6NU7iTCdB2kUCdLvjMtldL52ySWByt4Z3gfp148CIsIeTXm0RMmLpDocaPF0dIgaLkVddUw,BR1_3252490234,12.741,12.259,-8.602,1
0.0,0.0,0.0,0.0,0.0,0,,0.0,0.0,0.0,0.0,,0,,,,,,,,,0,E_Hyj5N6NU7iTCdB2kUCdLvjMtldL52ySWByt4Z3gfp148CIsIeTXm0RMmLpDocaPF0dIgaLkVddUw,BR1_3252077883,14.0,11.0,-23.377,0
7.3217,0.0,0.1645,0.1053,0.1595,1,0.0,4.6152,0.0,0.2769,0.4583,0.2102,2,0.3333,9.8149,0.0,0.0,0.1667,0.1494,0.0,0.0,0,7oS4kusLEb_nh06D2ZZNLtYw_BoM6fDya5202X0vsnu4BZXzR2WeYbnQYZ5Nwh4LI5wHJJFWNJgiLA,BR1_3252723484,12.156,10.834,2.241,1
5.1429,0.0,0.2857,0.4615,0.269,0,0.0,4.1818,0.0,0.2727,0.5556,0.3466,1,0.1429,9.6772,0.0,0.2481,0.6,0.1876,1.0,0.0,0,ytYNIfvtsgxf96anDtMp6HwKndesX1yGUxvm-GfCtgex1CzS-aTi0gAiR09zYkbZwVL1U3RpP7MuTg,BR1_3252702947,14.0,11.0,4.03,0
9.7591,0.0,0.0813,0.0,0.1208,0,0.0,6.6909,0.0,0.3149,0.4375,0.2194,0,0.0833,8.1099,0.0,0.2967,0.3125,0.2292,0.0,0.0,0,ytYNIfvtsgxf96anDtMp6HwKndesX1yGUxvm-GfCtgex1CzS-aTi0gAiR09zYkbZwVL1U3RpP7MuTg,BR1_3252686034,12.296,12.704,10.111,0
7.1264,0.0,0.3608,0.5,0.2168,0,0.0,5.462,0.0,0.4312,0.2778,0.2002,0,0.2222,5.9582,0.0,0.3001,0.4545,0.1537,0.0,0.2963,0,ytYNIfvtsgxf96anDtMp6HwKndesX1yGUxvm-GfCtgex1CzS-aTi0gAiR09zYkbZwVL1U3RpP7MuTg,BR1_3252656535,11.086,13.914,23.329,0
6.5036,0.0,0.0765,0.2381,0.2389,4,0.0,6.7861,0.0,0.1718,0.4667,0.1697,1,0.0833,6.7563,0.0,0.0,0.5625,0.2411,0.0,0.25,0,Bklpq3TNOH0qMzvqJ68Jz5HfxHClF1MHGHeQtHe6zgGfZ0aNz4cE4SMltZdRuWhYafULGQua4xP3kQ,BR1_3252737091,13.07,11.642,6.956,1
6.7657,0.0,0.1555,0.3889,0.2072,3,0.0,3.8712,0.0,0.0824,0.4286,0.2909,2,0.0,,,,,,,,1,Bklpq3TNOH0qMzvqJ68Jz5HfxHClF1MHGHeQtHe6zgGfZ0aNz4cE4SMltZdRuWhYafULGQua4xP3kQ,BR1_3252294895,12.859,12.141,-5.036,1
5.7508,0.0,0.0757,0.5,0.2461,2,0.0,5.9089,0.0,0.1037,0.3333,0.071,0,0.1,4.7761,0.0,0.2239,0.6,0.1549,2.0,0.0,1,Bklpq3TNOH0qMzvqJ68Jz5HfxHClF1MHGHeQtHe6zgGfZ0aNz4cE4SMltZdRuWhYafULGQua4xP3kQ,BR1_3252270909,13.216,9.647,13.4,0
6.8272,0.0,0.0,0.0,0.07,0,,7.5088,0.0,0.1726,0.55,0.1061,0,0.0769,7.2393,0.0,0.2335,0.4,0.1135,1.0,0.1538,0,Bklpq3TNOH0qMzvqJ68Jz5HfxHClF1MHGHeQtHe6zgGfZ0aNz4cE4SMltZdRuWhYafULGQua4xP3kQ,BR1_3249125320,10.839,11.586,12.847,0
6.9286,0.0,0.1429,0.1111,0.2723,1,0.0,9.6019,0.0,0.3693,0.25,0.1334,0,0.0,5.9897,0.0,0.6655,0.5,0.2746,0.0,0.0,0,EQe-l1V4fclZMsC43qCy2z-urMC8UVFRzO_ZQWLsMaA1wQcdPlzRBtJvvYmZS6IJjNokUGsNyW3Xzw,BR1_3252253604,14.0,10.831,6.01,0
