early_cs_per_min,early_vision_per_min,early_deaths_per_min,early_kill_participation,early_damage_share,early_solo_kills,early_objective_proximity,mid_cs_per_min,mid_vision_per_min,mid_deaths_per_min,mid_kill_participation,mid_damage_share,mid_solo_kills,mid_objective_proximity,late_cs_per_min,late_vision_per_min,late_deaths_per_min,late_kill_participation,late_damage_share,late_solo_kills,late_objective_proximity,early_first_blood_involved,puuid,match_id,patch,early_duration_min,mid_duration_min,late_duration_min,win,tier
6.7934,0.0849,0.0,0.4545,0.2007,0,0.0,6.6543,0.3169,0.3961,0.9,0.2692,3.0,0.1818,2.1635,0.0,1.0817,1.0,0.4088,1.0,0.1667,0,jPN8rbMKq539MydL_NxtegQRZTNGy9eb5AcYKVVlFMbuncainLfU9fFTeVfHE1qD5aybiACP2h-y3g,BR1_3278331471,16.17,11.776,12.623,1.849,0,DIAMOND
6.786,0.2983,0.0,0.4,0.3352,3,0.25,3.689,0.5825,0.3883,0.2857,0.1077,0.0,0.2,5.4075,0.4506,0.338,0.7,0.2527,1.0,0.4,0,jPN8rbMKq539MydL_NxtegQRZTNGy9eb5AcYKVVlFMbuncainLfU9fFTeVfHE1qD5aybiACP2h-y3g,BR1_3277902165,16.17,13.41,10.301,8.877,0,DIAMOND
6.0,0.3571,0.1429,0.4286,0.1754,0,0.0,7.0909,0.3636,0.2727,0.5556,0.2805,0.0,0.1667,7.443,0.812,0.406,0.2,0.1942,0.0,0.1538,0,jPN8rbMKq539MydL_NxtegQRZTNGy9eb5AcYKVVlFMbuncainLfU9fFTeVfHE1qD5aybiACP2h-y3g,BR1_3277883454,16.17,14.0,11.0,7.39,1,DIAMOND
6.7143,0.2143,0.0714,0.375,0.2537,0,0.0,6.1186,0.0,0.445,0.6,0.1263,0.0,0.1,9.3061,0.0,0.0,0.0,0.0,0.0,0.0,1,vNe67lY_0uGZZz9Z6VgefwvJb50WoAY8F_So1taLkEVbWqfEnGeMdGO-Gpzn8DEQOThti3ptS5rKXg,BR1_3277048340,16.17,14.0,8.989,1.612,0,DIAMOND
6.8248,0.0794,0.1587,0.3,0.2636,2,0.0,4.1072,0.0,0.2567,0.4444,0.2912,1.0,0.1,4.206,0.0,0.3824,0.375,0.1696,0.0,0.4444,1,vNe67lY_0uGZZz9Z6VgefwvJb50WoAY8F_So1taLkEVbWqfEnGeMdGO-Gpzn8DEQOThti3ptS5rKXg,BR1_3276814487,16.17,12.601,7.791,5.231,0,DIAMOND
6.4286,0.1429,0.1429,0.2222,0.2073,1,0.0,8.6725,0.0,0.2551,0.4286,0.2045,0.0,0.1111,3.3149,0.0,0.4875,0.2667,0.2342,1.0,0.1,0,vNe67lY_0uGZZz9Z6VgefwvJb50WoAY8F_So1taLkEVbWqfEnGeMdGO-Gpzn8DEQOThti3ptS5rKXg,BR1_3276094105,16.16,14.0,7.841,10.257,0,DIAMOND
6.3313,0.3088,0.0772,0.2857,0.1621,0,0.0,7.0183,0.0,0.0,0.9333,0.3546,1.0,0.125,5.0798,0.0,0.0,0.5556,0.2817,0.0,0.4286,0,vNe67lY_0uGZZz9Z6VgefwvJb50WoAY8F_So1taLkEVbWqfEnGeMdGO-Gpzn8DEQOThti3ptS5rKXg,BR1_3271416327,16.15,12.952,8.122,2.953,1,DIAMOND
8.5,0.4286,0.0714,0.5,0.1403,0,0.0,7.2364,0.5743,0.3446,0.375,0.1877,1.0,0.375,6.7522,0.6138,0.3683,0.5,0.1907,0.0,0.1,0,K3-KPop7ujyFfBYaDGCuXULCTlkA-uIIFou2_EtyKzB22Y5_TLtMGtm9Y7bqPoTCoey60GcyiI5sng,BR1_3267808339,16.15,14.0,8.706,8.146,0,DIAMOND
8.2143,0.2857,0.0,0.3333,0.1467,1,0.2,6.6364,0.3636,0.0909,0.7143,0.2206,0.0,0.2222,3.9126,0.2059,0.0,0.75,0.1628,0.0,0.1667,0,K3-KPop7ujyFfBYaDGCuXULCTlkA-uIIFou2_EtyKzB22Y5_TLtMGtm9Y7bqPoTCoey60GcyiI5sng,BR1_3267791355,16.15,14.0,11.0,4.856,1,DIAMOND
7.8701,0.1852,0.0,0.1667,0.1964,2,0.0,7.2533,0.1116,0.1116,0.4783,0.1739,0.0,0.0588,,,,,,,,0,t1K26evXXaoqc46ZEbN2LzsrQSzxpoi79HGrgB0sf2Vv-xRa9NEyxTSRS1G4n40l4RFFVtrgG7cqKg,BR1_3278779312,16.17,10.8,8.961,0.0,1,DIAMOND
6.7639,0.072,0.3598,0.1667,0.1938,0,0.0,8.9629,0.4372,0.4372,0.125,0.1576,1.0,0.0,10.6936,0.4395,0.1465,0.3846,0.1972,0.0,0.2,0,t1K26evXXaoqc46ZEbN2LzsrQSzxpoi79HGrgB0sf2Vv-xRa9NEyxTSRS1G4n40l4RFFVtrgG7cqKg,BR1_3271389460,16.15,13.897,9.149,6.827,0,DIAMOND
6.7143,0.4286,0.2143,0.1429,0.1882,1,0.0,7.6969,0.0,0.5632,0.0,0.2902,0.0,0.0,,,,,,,,0,llgFETB2Cx4HUYq4nQJPrGSY2bLlq6E_f2X4nZ_SKR4pkhJKMswEaX7dBJmAeqVKf6hhkcOPEcOUCg,BR1_3278591722,16.17,14.0,5.327,0.0,0,DIAMOND
6.8571,0.2857,0.1429,0.5,0.2268,0,0.0,6.1485,0.3967,0.3967,0.3333,0.2328,0.0,0.0,2.9505,0.4215,0.4215,0.0,0.1519,0.0,0.0,0,llgFETB2Cx4HUYq4nQJPrGSY2bLlq6E_f2X4nZ_SKR4pkhJKMswEaX7dBJmAeqVKf6hhkcOPEcOUCg,BR1_3278575978,16.17,14.0,10.084,2.372,0,DIAMOND
8.6429,0.2143,0.2143,0.1333,0.1595,0,0.0,6.6364,0.0909,0.2727,0.5294,0.2087,1.0,0.2222,5.0343,0.0932,0.4661,0.4444,0.1413,0.0,0.2143,0,tXEBgGgBjg34OaieRKyUmvL7r0_oU7fx-PPf4CZJHap1pCksq0YdbwWED8EtUGg-W5Zfex7sa3nQ1A,BR1_3278660466,16.17,14.0,11.0,10.726,1,DIAMOND
8.449,0.4224,0.1056,0.1429,0.1739,0,0.0,5.7657,0.3559,0.2135,0.6154,0.2743,0.0,0.1,5.2154,0.1213,0.4245,0.2727,0.1555,0.0,0.0,0,tXEBgGgBjg34OaieRKyUmvL7r0_oU7fx-PPf4CZJHap1pCksq0YdbwWED8EtUGg-W5Zfex7sa3nQ1A,BR1_3277970162,16.17,9.469,14.049,16.49,0,DIAMOND
8.0936,0.3558,0.1779,0.2857,0.3477,1,0.0,7.2912,0.317,0.1057,0.6667,0.3715,0.0,0.125,6.572,0.2191,0.2191,0.5385,0.1921,0.0,0.0833,1,tXEBgGgBjg34OaieRKyUmvL7r0_oU7fx-PPf4CZJHap1pCksq0YdbwWED8EtUGg-W5Zfex7sa3nQ1A,BR1_3277943443,16.17,11.243,9.464,13.694,0,DIAMOND
6.2792,0.2446,0.1631,0.3,0.1247,1,0.0,8.7938,0.0,0.0,1.0,0.2864,1.0,0.0,,,,,,,,0,tXEBgGgBjg34OaieRKyUmvL7r0_oU7fx-PPf4CZJHap1pCksq0YdbwWED8EtUGg-W5Zfex7sa3nQ1A,BR1_3277819572,16.17,12.263,3.411,0.0,0,DIAMOND
8.8907,0.304,0.076,0.4444,0.1858,1,0.0,5.8276,0.1689,0.4223,0.4444,0.2536,0.0,0.3,9.4499,0.0,0.0,1.0,0.2071,0.0,0.4286,0,tXEBgGgBjg34OaieRKyUmvL7r0_oU7fx-PPf4CZJHap1pCksq0YdbwWED8EtUGg-W5Zfex7sa3nQ1A,BR1_3277796991,16.17,13.16,11.84,3.386,1,DIAMOND
7.3284,0.4728,0.3152,0.0,0.2533,0,0.0,3.9386,0.4501,0.5627,0.0,0.2077,0.0,0.0833,,,,,,,,0,tfeI6dIEKQWhD6sd7aKD7smmmYhZiKg26JT-apOsyYCmf44fh2aOVeibWhhyJ4GzMEhQ1oc1yol36A,BR1_3265760335,16.14,12.69,8.886,0.0,0,DIAMOND
7.4286,0.4286,0.2857,0.0,0.2104,0,0.0,10.0564,0.5363,0.4023,0.1667,0.0978,0.0,0.25,7.1278,0.4455,0.5346,0.3077,0.1865,0.0,0.1429,0,uDXb-0vAutuOAen8-s5dpXEjulhwlTZF9LQKnnJBjTJJGkh1rXDKZsJYxSacVvKwuUIV6xniChIfUQ,BR1_3277197828,16.17,14.0,7.458,11.224,0,DIAMOND
9.761,0.7164,0.0896,0.5714,0.3682,4,0.0,11.3688,0.7257,0.0,0.7778,0.5404,2.0,0.5,,,,,,,,0,uDXb-0vAutuOAen8-s5dpXEjulhwlTZF9LQKnnJBjTJJGkh1rXDKZsJYxSacVvKwuUIV6xniChIfUQ,BR1_3263371650,16.14,11.167,4.134,0.0,1,DIAMOND
6.5714,0.5,0.2857,0.3077,0.161,0,0.0,8.4573,0.7167,0.43,0.2,0.1743,2.0,0.0,12.5874,0.5086,0.2543,0.3571,0.2432,1.0,0.0,0,uDXb-0vAutuOAen8-s5dpXEjulhwlTZF9LQKnnJBjTJJGkh1rXDKZsJYxSacVvKwuUIV6xniChIfUQ,BR1_3263177005,16.14,14.0,6.976,7.865,1,DIAMOND
8.9359,0.6007,0.0751,0.4286,0.2386,2,0.0,9.771,0.6739,0.3369,1.0,0.2455,0.0,0.0,,,,,,,,0,uDXb-0vAutuOAen8-s5dpXEjulhwlTZF9LQKnnJBjTJJGkh1rXDKZsJYxSacVvKwuUIV6xniChIfUQ,BR1_3262160385,16.13,13.317,2.968,0.0,1,DIAMOND
6.9191,0.2661,0.2661,0.1,0.1934,0,0.0,7.1393,0.2914,0.1457,0.4615,0.2019,0.0,0.1,6.2203,0.0,0.3274,0.125,0.1189,0.0,0.0,1,dt-HQVBDAAE6wvKhcieZo-kOoldUWL5QwjLYlFgR-RGLAKqZaiiMeWfPRpORG0gjdJylPWpIdRXcEA,BR1_3260910767,16.13,11.273,13.727,6.109,0,DIAMOND
7.0,0.2143,0.2857,0.5455,0.3095,1,0.0,9.7273,0.0909,0.0909,0.4,0.1967,0.0,0.0909,6.006,0.0,0.3754,0.3889,0.2401,3.0,0.3529,1,dt-HQVBDAAE6wvKhcieZo-kOoldUWL5QwjLYlFgR-RGLAKqZaiiMeWfPRpORG0gjdJylPWpIdRXcEA,BR1_3260880738,16.13,14.0,11.0,10.656,1,DIAMOND
7.3571,0.2143,0.0,0.3333,0.0645,0,0.0,7.2021,0.0,0.2216,0.5,0.2294,0.0,0.0909,3.5812,0.0,0.0,0.0,0.1786,0.0,0.5,0,eo_jjwwOGH0jto-Wu6JNKr7rNnlIugQiQiiXcBQq7eO1CJpP6hwh_UTWxU9N_KgBUm1qUEZfO9Fq2Q,BR1_3278118174,16.17,14.0,9.025,0.558,0,DIAMOND
6.8788,0.5472,0.1563,0.5,0.3286,1,0.8,7.2078,0.4004,0.267,0.3571,0.3088,1.0,0.25,3.7235,0.0,0.0,0.8571,0.5708,0.0,0.25,0,XZ-vs9QK81XORoD9f2fZDjnYRwK4CtLWjKDDLOObrEVhMZjJwq0_CEER8-QVF6uRgYADnIvpM4P-4Q,BR1_3276432765,16.17,12.793,7.492,2.148,1,DIAMOND
8.2857,0.5,0.1429,0.5,0.1885,0,0.0,7.0849,0.8997,0.3374,0.2941,0.172,0.0,0.3333,4.858,0.9109,0.4554,0.3333,0.1739,0.0,0.0,0,xRzcYR9_au5z69aKIpeLufbIrr_gMVf3OMVwixwBuw9L-hwv75egApsamH1KaCIKy21GruG8Hn93Jg,BR1_3265497930,16.14,14.0,8.892,6.587,1,DIAMOND
0.0,0.0,0.0,0.0,0.0,0,,,,,,,,,,,,,,,,0,xRzcYR9_au5z69aKIpeLufbIrr_gMVf3OMVwixwBuw9L-hwv75egApsamH1KaCIKy21GruG8Hn93Jg,BR1_3265496942,16.14,1.109,0.0,0.0,1,DIAMOND
6.0812,0.3159,0.158,0.3636,0.2036,1,0.0,6.8241,0.3791,0.3791,0.4,0.2582,0.0,0.125,11.2583,0.5361,0.0,0.2222,0.1416,1.0,0.3333,1,xRzcYR9_au5z69aKIpeLufbIrr_gMVf3OMVwixwBuw9L-hwv75egApsamH1KaCIKy21GruG8Hn93Jg,BR1_3265492739,16.14,12.662,10.551,3.731,1,DIAMOND
7.077,0.2889,0.0722,0.5455,0.3619,2,0.0,5.0214,0.0,0.538,0.4,0.2714,4.0,0.0,3.5645,0.0,0.4817,0.4091,0.211,1.0,0.1429,0,xRzcYR9_au5z69aKIpeLufbIrr_gMVf3OMVwixwBuw9L-hwv75egApsamH1KaCIKy21GruG8Hn93Jg,BR1_3265482608,16.14,13.848,11.152,10.38,1,DIAMOND
6.7857,0.4286,0.2857,0.25,0.2819,1,0.0,9.0,0.2727,0.1818,0.2778,0.2461,4.0,0.3333,2.4065,0.2602,0.4553,0.3793,0.2823,4.0,0.2353,0,sU-PgRGenB9jO_UQUfsO2CCpoup9rKFfqkWWlYz6s0vsAO78mxO6-usduG2W4MZ1Sfeg0oDGbgiLnA,BR1_3271084425,16.15,14.0,11.0,15.375,1,DIAMOND
6.6034,0.3752,0.2251,0.2308,0.2156,4,0.0,9.1883,0.375,0.1875,0.2857,0.2129,2.0,0.2857,,,,,,,,0,sU-PgRGenB9jO_UQUfsO2CCpoup9rKFfqkWWlYz6s0vsAO78mxO6-usduG2W4MZ1Sfeg0oDGbgiLnA,BR1_3270333901,16.15,13.326,5.333,0.0,1,DIAMOND
7.8571,0.3571,0.2857,0.375,0.2411,1,0.0,8.0251,0.2631,0.3947,0.7778,0.2815,2.0,0.0,8.4475,0.3249,0.1625,0.75,0.5327,3.0,0.1818,0,sU-PgRGenB9jO_UQUfsO2CCpoup9rKFfqkWWlYz6s0vsAO78mxO6-usduG2W4MZ1Sfeg0oDGbgiLnA,BR1_3270331738,16.15,14.0,7.601,6.156,1,DIAMOND
6.0714,0.4286,0.2143,0.2857,0.2619,3,0.0,5.5455,0.3636,0.4545,0.3636,0.182,1.0,0.1111,6.5392,0.1868,0.4671,0.4667,0.1828,1.0,0.0588,0,sU-PgRGenB9jO_UQUfsO2CCpoup9rKFfqkWWlYz6s0vsAO78mxO6-usduG2W4MZ1Sfeg0oDGbgiLnA,BR1_3270063688,16.15,14.0,11.0,10.705,1,DIAMOND
7.6429,0.2143,0.0714,0.2632,0.1892,4,0.0,12.3943,0.4958,0.0,0.4,0.3454,2.0,0.0,,,,,,,,0,ooTqhORxVu5CIeWLGSauc1VOM0lSq1UYpkjBfddj5x2w2uaGcNKGyk8-tGavuMGn9kAJ1GZibnXubg,BR1_3268000712,16.15,14.0,2.017,0.0,1,DIAMOND
7.7143,0.3571,0.2143,0.4,0.24,0,0.0,4.9091,0.3636,0.4545,0.6667,0.3115,1.0,0.25,15.426,0.0,0.0,0.0,0.0,0.0,0.125,0,ooTqhORxVu5CIeWLGSauc1VOM0lSq1UYpkjBfddj5x2w2uaGcNKGyk8-tGavuMGn9kAJ1GZibnXubg,BR1_3267916949,16.15,14.0,11.0,2.01,0,DIAMOND
5.8093,0.3925,0.0785,1.0,0.281,0,0.2,6.9738,0.2491,0.2491,0.4444,0.2047,1.0,0.0,7.7515,0.272,0.408,1.0,0.3935,1.0,0.2727,0,AnIJ_tGid5wdjS4DVUAXN9d4FYxADYlMNGxfp-KjZhqLn6s8x2SOoA-reZuiSV0y1-gBbEN15qyCHg,BR1_3277818072,16.17,12.738,8.03,7.353,0,DIAMOND
7.4805,0.4725,0.0,0.5,0.3054,1,0.0,9.7558,0.2439,0.0,0.8182,0.361,0.0,0.0769,4.1084,0.2417,0.1208,0.6667,0.2917,0.0,0.2222,0,AnIJ_tGid5wdjS4DVUAXN9d4FYxADYlMNGxfp-KjZhqLn6s8x2SOoA-reZuiSV0y1-gBbEN15qyCHg,BR1_3277790728,16.17,12.7,12.3,8.276,1,DIAMOND
5.3571,0.2857,0.3571,0.625,0.199,2,0.75,8.5432,0.0,0.5339,1.0,0.2968,2.0,0.0909,,,,,,,,0,AnIJ_tGid5wdjS4DVUAXN9d4FYxADYlMNGxfp-KjZhqLn6s8x2SOoA-reZuiSV0y1-gBbEN15qyCHg,BR1_3268856138,16.15,14.0,5.619,0.0,0,DIAMOND
7.7857,0.3571,0.1429,0.3077,0.1857,0,0.0,10.922,0.0,0.0,0.7273,0.2829,2.0,0.2,11.0754,0.0,0.0,0.4,0.2133,0.0,0.2222,0,1lsvJu8XQ4GnrX45qVQlho9aST4tYklbIKRMfZOT1P1C1uGvJPhlds0VGqO69wqKVG3v6NpfWKoZkw,BR1_3275949874,16.16,14.0,10.071,1.625,1,DIAMOND
7.7776,0.3241,0.081,0.3333,0.2314,0,0.0,5.909,0.2364,0.3545,0.8,0.3899,1.0,0.1429,2.0065,0.0,2.0065,0.0,0.3386,0.0,0.0,0,1-7KGgtPsJJqKcUyyD0b9DTzf86lsqPEawLtWsaDi4yGWsB4EhKBrH3CGoKO-sMzLvwLY5kgsZHGxA,BR1_3274365789,16.16,12.343,8.462,0.498,0,DIAMOND
6.4286,0.4286,0.2143,0.35,0.2647,3,0.0,6.0909,0.7273,0.5455,0.3182,0.1583,2.0,0.1667,7.5171,0.783,0.1566,0.3636,0.1968,1.0,0.3333,0,BVxI5ftr-RScdKN7E2KqfxcWtkc6v7U88q9kaK7vdIU--Lh2k_stD5fYBrT3BW4XUAMLXDRqCpODmg,BR1_3273084941,16.16,14.0,11.0,6.385,1,DIAMOND
4.6119,0.4612,0.3843,0.1111,0.2359,1,0.0,0.0,0.0,0.0,0.0,0.0,0.0,0.0,0.0,0.0,0.0,0.0,0.0,0.0,0.0,0,BVxI5ftr-RScdKN7E2KqfxcWtkc6v7U88q9kaK7vdIU--Lh2k_stD5fYBrT3BW4XUAMLXDRqCpODmg,BR1_3271763376,16.16,13.01,11.99,2.85,0,DIAMOND
3.2059,0.0,0.6011,0.0,0.2576,0,,,,,,,,,,,,,,,,0,BVxI5ftr-RScdKN7E2KqfxcWtkc6v7U88q9kaK7vdIU--Lh2k_stD5fYBrT3BW4XUAMLXDRqCpODmg,BR1_3271102393,16.15,4.991,0.0,0.0,0,DIAMOND
7.1429,0.3571,0.3571,0.3333,0.2118,2,0.0,9.8238,0.4723,0.3778,0.2,0.2822,0.0,0.0,7.842,0.5809,0.5809,0.1667,0.1872,0.0,0.2,0,BVxI5ftr-RScdKN7E2KqfxcWtkc6v7U88q9kaK7vdIU--Lh2k_stD5fYBrT3BW4XUAMLXDRqCpODmg,BR1_3271096501,16.15,14.0,10.586,3.443,0,DIAMOND
6.5,0.3571,0.0714,0.7273,0.3377,2,0.75,6.8073,0.0,0.3521,0.75,0.194,2.0,0.1,6.7965,0.0,0.5097,0.2857,0.0845,0.0,0.0,1,QujJKYB7HB1rDf6xKmqTaDWINEEBNWjXE7K_NPW6ArVwV1H09QijLiNhb3WLaH436bxgov7K9JTnqw,BR1_3275465079,16.16,14.0,8.52,5.885,0,DIAMOND
5.9332,0.3004,0.3755,0.0833,0.1127,0,0.0,6.2232,0.254,0.254,0.2667,0.0708,0.0,0.0,0.722,0.0,0.722,0.2,0.0153,0.0,0.25,0,t47qTm12YHD8v-pgGtQSzNr6pWd-v1rBxFiPxLHClz60ts_en2SjfphDJKD-FRd19eiStKx5-SzAOA,BR1_3278539063,16.17,13.315,7.874,1.385,1,DIAMOND
6.8685,0.7045,0.1761,0.5625,0.2776,0,0.0,6.4437,0.8055,0.4027,0.3913,0.1783,1.0,0.1111,4.7608,0.4761,0.6348,0.2143,0.1548,0.0,0.0,0,FzGZtGtuxiZEONC-dqWGAd0BUl9WHDxDgURL0Ng3pBR5eTayzHeWXutcywoY3DakJpGCncMvnGT5QA,BR1_3277863803,16.17,11.356,12.415,6.301,1,DIAMOND
8.0714,0.2857,0.0714,0.4118,0.2521,2,0.0,8.9091,0.1818,0.2727,0.6667,0.3283,1.0,0.0,4.9362,0.3526,0.3526,0.0,0.1991,0.0,0.0,0,nTPEdTVHk-R7yPPgbcq_HS7tKHdFrBB_FWtKFGNoJ2M29wMeH5psUN5VU8LiCQxNUnIVsNR_jZT42A,BR1_3273841974,16.16,14.0,11.0,2.836,0,DIAMOND
6.6648,0.293,0.2197,0.375,0.2363,1,0.0,8.7883,0.3612,0.0,0.2143,0.24,1.0,0.0,6.3298,0.1711,0.4277,0.2857,0.2006,1.0,0.0769,0,nTPEdTVHk-R7yPPgbcq_HS7tKHdFrBB_FWtKFGNoJ2M29wMeH5psUN5VU8LiCQxNUnIVsNR_jZT42A,BR1_3273822564,16.16,13.654,8.307,11.691,0,DIAMOND
0.0,0.0,0.0,0.0,0.0,0,,,,,,,,,,,,,,,,0,jlDI28u1EUxoN7FRA-8j2oC2RKjjgBv9x55L-VYe5bKj03xtpV2MXN8c-id5AcnkuOKL_6QPKyCTDw,BR1_3266992983,16.15,1.099,0.0,0.0,1,DIAMOND
6.5623,0.3125,0.1562,0.3636,0.2143,0,0.25,9.916,0.1167,0.0,0.125,0.1816,0.0,0.0833,9.1105,0.5359,0.0,1.0,0.2552,0.0,0.1429,0,VcS4nr9j6ecuDVTs70K6bGa2-3JimkTNnl1tewPHK9TdVv5FD8twHYRn4OhhoE6pTJf_wa8qrxL3vg,BR1_3278966985,16.17,12.8,8.572,1.866,1,DIAMOND
9.6413,0.1662,0.0,0.25,0.2202,1,,,,,,,,,,,,,,,,1,8Ww2wyqNSVAyBgsmu_tT0EOWia2ykZR1hRfBgfr-k7iEUpc_iHIrkHT60onh3j858Lm_KW6C7zcfug,BR1_3268852600,16.15,6.016,0.0,0.0,0,DIAMOND
6.9857,0.2329,0.0,0.0,0.1833,0,0.0,,,,,,,,,,,,,,,0,YvW_ofEmrW3wxoGGQvR-TWEZCSSf7o9_1_6v1Uo3k_G-1ICumgnRpAuchlfhFLgcLfWmIT1kymGwSg,BR1_3273465465,16.16,8.589,0.0,0.0,0,DIAMOND
6.7143,0.2857,0.2857,0.125,0.282,1,0.2,10.9147,0.0,0.4746,0.0,0.095,0.0,0.0,,,,,,,,0,j4Cl8eNqbzFwP1h-jRI6MrUVT8_fCpyQRaJwuoTh1rZV12GMSuO3o4fz97mQueF9kjYufcKpWmJ_dg,BR1_3277648693,16.17,14.0,2.107,0.0,0,DIAMOND
5.8988,0.2328,0.0776,0.4444,0.1789,1,0.0,8.4446,0.1069,0.3207,0.8333,0.2151,0.0,0.0,0.0,0.0,2.1364,0.0,0.5364,0.0,0.0,0,ylqvJu1Jr4uHST05K2ExkhbLNHbfbiUuAGapyIlbs6Klcr8npDE9a1j3iQSxPYzqCYAM2nx_MrXIZw,BR1_3272982607,16.16,12.884,9.355,0.468,0,DIAMOND
8.0254,0.2271,0.0757,0.2143,0.2404,1,0.0,8.6499,0.0,0.1696,0.5,0.2384,2.0,0.0769,9.1924,0.0,0.1558,0.7857,0.3021,2.0,0.0,0,ylqvJu1Jr4uHST05K2ExkhbLNHbfbiUuAGapyIlbs6Klcr8npDE9a1j3iQSxPYzqCYAM2nx_MrXIZw,BR1_3272981013,16.16,13.208,11.792,6.418,1,DIAMOND
0.0,0.8769,0.0,0.0,0.3343,0,,,,,,,,,,,,,,,,0,QyegVUfb946FS5FFIwmstjmvRMbCXAME2XnUPcx7tQN8aGFnaSMBDYbLvs4oVfFTmDOlhbDn2LWWLA,BR1_3278721472,16.17,1.14,0.0,0.0,0,DIAMOND
7.9508,0.966,0.0743,0.5833,0.3463,3,0.0,6.238,1.2996,0.3466,0.8571,0.423,2.0,0.1,9.2126,1.8425,0.9213,1.0,0.305,0.0,0.0,0,Vjfni6HsEmvbU6C4EWliD2VFx4o9VYX68ldzEzy4f_00QgyZvT87jKDNFxKOkyCcNB5R1kdlyZ6yxA,BR1_3278745474,16.17,13.458,11.542,1.085,0,DIAMOND
5.825,0.4102,0.3282,0.3571,0.3196,2,0.0,4.903,0.1257,0.88,0.625,0.1791,1.0,0.3125,,,,,,,,1,Vjfni6HsEmvbU6C4EWliD2VFx4o9VYX68ldzEzy4f_00QgyZvT87jKDNFxKOkyCcNB5R1kdlyZ6yxA,BR1_3278732874,16.17,12.189,7.954,0.0,0,DIAMOND
7.0,0.2857,0.2857,0.0,0.1902,0,0.0,8.4545,0.0,0.2727,0.5,0.1911,0.0,0.1818,11.3339,0.0,0.0,0.0,0.4155,0.0,0.0,0,Vjfni6HsEmvbU6C4EWliD2VFx4o9VYX68ldzEzy4f_00QgyZvT87jKDNFxKOkyCcNB5R1kdlyZ6yxA,BR1_3276792102,16.17,14.0,11.0,0.618,0,DIAMOND
5.6921,0.2846,0.4743,0.0,0.2722,0,0.0,8.6663,0.3611,0.2407,0.4286,0.2319,0.0,0.3636,,,,,,,,0,IdQPFvNmg3Yw4IWGbNjj2DKJF0b42ELOvqXVie0F7vC5hqbXWsrLOW5HnTXFGpT-PolQ0Vrg0rmEMQ,BR1_3279086887,16.17,10.541,8.308,0.0,0,DIAMOND
7.8571,0.2857,0.1429,0.4,0.2145,1,0.0,5.4545,0.0,0.1818,0.9231,0.4802,5.0,0.0909,6.0298,0.0,0.1527,0.9048,0.5205,0.0,0.1667,0,IOfgj6Inm9XoRw6NrdUYEXmZSG6hscXaZucQVHdg_2Cl5DFKFTS0Xbx5G3roWXeiVS1r3FDAESfGzQ,BR1_3278425617,16.17,14.0,11.0,13.102,0,DIAMOND
8.9171,0.3596,0.0,0.1333,0.2203,1,0.2,8.0783,0.0,0.0973,0.6154,0.2578,2.0,0.0,3.6631,0.0,0.5784,0.5,0.201,0.0,0.2222,0,WfxUPhoauBLDvL8bIf5Jj5jEYAWv49dRAoJC4BAbHZOg_0SN9Tn8bmimLGhwQ72DHPPttNssfcUb4Q,BR1_3277098868,16.17,13.906,10.274,5.187,1,DIAMOND
7.8032,0.303,0.0758,0.75,0.2679,1,0.0,6.7966,0.0,6.7966,0.0,0.6772,0.0,0.0,,,,,,,,0,WfxUPhoauBLDvL8bIf5Jj5jEYAWv49dRAoJC4BAbHZOg_0SN9Tn8bmimLGhwQ72DHPPttNssfcUb4Q,BR1_3277082550,16.17,13.2,0.147,0.0,0,DIAMOND
7.7893,0.2568,0.0,0.5,0.3147,0,0.0,11.2594,0.4249,0.0,0.1818,0.0313,0.0,0.4,,,,,,,,0,2obl_gDQ4bRIe-T3rs5gfutbDaKwkXylS9gaUqcuDA92NBUZOQIkklK0a4uTm1UG7kUlst76wGUFeg,BR1_3278766641,16.17,11.683,4.707,0.0,1,DIAMOND
0.0,0.0,0.0,0.0,0.0,0,,,,,,,,,,,,,,,,0,2obl_gDQ4bRIe-T3rs5gfutbDaKwkXylS9gaUqcuDA92NBUZOQIkklK0a4uTm1UG7kUlst76wGUFeg,BR1_3278709948,16.17,1.295,0.0,0.0,0,DIAMOND
7.7823,0.3113,0.0778,0.3333,0.0546,0,0.0,10.0612,0.43,0.086,0.5,0.2428,1.0,0.1667,0.7417,0.3709,0.3709,1.0,0.3619,0.0,0.3333,0,2obl_gDQ4bRIe-T3rs5gfutbDaKwkXylS9gaUqcuDA92NBUZOQIkklK0a4uTm1UG7kUlst76wGUFeg,BR1_3278598910,16.17,12.85,11.629,2.696,0,DIAMOND
6.5774,0.3654,0.1827,0.2857,0.1895,2,0.0,6.4041,0.3558,0.3558,0.48,0.2252,0.0,0.0909,12.7176,0.4239,0.0,0.6667,0.1722,1.0,0.1667,1,2obl_gDQ4bRIe-T3rs5gfutbDaKwkXylS9gaUqcuDA92NBUZOQIkklK0a4uTm1UG7kUlst76wGUFeg,BR1_3278427792,16.17,10.947,14.053,2.359,1,DIAMOND
8.1209,0.262,0.0873,0.4,0.2738,1,0.0,8.0099,0.3956,0.0,0.5714,0.2154,0.0,0.2857,5.2189,0.1044,0.3131,0.6667,0.3412,0.0,0.25,0,t8bQ_n77dAMcJGuhWEdFkj09Uk3_ZD97Ra0fmdeRVW0nLgIDs-2RU9fmxYFEMtHZajQfOFFO8mP07w,BR1_3270200484,16.15,11.452,10.112,9.581,0,DIAMOND
5.5,0.3571,0.4286,0.5,0.2325,0,0.0,8.1609,0.5101,0.306,0.2,0.2121,0.0,0.0,3.8396,0.8532,0.4266,0.0,0.2703,0.0,0.5714,0,4530-XUPnLR47U25Ps3rh9Uzcz9osoaoVCczrlOwh0lQs1LuyNY-h7YS08IBPvBSqd5vjf-Z1CQkDg,BR1_3271352446,16.15,14.0,9.803,2.344,0,DIAMOND
6.6509,0.1547,0.232,0.25,0.1909,0,0.0,5.137,0.6628,0.2486,0.381,0.2043,0.0,0.0,2.9373,0.3672,0.3672,0.4545,0.0681,0.0,0.4,0,4530-XUPnLR47U25Ps3rh9Uzcz9osoaoVCczrlOwh0lQs1LuyNY-h7YS08IBPvBSqd5vjf-Z1CQkDg,BR1_3271259752,16.15,12.931,12.069,5.447,1,DIAMOND
6.7207,0.4098,0.2459,0.2222,0.1565,0,0.0,6.4468,0.2302,0.0,0.4444,0.2636,2.0,0.1818,10.2882,0.0,0.5415,1.0,0.3543,0.0,0.0,0,mAYVFK-H8NodrSJcMp19CQ4dLpuSk5geMRQhPrPGa7NNCntiHJD5ISHu32TO53Mkb45ombhlpO-I_g,BR1_3279132358,16.17,12.201,8.686,1.847,1,DIAMOND
4.2622,0.2283,0.5328,0.3333,0.1655,0,0.2,6.6083,0.0,0.472,0.0,0.1486,0.0,0.0,,,,,,,,0,4Hj2QQUmHkxtDd4hOSguRbPYe-CctejqseGeIOTvpmkdqXD0h0kHCaJYIdsxWv5T48TNXwfQSgTcRQ,BR1_3277349096,16.17,13.139,2.119,0.0,0,DIAMOND
7.9552,0.0723,0.2893,0.2727,0.26,2,0.0,8.145,0.716,0.2685,0.3636,0.2779,0.0,0.35,0.0,0.0,0.0,0.0,0.0,0.0,0.0,0,LktlqDoLuwZXRMwJdZD-4r1_MDWIZgvtZDYQhHlRfHtSnExOpl2iuYgvnz3G6meSycCuaWK7417XpA,BR1_3278924218,16.17,13.827,11.173,0.292,0,DIAMOND
6.2143,0.1429,0.2143,0.5,0.287,1,0.0,5.7502,0.0,0.4182,0.5,0.264,1.0,0.0,,,,,,,,0,CgxWkoKNRcP9AeEstn-J64ST93qkuE7xSHscWFWKj2MRUKpLdHy61n_mQY0kaQzFWa-i1mK9sYLgqw,BR1_3262729730,16.14,14.0,9.565,0.0,0,DIAMOND
7.9298,0.3926,0.157,0.4444,0.1803,1,0.0,7.339,0.897,0.1631,0.5357,0.3552,2.0,0.1538,10.3729,0.6224,0.2075,0.8333,0.2609,0.0,0.2,0,UT0qxw6jwsXn9CDVk6e-1Oyxo2NS5tOsiT-wy_OfojbIVT6WhUv7y5aCi5L_23KxxPO0EIW_knHmpg,BR1_3277860678,16.17,12.737,12.263,4.82,1,DIAMOND
9.0714,0.2857,0.0714,0.4,0.2271,1,0.0,8.0909,0.3636,0.3636,0.4,0.166,1.0,0.1,9.3946,0.427,0.427,0.0,0.1871,0.0,0.0,0,UT0qxw6jwsXn9CDVk6e-1Oyxo2NS5tOsiT-wy_OfojbIVT6WhUv7y5aCi5L_23KxxPO0EIW_knHmpg,BR1_3277845449,16.17,14.0,11.0,4.684,0,DIAMOND
7.2276,0.511,0.0,0.3333,0.1983,0,0.0,6.4587,0.3539,0.3539,0.25,0.1623,1.0,0.2,8.2126,0.3776,0.3776,0.3846,0.118,0.0,0.2222,0,F1dU5HoGv_9Z8nnAGdEz1SGk9uRZGPqa5MV9BnrITkwkmqmrSLNoqnQmUGAV5V_7Jbb1aOelJc6eBA,BR1_3279112905,16.17,13.697,11.303,10.593,1,DIAMOND
7.7857,0.4286,0.0714,0.6,0.2348,1,0.0,7.6364,0.5455,0.3636,0.0909,0.1943,0.0,0.0,5.2005,0.1625,0.325,0.1667,0.1105,0.0,0.375,1,F1dU5HoGv_9Z8nnAGdEz1SGk9uRZGPqa5MV9BnrITkwkmqmrSLNoqnQmUGAV5V_7Jbb1aOelJc6eBA,BR1_3279112107,16.17,14.0,11.0,6.153,0,DIAMOND
7.9669,0.3867,0.0773,0.6111,0.2743,1,0.25,6.7351,0.4677,0.0935,0.5769,0.2864,0.0,0.0,8.7466,0.4447,0.0,0.3636,0.3528,0.0,0.2,0,F1dU5HoGv_9Z8nnAGdEz1SGk9uRZGPqa5MV9BnrITkwkmqmrSLNoqnQmUGAV5V_7Jbb1aOelJc6eBA,BR1_3278960045,16.17,12.929,10.69,6.745,1,DIAMOND
9.1112,0.1585,0.0,0.5556,0.2261,2,0.0,7.594,0.0808,0.0,0.4,0.1703,0.0,0.25,7.5799,0.0,0.6591,1.0,0.2366,0.0,0.125,1,0uJpB2UHtSMpH1SpkJ0vZr7eDSwInLArVzw7H7MkXa3n4u_CothdLYB2emBLdQQnZmu3SfhbMP3enw,BR1_3268455781,16.15,12.622,12.378,6.069,0,DIAMOND
5.7196,0.2561,0.3415,0.4,0.2612,0,1.0,8.227,0.5702,0.1629,0.2692,0.1547,2.0,0.25,2.4695,0.0,0.4116,0.2857,0.1759,0.0,0.0,1,0uJpB2UHtSMpH1SpkJ0vZr7eDSwInLArVzw7H7MkXa3n4u_CothdLYB2emBLdQQnZmu3SfhbMP3enw,BR1_3267913898,16.15,11.714,12.277,2.43,1,DIAMOND
7.7143,0.3571,0.2143,0.2,0.1202,1,0.0,7.4069,0.7122,0.1424,1.0,0.388,0.0,0.2857,5.1937,0.0,0.4722,0.0,0.0519,0.0,0.4286,0,usTIIRvX8mKAR7e-EpbuHH9Vmxa2QdHOMZ3CsW_j6PHl1sozxrLOfzGX1G-UQmjMGBHjcQSU0SO8zQ,BR1_3277688272,16.17,14.0,7.02,2.118,0,DIAMOND
7.6901,0.507,0.2535,0.2,0.1826,0,0.0,9.3867,0.4557,0.4557,0.3636,0.1972,0.0,0.0,7.7873,0.354,0.7079,0.8333,0.3041,0.0,0.1429,0,usTIIRvX8mKAR7e-EpbuHH9Vmxa2QdHOMZ3CsW_j6PHl1sozxrLOfzGX1G-UQmjMGBHjcQSU0SO8zQ,BR1_3270331020,16.15,11.833,10.973,2.825,0,DIAMOND
5.8584,0.3301,0.4126,0.25,0.2281,1,0.0,8.8701,0.2441,0.2441,0.5385,0.1729,0.0,0.2222,,,,,,,,0,5IWwHXih1tpsl3HAq5_AM-GuMgJHpI4NEbXsuGkS7MfY9Wxruyhhlc05wCmvsMiPn8DCl8atFHWYkw,BR1_3270719615,16.15,12.119,12.288,0.0,0,DIAMOND
7.7857,0.3571,0.2143,0.5,0.2846,3,0.0,10.6364,0.1818,0.0909,0.7,0.3541,4.0,0.0833,10.0541,0.0,1.0054,0.0,0.1481,0.0,0.0,0,5IWwHXih1tpsl3HAq5_AM-GuMgJHpI4NEbXsuGkS7MfY9Wxruyhhlc05wCmvsMiPn8DCl8atFHWYkw,BR1_3270565929,16.15,14.0,11.0,0.995,0,DIAMOND
7.706,0.3303,0.2202,0.2222,0.1547,0,0.0,5.4661,0.0628,0.377,0.4118,0.1724,0.0,0.0667,9.9604,0.0,0.2264,1.0,0.2354,0.0,0.1429,0,5IWwHXih1tpsl3HAq5_AM-GuMgJHpI4NEbXsuGkS7MfY9Wxruyhhlc05wCmvsMiPn8DCl8atFHWYkw,BR1_3270052091,16.15,9.084,15.916,4.417,0,DIAMOND
8.7857,0.3571,0.1429,0.1538,0.1256,0,0.0,7.9091,0.5455,0.2727,0.4286,0.2389,1.0,0.1111,9.9538,0.4328,0.1082,0.6923,0.3266,0.0,0.4667,0,Qrx0MjMBuyR0kMuRrq-RsN07m-PU2dN5V8pZ2S_CsO51ZbzazCZjwr6OdTUHrxzr8ZDq_oFyDl-7RQ,BR1_3274211221,16.16,14.0,11.0,9.243,1,DIAMOND
8.489,0.4042,0.0,0.4167,0.2491,0,0.0,7.7455,0.4244,0.2122,0.2727,0.1457,0.0,0.0,4.5426,0.5424,0.2034,0.619,0.2036,0.0,0.15,1,PcGU749Qey4g0NQiIfduJVMnCcW3e9hzGdO4Bhej6Zypxkk_OCY9f02yvk8U9XJcWcUHQBKw6VelYw,BR1_3276211394,16.16,12.369,9.425,14.749,1,DIAMOND
5.3571,0.3571,0.2143,0.6111,0.248,1,0.0,8.1818,0.3636,0.3636,0.3478,0.1928,3.0,0.0769,7.1972,0.5021,0.0,0.6667,0.2825,0.0,0.5,0,PcGU749Qey4g0NQiIfduJVMnCcW3e9hzGdO4Bhej6Zypxkk_OCY9f02yvk8U9XJcWcUHQBKw6VelYw,BR1_3273947216,16.16,14.0,11.0,5.975,1,DIAMOND
7.3571,0.3571,0.2143,0.3636,0.2605,1,0.0,8.5794,0.1928,0.1928,0.381,0.2367,2.0,0.3333,,,,,,,,0,_7AodYGjhXoiWeK__knEJ7NYKxOIDP6xdFzmsrSwpIGixIN-kY6Zds2Ztms4dVXuh1iLY6NwZ96SAg,BR1_3274010151,16.16,14.0,10.374,0.0,1,DIAMOND
7.2017,0.4321,0.072,0.6667,0.3518,4,0.0,10.6828,0.1287,0.2574,0.5385,0.3509,2.0,0.5,7.9387,0.0,0.0,0.25,0.212,1.0,0.0,1,_7AodYGjhXoiWeK__knEJ7NYKxOIDP6xdFzmsrSwpIGixIN-kY6Zds2Ztms4dVXuh1iLY6NwZ96SAg,BR1_3273997874,16.16,13.886,7.769,3.023,1,DIAMOND
8.8395,0.4092,0.1637,0.25,0.2562,1,0.0,8.2929,0.2347,0.3912,0.5882,0.3045,2.0,0.2,3.8945,0.0,0.3245,0.3333,0.2566,0.0,0.1111,0,_7AodYGjhXoiWeK__knEJ7NYKxOIDP6xdFzmsrSwpIGixIN-kY6Zds2Ztms4dVXuh1iLY6NwZ96SAg,BR1_3271781401,16.16,12.218,12.782,3.081,0,DIAMOND
6.5108,0.1463,0.2195,0.0909,0.1489,0,0.0,12.5976,0.5039,0.0,0.0,0.1276,0.0,0.0,,,,,,,,0,xYCSH2ZtsP1PS5HvzRhn8cQ6yJyTjsihaXa4eG_AzkjXi9lDQCc1N053cPjdOUpdmGhagbWwEKBs5w,BR1_3264332899,16.14,13.67,1.984,0.0,0,DIAMOND
8.175,0.2019,0.2019,0.5,0.2598,0,0.0,8.1611,0.0,0.288,1.0,0.3105,1.0,0.2143,0.0,0.0,0.8511,1.0,0.2923,0.0,0.5,0,CxRBQBVLKE1EsUvqoyNm4NzSlScvnbafjb0MljnmkEf2mgwcLI5Wzj5T73oM2ICEl_orYFOHI-x2Gw,BR1_3270774704,16.15,9.908,10.415,1.175,0,DIAMOND
5.9717,0.2878,0.2158,0.3333,0.3371,0,0.0,6.8273,0.5252,0.2101,0.4,0.3298,1.0,0.0,3.2365,0.0,0.5394,0.0,0.1925,0.0,0.0,0,aQE7EXA_WDqgPwVg8x3DzOf068fMR07S-ZWeRRJlY8_uJGpJq0fN1J_bDYEPCEdJ_ipee90AUZZb1g,BR1_3273230755,16.16,13.899,9.521,1.854,0,DIAMOND
7.4286,0.3571,0.1429,0.2,0.1975,0,0.0,8.5287,0.3967,0.0992,0.4286,0.2022,0.0,0.0909,8.1595,0.1665,0.1665,0.2,0.2091,0.0,0.125,0,yQlep1zDndCFhlHZsoIsaYg2-0HK0kuJFhNvjBjXY3IqbuVSd8o1IRRomcn2CMoV-D5mdcz64hGKEg,BR1_3270063650,16.15,14.0,10.084,6.005,0,DIAMOND
8.2857,0.3571,0.1429,0.6154,0.3237,1,0.0,7.6364,0.3636,0.3636,0.5,0.2377,1.0,0.0,5.8795,0.2352,0.2352,0.6071,0.282,2.0,0.1176,0,yQlep1zDndCFhlHZsoIsaYg2-0HK0kuJFhNvjBjXY3IqbuVSd8o1IRRomcn2CMoV-D5mdcz64hGKEg,BR1_3269484160,16.15,14.0,11.0,17.008,1,DIAMOND
9.8571,0.3571,0.0,0.5,0.2172,1,0.0,7.2727,0.4545,0.3636,0.3333,0.1857,0.0,0.1429,8.8688,0.626,0.313,0.0,0.1582,0.0,0.1667,0,Lfom9y9DwNzpL2oeEaurSN8Ft_3AVqd5CHPIH9CtQ5z0DHqAVnlIc_psdYZzbXVkDDUxeZkGmqoH7A,BR1_3278589121,16.17,14.0,11.0,9.584,0,DIAMOND
9.0669,0.3842,0.0,0.2143,0.1763,0,0.0,7.0932,0.2086,0.1043,0.5625,0.2099,1.0,0.0,,,,,,,,0,Lfom9y9DwNzpL2oeEaurSN8Ft_3AVqd5CHPIH9CtQ5z0DHqAVnlIc_psdYZzbXVkDDUxeZkGmqoH7A,BR1_3278574762,16.17,13.014,9.587,0.0,1,DIAMOND
1.6633,0.0,0.0,0.0,0.3343,0,,,,,,,,,,,,,,,,0,Lfom9y9DwNzpL2oeEaurSN8Ft_3AVqd5CHPIH9CtQ5z0DHqAVnlIc_psdYZzbXVkDDUxeZkGmqoH7A,BR1_3278571457,16.17,1.202,0.0,0.0,0,DIAMOND
9.8421,0.222,0.0,0.1667,0.171,1,0.0,7.6611,0.4353,0.0871,0.7,0.3057,1.0,0.1111,3.4134,0.0,0.3251,0.6923,0.2405,0.0,0.1176,0,Lfom9y9DwNzpL2oeEaurSN8Ft_3AVqd5CHPIH9CtQ5z0DHqAVnlIc_psdYZzbXVkDDUxeZkGmqoH7A,BR1_3278481195,16.17,13.513,11.487,12.305,0,DIAMOND
7.9286,0.2857,0.0714,0.1429,0.2088,1,0.0,7.5455,0.4545,0.2727,0.4167,0.2805,2.0,0.0833,4.8915,0.0,0.3106,0.5385,0.2146,2.0,0.1818,0,Lfom9y9DwNzpL2oeEaurSN8Ft_3AVqd5CHPIH9CtQ5z0DHqAVnlIc_psdYZzbXVkDDUxeZkGmqoH7A,BR1_3278299858,16.17,14.0,11.0,12.88,0,DIAMOND
7.7491,0.3799,0.3039,0.2857,0.2128,0,0.0,6.0017,0.0,0.4617,0.5,0.3357,0.0,0.3333,,,,,,,,0,OFTHHDiLtpjrwvt_4OTKmUa48Xo_quviQmqNx4SuFJFrwBGTsWZ5cCQdlrIBCCOd2DSeeVEHEPA8zA,BR1_3271975630,16.16,13.163,2.166,0.0,0,DIAMOND
5.0714,0.2857,0.2857,0.4286,0.1722,1,0.25,5.3636,0.3636,0.3636,0.7778,0.1826,0.0,0.125,5.842,0.508,0.254,0.3333,0.3326,1.0,0.0714,0,OFTHHDiLtpjrwvt_4OTKmUa48Xo_quviQmqNx4SuFJFrwBGTsWZ5cCQdlrIBCCOd2DSeeVEHEPA8zA,BR1_3263332688,16.14,14.0,11.0,7.874,1,DIAMOND
6.2176,0.1658,0.3316,0.3,0.1911,1,0.0,8.3808,0.3944,0.493,0.3,0.2177,0.0,0.0,6.0108,0.4508,0.3005,0.8333,0.3155,0.0,0.5,0,OFTHHDiLtpjrwvt_4OTKmUa48Xo_quviQmqNx4SuFJFrwBGTsWZ5cCQdlrIBCCOd2DSeeVEHEPA8zA,BR1_3262308224,16.14,12.062,10.142,6.655,0,DIAMOND
6.4639,0.3447,0.2586,0.3846,0.2391,2,0.0,8.0612,0.594,0.1697,0.5,0.274,2.0,0.1818,3.4766,0.5794,0.0,1.0,0.3139,0.0,0.1667,0,oFnGKE98rG4nczIHctMc3F1cPfMLBn5MTpDGlcJzdik8PZqE4n2iNyBNLZDBNfSDjwXFbNNbr0vA5Q,BR1_3276343604,16.17,11.603,11.785,1.726,0,DIAMOND
5.246,0.2248,0.1499,0.3333,0.2415,1,0.0,3.631,0.6869,0.3925,0.5,0.295,0.0,0.2,7.1715,0.4553,0.3415,0.1667,0.2677,0.0,0.3571,0,W7ixmkiubx0zppIl-UZthl_0MHr3DSmafP6_phg-BEomfiF4QM6_EhW07FqkYHBDa8MnV2Vq_VNhYA,BR1_3278722086,16.17,13.344,10.19,8.785,0,DIAMOND
7.2022,0.3065,0.2299,0.5,0.3426,2,0.0,4.6031,0.0,0.2511,0.6818,0.3931,0.0,0.1,3.8055,0.0,0.346,0.4,0.3132,1.0,0.3333,0,W7ixmkiubx0zppIl-UZthl_0MHr3DSmafP6_phg-BEomfiF4QM6_EhW07FqkYHBDa8MnV2Vq_VNhYA,BR1_3278649799,16.17,13.052,11.948,2.891,1,DIAMOND
6.464,0.3007,0.0752,0.4706,0.3793,3,0.0,6.4423,0.3514,0.2343,0.2,0.287,1.0,0.125,2.9166,0.4964,0.4344,0.5417,0.2866,0.0,0.1429,0,W7ixmkiubx0zppIl-UZthl_0MHr3DSmafP6_phg-BEomfiF4QM6_EhW07FqkYHBDa8MnV2Vq_VNhYA,BR1_3278385265,16.17,13.304,8.537,16.114,1,DIAMOND
0.0,0.0,0.0,0.0,0.0,0,,,,,,,,,,,,,,,,0,W7ixmkiubx0zppIl-UZthl_0MHr3DSmafP6_phg-BEomfiF4QM6_EhW07FqkYHBDa8MnV2Vq_VNhYA,BR1_3278381427,16.17,1.201,0.0,0.0,1,DIAMOND
5.4844,0.3596,0.3596,0.5714,0.478,3,0.0,4.7339,0.4641,0.3713,0.4615,0.2533,3.0,0.2222,4.2557,0.4836,0.3869,0.4667,0.197,0.0,0.0,0,W7ixmkiubx0zppIl-UZthl_0MHr3DSmafP6_phg-BEomfiF4QM6_EhW07FqkYHBDa8MnV2Vq_VNhYA,BR1_3278359703,16.17,11.122,10.773,10.339,0,DIAMOND
7.1418,0.3401,0.17,0.5,0.2852,0,0.0,6.702,0.0,0.3351,0.7692,0.3824,3.0,0.0909,2.3787,0.0,0.3244,0.7778,0.3551,1.0,0.125,1,iOb7-TXUgqx01FZ_9rKX-OVR4PRnF0cq24cVVCVgXkinkSK7CjW1Li_J6J_Xg8ErnDb46Lb0y3HKVw,BR1_3278512973,16.17,11.762,11.937,9.249,0,DIAMOND
5.1376,0.3618,0.1447,0.375,0.1861,1,0.0,4.4161,0.0,0.1162,0.5,0.2676,1.0,0.1875,,,,,,,,0,iOb7-TXUgqx01FZ_9rKX-OVR4PRnF0cq24cVVCVgXkinkSK7CjW1Li_J6J_Xg8ErnDb46Lb0y3HKVw,BR1_3278514072,16.17,13.82,8.605,0.0,1,DIAMOND
6.3096,0.2151,0.2151,0.5,0.3694,3,0.0,6.1241,0.0,0.2268,0.5,0.1989,1.0,0.2,7.158,0.0,0.0,1.0,0.5506,0.0,0.2,0,iOb7-TXUgqx01FZ_9rKX-OVR4PRnF0cq24cVVCVgXkinkSK7CjW1Li_J6J_Xg8ErnDb46Lb0y3HKVw,BR1_3278500825,16.17,13.947,8.818,1.956,1,DIAMOND
6.761,0.3258,0.3258,0.2,0.2163,0,0.0,4.5584,0.0,0.3144,0.5,0.305,1.0,0.0,5.3637,0.0,0.3576,0.4444,0.1794,0.0,0.2,0,iOb7-TXUgqx01FZ_9rKX-OVR4PRnF0cq24cVVCVgXkinkSK7CjW1Li_J6J_Xg8ErnDb46Lb0y3HKVw,BR1_3275274088,16.16,12.276,12.724,8.39,0,DIAMOND
2.0594,0.1791,0.0895,0.25,0.147,1,0.0,7.3846,0.208,0.104,0.5,0.0753,0.0,0.1111,3.0413,0.0,0.4679,0.25,0.1033,0.0,0.0,0,iOb7-TXUgqx01FZ_9rKX-OVR4PRnF0cq24cVVCVgXkinkSK7CjW1Li_J6J_Xg8ErnDb46Lb0y3HKVw,BR1_3274814485,16.16,11.168,9.615,4.275,0,DIAMOND
7.0211,0.3304,0.0826,0.1111,0.2216,0,0.0,8.4686,0.0,0.0,0.0,0.1084,0.0,0.5,,,,,,,,0,0rtmXZ86PMcKg5dYkRCuSpyzv2UXhCgNdpFw6O0CHRpJYDvHC6oXybXX6X0oTnbKb275_O72Tj8HAg,BR1_3265229275,16.14,12.106,0.709,0.0,0,DIAMOND
7.4581,0.3729,0.0932,0.1111,0.0613,0,0.0,9.409,0.4004,0.0,0.1667,0.1147,0.0,0.0,9.5831,0.4637,0.0,0.8333,0.1785,0.0,0.6,0,0rtmXZ86PMcKg5dYkRCuSpyzv2UXhCgNdpFw6O0CHRpJYDvHC6oXybXX6X0oTnbKb275_O72Tj8HAg,BR1_3265220301,16.14,10.727,9.99,6.47,0,DIAMOND
5.2323,0.2907,0.1938,0.3333,0.1386,0,0.0,,,,,,,,,,,,,,,1,0rtmXZ86PMcKg5dYkRCuSpyzv2UXhCgNdpFw6O0CHRpJYDvHC6oXybXX6X0oTnbKb275_O72Tj8HAg,BR1_3263958949,16.14,10.32,0.0,0.0,0,DIAMOND
7.3882,0.3111,0.0778,0.5,0.0808,0,0.0,6.7536,0.4942,0.1647,0.4737,0.1649,1.0,0.0,7.2951,0.228,0.0,0.2857,0.0605,0.0,0.125,0,0rtmXZ86PMcKg5dYkRCuSpyzv2UXhCgNdpFw6O0CHRpJYDvHC6oXybXX6X0oTnbKb275_O72Tj8HAg,BR1_3263952803,16.14,12.858,12.142,4.386,1,DIAMOND
5.5515,0.3365,0.1682,0.4444,0.1614,0,0.0,7.4745,0.3051,0.2288,0.3158,0.252,2.0,0.125,3.8022,0.4225,0.2112,0.2727,0.2423,1.0,0.125,0,TzgGguVKCPQzaPd5t1uFofcuDu8LuyJBVhcclBMuiu3rSi-gYNUrJkQlREp7em37EiAYIC9pEZNxBw,BR1_3272693232,16.16,11.889,13.111,4.734,1,DIAMOND
7.1429,0.2143,0.0,0.5556,0.273,1,0.0,4.5455,0.0,0.1818,0.4286,0.3002,1.0,0.125,5.594,0.0,0.3996,0.4286,0.3293,0.0,0.0,0,6IJIRcPGg0JpdlqTLsveDrDCJTgo-g0fZsK5xMzdT6CebOokX31DuNJASYmb0xc6OK8UMfi-0Vxc-w,BR1_3278540579,16.17,14.0,11.0,2.503,1,DIAMOND
7.2614,0.3301,0.165,0.4286,0.2031,0,0.0,7.2345,0.0,0.2411,0.0,0.2339,0.0,0.2,,,,,,,,0,6IJIRcPGg0JpdlqTLsveDrDCJTgo-g0fZsK5xMzdT6CebOokX31DuNJASYmb0xc6OK8UMfi-0Vxc-w,BR1_3278522279,16.17,12.119,4.147,0.0,0,DIAMOND
6.4785,0.3239,0.0,0.0,0.1064,0,0.0,5.487,0.4841,0.2421,0.5556,0.141,0.0,0.25,3.3009,0.3809,0.2539,1.0,0.0738,0.0,0.2222,0,mQaZY0UMIUdRoyt3AY_tJ8ncG1xVgnq2qzTqBvaL4DaCYgRp2ByanI82dNd4Zj1J2TghA25SCQLo_g,BR1_3276021482,16.16,12.349,12.393,7.877,0,DIAMOND
7.1413,0.3007,0.1503,0.5,0.2765,1,0.0,9.0481,0.4113,0.0,0.5714,0.3726,2.0,0.2857,3.9064,0.4883,0.0,0.8571,0.3367,0.0,0.2,0,WS52Iq3Ww4L6dzr2OoEBOjwaBZHKKSDFrrM4NT736lGxlBnXCWdx0KPuuhYmJHJLIoHcZ99m5tlIAQ,BR1_3269274958,16.15,13.303,9.726,4.096,1,DIAMOND
6.2621,0.404,0.101,0.3333,0.245,1,0.0,7.6214,0.4011,0.1605,0.2,0.1705,0.0,0.125,18.6379,0.0,0.0,0.0,0.0,0.0,0.0,0,c5_oshoYDk5c1XqVDFkXT43qRTClRqtywvpHdMIdZi8VpB2J4dgtrR8O-NCsOdkV0ZAbl4XmLB1ktA,BR1_3276008754,16.16,9.901,12.465,0.215,1,DIAMOND
6.5193,0.4233,0.1693,0.5455,0.2114,3,0.0,7.181,0.2023,0.1011,0.4,0.146,0.0,0.1429,8.5217,0.0,0.0,0.4444,0.1876,0.0,0.25,1,c5_oshoYDk5c1XqVDFkXT43qRTClRqtywvpHdMIdZi8VpB2J4dgtrR8O-NCsOdkV0ZAbl4XmLB1ktA,BR1_3275920743,16.16,11.811,9.887,3.872,1,DIAMOND
8.1429,0.1429,0.1429,0.3889,0.3044,2,0.0,10.2888,0.0,0.0,0.8462,0.2328,0.0,0.1111,10.1889,0.0,0.0,0.8,0.3104,2.0,0.1667,0,jSLm-QHJiRyvkrr_o_Rtq1aiu3y_mc09_TkiuNull3-ahuHOYhk-IqYNPzEw6G6Xq2WiJo3_H3ECfg,NA1_5634515054,16.17,14.0,7.095,5.791,1,DIAMOND
7.2143,0.3571,0.1429,0.5,0.2285,0,0.0,10.5823,0.2205,0.3307,0.5,0.3043,0.0,0.0833,4.3148,0.3596,0.3596,0.6667,0.1119,0.0,0.125,0,jSLm-QHJiRyvkrr_o_Rtq1aiu3y_mc09_TkiuNull3-ahuHOYhk-IqYNPzEw6G6Xq2WiJo3_H3ECfg,NA1_5634455095,16.17,14.0,9.072,5.562,0,DIAMOND
7.0595,0.3486,0.2615,0.8333,0.3367,1,0.0,9.1175,0.2049,0.3073,0.6471,0.1727,0.0,0.1111,8.7077,0.311,0.311,0.7143,0.2892,0.0,0.2727,0,jSLm-QHJiRyvkrr_o_Rtq1aiu3y_mc09_TkiuNull3-ahuHOYhk-IqYNPzEw6G6Xq2WiJo3_H3ECfg,NA1_5634443520,16.17,11.474,9.761,6.431,0,DIAMOND
9.7462,0.3276,0.1638,0.3636,0.2149,0,0.0,7.3175,0.4878,0.4878,0.3636,0.1907,1.0,0.1111,5.3864,0.5713,0.4081,0.2857,0.1648,0.0,0.1538,0,jSLm-QHJiRyvkrr_o_Rtq1aiu3y_mc09_TkiuNull3-ahuHOYhk-IqYNPzEw6G6Xq2WiJo3_H3ECfg,NA1_5634161210,16.17,12.21,10.249,12.253,0,DIAMOND
7.6588,0.3647,0.2188,0.1667,0.2556,1,0.0,5.4658,0.0,0.5577,0.4286,0.1967,0.0,0.2222,8.3652,0.0,0.4141,0.5,0.129,0.0,0.25,0,jSLm-QHJiRyvkrr_o_Rtq1aiu3y_mc09_TkiuNull3-ahuHOYhk-IqYNPzEw6G6Xq2WiJo3_H3ECfg,NA1_5634119337,16.17,13.71,8.965,12.074,1,DIAMOND
6.8571,0.2857,0.1429,0.6,0.3281,1,0.0,5.792,0.3342,0.3342,0.4667,0.2546,1.0,0.1,2.5267,0.4459,0.4459,0.5556,0.1787,0.0,0.0,0,gp3hII79JnPg18K5v6RGQe-CAPbt_ryDSaSsVGiM0dbv47toSjLl3ehm6p0bkxfubTkD9pDo1sloNg,BR1_3279154546,16.17,14.0,8.978,6.728,1,DIAMOND
6.063,0.3368,0.2526,0.2222,0.305,1,0.0,6.5744,0.3925,0.3925,0.25,0.2122,1.0,0.3,4.578,0.5722,0.2861,0.0,0.2821,0.0,0.0,1,gp3hII79JnPg18K5v6RGQe-CAPbt_ryDSaSsVGiM0dbv47toSjLl3ehm6p0bkxfubTkD9pDo1sloNg,BR1_3279144663,16.17,11.875,10.191,3.495,0,DIAMOND
7.4402,0.3068,0.0767,0.1667,0.2257,0,0.0,7.4898,0.0,0.4406,0.0,0.109,0.0,0.2,,,,,,,,0,gp3hII79JnPg18K5v6RGQe-CAPbt_ryDSaSsVGiM0dbv47toSjLl3ehm6p0bkxfubTkD9pDo1sloNg,BR1_3279137999,16.17,13.037,2.27,0.0,0,DIAMOND
6.6123,0.2907,0.218,0.0909,0.1589,0,0.0,8.4955,0.0,0.2832,0.0909,0.1351,0.0,0.0909,7.2422,0.2733,0.2733,0.4375,0.1281,0.0,0.125,0,CmYQ8DntuLwmSNqpao22Xuc4A81IKtEkanQWM_V5md3dQogaRznlwp6QGoYY93BON1fbP4ez7ky9fg,BR1_3265197403,16.14,13.762,7.063,7.318,1,DIAMOND
6.7016,0.2259,0.3765,0.0,0.2111,0,0.0,10.3096,0.3555,0.0,0.0,0.0404,0.0,0.0,,,,,,,,0,CmYQ8DntuLwmSNqpao22Xuc4A81IKtEkanQWM_V5md3dQogaRznlwp6QGoYY93BON1fbP4ez7ky9fg,BR1_3264597060,16.14,13.28,2.813,0.0,0,DIAMOND
5.2566,0.3447,0.1723,0.1429,0.1173,0,0.0,10.1322,0.3166,0.0,0.4444,0.1836,1.0,0.0714,,,,,,,,0,CBBTp8jXNrB9D0yfE1B5QVSz5gnWA65GC2O8HbtvRjWwnyiZjgSZeOtCfM2yvzDf807zdSjTFqr-3g,BR1_3278714189,16.17,11.604,9.475,0.0,0,DIAMOND
8.7697,0.316,0.079,0.0,0.1034,0,0.0,10.6078,0.4041,0.2021,0.2,0.0784,0.0,0.0,7.6355,0.429,0.3432,1.0,0.2332,1.0,0.2857,0,CBBTp8jXNrB9D0yfE1B5QVSz5gnWA65GC2O8HbtvRjWwnyiZjgSZeOtCfM2yvzDf807zdSjTFqr-3g,BR1_3266568668,16.14,12.657,9.898,11.656,0,DIAMOND
7.073,0.1938,0.1938,0.2727,0.1593,2,0.0,6.6482,0.4054,0.1622,0.6667,0.3523,4.0,0.0,2.788,0.2323,0.3872,0.4615,0.4134,0.0,0.0,0,ImEELCf_EIVYjq07BkysIQcy_kJbb6p_b8yrSzdG_rXSWstUFT06VeJzCiFVwGh7MxKCX74Vj148Ag,BR1_3273134852,16.16,10.321,12.334,12.912,0,DIAMOND
8.1833,0.4262,0.0852,0.3333,0.2026,0,0.0,11.1844,0.7045,0.1761,0.6,0.3339,3.0,0.0,5.3091,0.3636,0.4364,0.5385,0.177,0.0,0.0526,0,dK5a5HQ4izFqM3KF-o5q5LeavN6kgLEHiq9TJQMd6QoBcJYalT-ditkQSonkIIEbpGMIdn2vyRiBYA,BR1_3278908208,16.17,11.731,11.355,13.75,0,DIAMOND
8.2085,0.3665,0.0733,0.2105,0.162,0,0.0,9.5522,0.4603,0.1151,0.25,0.143,1.0,0.0,,,,,,,,0,dK5a5HQ4izFqM3KF-o5q5LeavN6kgLEHiq9TJQMd6QoBcJYalT-ditkQSonkIIEbpGMIdn2vyRiBYA,BR1_3278901107,16.17,13.644,8.689,0.0,1,DIAMOND
6.5,0.5714,0.0714,0.8,0.3896,3,0.0,10.0,0.4545,0.2727,0.0,0.158,0.0,0.1111,8.5007,0.7556,0.3778,0.6667,0.2015,0.0,0.25,1,dK5a5HQ4izFqM3KF-o5q5LeavN6kgLEHiq9TJQMd6QoBcJYalT-ditkQSonkIIEbpGMIdn2vyRiBYA,BR1_3275784187,16.16,14.0,11.0,5.294,0,DIAMOND
9.0696,0.3074,0.1537,0.25,0.2548,1,0.0,5.4938,0.4578,0.4578,0.0,0.2609,0.0,0.0,,,,,,,,0,dK5a5HQ4izFqM3KF-o5q5LeavN6kgLEHiq9TJQMd6QoBcJYalT-ditkQSonkIIEbpGMIdn2vyRiBYA,BR1_3275759481,16.16,13.011,2.184,0.0,0,DIAMOND
8.0077,0.3022,0.1511,0.3333,0.3029,1,,,,,,,,,,,,,,,,0,dK5a5HQ4izFqM3KF-o5q5LeavN6kgLEHiq9TJQMd6QoBcJYalT-ditkQSonkIIEbpGMIdn2vyRiBYA,BR1_3275738788,16.16,6.619,0.0,0.0,1,DIAMOND
7.4359,0.3575,0.2145,0.5556,0.2725,1,0.0,10.1167,0.285,0.1425,0.3333,0.3675,0.0,0.125,13.3884,0.2391,0.0,0.5,0.3699,0.0,0.1667,0,dEL_MT3prtQln5FcLsHbQV2TdwDO7Ub7HKal0Y6SBcO_EF4CMnEFghRozKLLRWnQ66T3OdUFk_sjcA,BR1_3266240735,16.14,13.986,7.018,4.183,0,DIAMOND
5.13,0.3872,0.2904,0.2222,0.1229,0,0.0,6.0674,0.3409,0.1363,0.375,0.2193,0.0,0.3333,8.4725,0.2201,0.3301,0.4,0.0971,0.0,0.2857,1,dEL_MT3prtQln5FcLsHbQV2TdwDO7Ub7HKal0Y6SBcO_EF4CMnEFghRozKLLRWnQ66T3OdUFk_sjcA,BR1_3266230306,16.14,10.331,14.669,9.088,0,DIAMOND
9.5876,0.3632,0.0,0.1429,0.1864,1,0.0,10.3023,0.4121,0.0,0.6316,0.3165,2.0,0.2,10.6293,0.4621,0.0,0.2,0.2456,0.0,0.375,0,dEL_MT3prtQln5FcLsHbQV2TdwDO7Ub7HKal0Y6SBcO_EF4CMnEFghRozKLLRWnQ66T3OdUFk_sjcA,BR1_3266194341,16.14,13.768,9.707,2.164,1,DIAMOND
