match_id,champion,result,minute,target_gold,target_xp,target_cs,target_kills,target_deaths,opp_gold,opp_xp,opp_cs,opp_kills,opp_deaths,gold_diff,xp_diff,cs_diff,gold_diff_variation,xp_diff_variation,cs_diff_variation
BR1_3226423634,Smolder,Derrota,0,500,0,0,0,0,500,0,0,0,0,0,0,0,0.0,0.0,0.0
BR1_3226423634,Smolder,Derrota,1,500,0,0,0,0,500,0,0,0,0,0,0,0,0.0,0.0,0.0
BR1_3226423634,Smolder,Derrota,2,727,333,6,0,0,783,402,10,0,0,-56,-69,-4,-56.0,-69.0,-4.0
BR1_3226423634,Smolder,Derrota,3,1097,785,19,0,0,1037,592,16,0,0,60,193,3,116.0,262.0,7.0
BR1_3226423634,Smolder,Derrota,4,1288,986,23,0,0,1444,1036,26,0,0,-156,-50,-3,-216.0,-243.0,-6.0
BR1_3226423634,Smolder,Derrota,5,1552,1329,31,0,0,1674,1280,32,0,0,-122,49,-1,34.0,99.0,2.0
BR1_3226423634,Smolder,Derrota,6,2138,1787,41,1,0,1952,1668,40,0,0,186,119,1,308.0,70.0,2.0
BR1_3226423634,Smolder,Derrota,7,2736,2283,49,2,0,2177,1947,46,0,1,559,336,3,373.0,217.0,2.0
BR1_3226423634,Smolder,Derrota,8,2926,2435,53,2,1,2490,2400,53,0,1,436,35,0,-123.0,-301.0,-3.0
BR1_3226423634,Smolder,Derrota,9,3273,2847,64,2,1,2811,2817,63,0,1,462,30,1,26.0,-5.0,1.0
BR1_3226423634,Smolder,Derrota,10,3395,2887,64,2,2,3836,3385,72,2,1,-441,-498,-8,-903.0,-528.0,-9.0
BR1_3226423634,Smolder,Derrota,11,3695,3323,75,2,2,4020,3597,76,2,1,-325,-274,-1,116.0,224.0,7.0
BR1_3226423634,Smolder,Derrota,12,4001,3566,77,2,3,4323,3936,78,2,2,-322,-370,-1,3.0,-96.0,0.0
BR1_3226423634,Smolder,Derrota,13,4340,3938,87,2,3,4995,4378,90,2,2,-655,-440,-3,-333.0,-70.0,-2.0
BR1_3226423634,Smolder,Derrota,14,4893,4273,94,3,3,5165,4560,93,2,3,-272,-287,1,383.0,153.0,4.0
BR1_3226423634,Smolder,Derrota,15,5401,4565,99,3,4,6691,5384,103,4,3,-1290,-819,-4,-1018.0,-532.0,-5.0
BR1_3226423634,Smolder,Derrota,16,5987,5310,117,3,4,6893,5564,107,4,3,-906,-254,10,384.0,565.0,14.0
BR1_3226423634,Smolder,Derrota,17,6507,5732,122,3,4,7573,6474,126,4,3,-1066,-742,-4,-160.0,-488.0,-14.0
BR1_3226423634,Smolder,Derrota,18,6771,5960,127,3,5,8079,6725,132,4,3,-1308,-765,-5,-242.0,-23.0,-1.0
BR1_3226423634,Smolder,Derrota,19,6894,5960,127,3,6,9385,7871,143,7,3,-2491,-1911,-16,-1183.0,-1146.0,-11.0
BR1_3226423634,Smolder,Derrota,20,7251,6587,138,3,6,9916,8672,155,7,4,-2665,-2085,-17,-174.0,-174.0,-1.0
BR1_3226423634,Smolder,Derrota,21,7648,7252,146,3,6,10038,8833,155,7,4,-2390,-1581,-9,275.0,504.0,8.0
BR1_3226423634,Smolder,Derrota,22,7770,7295,146,3,7,11096,9135,155,9,5,-3326,-1840,-9,-936.0,-259.0,0.0
BR1_3226423634,Smolder,Derrota,23,8212,8054,161,3,7,11414,9807,163,9,5,-3202,-1753,-2,124.0,87.0,7.0
BR1_3226423634,Smolder,Derrota,24,8728,8829,177,3,7,11837,10126,169,9,5,-3109,-1297,8,93.0,456.0,10.0
BR1_3226423634,Smolder,Derrota,25,9261,9424,191,3,7,12504,10922,181,10,5,-3243,-1498,10,-134.0,-201.0,2.0
BR1_3226423634,Smolder,Derrota,26,9684,9985,197,3,8,13215,11513,194,10,5,-3531,-1528,3,-288.0,-30.0,-7.0
BR1_3226423634,Smolder,Derrota,27,10648,10940,210,4,8,13656,11750,194,11,6,-3008,-810,16,523.0,718.0,13.0
BR1_3226423634,Smolder,Derrota,28,11854,11935,223,5,8,14025,12184,202,11,6,-2171,-249,21,837.0,561.0,5.0
BR1_3226423634,Smolder,Derrota,29,12324,12546,237,5,9,15492,13918,217,13,6,-3168,-1372,20,-997.0,-1123.0,-1.0
BR1_3226423634,Smolder,Derrota,30,12565,12703,241,5,9,15713,13995,220,13,7,-3148,-1292,21,20.0,80.0,1.0
BR1_3226423634,Smolder,Derrota,31,13015,13401,250,5,9,16435,15046,220,14,7,-3420,-1645,30,-272.0,-353.0,9.0
BR1_3226423634,Smolder,Derrota,32,13424,13957,263,5,9,17810,17031,235,16,7,-4386,-3074,28,-966.0,-1429.0,-2.0
BR1_3226423634,Smolder,Derrota,33,14106,14322,263,6,9,17882,17107,235,16,8,-3776,-2785,28,610.0,289.0,0.0
BR1_3226790412,Smolder,Derrota,0,500,0,0,0,0,500,0,0,0,0,0,0,0,0.0,0.0,0.0
BR1_3226790412,Smolder,Derrota,1,500,0,0,0,0,500,0,0,0,0,0,0,0,0.0,0.0,0.0
BR1_3226790412,Smolder,Derrota,2,743,362,8,0,0,803,362,11,0,0,-60,0,-3,-60.0,0.0,-3.0
BR1_3226790412,Smolder,Derrota,3,982,876,11,0,0,1110,642,14,0,1,-128,234,-3,-68.0,234.0,0.0
BR1_3226790412,Smolder,Derrota,4,1187,1097,16,0,0,1459,1140,25,0,1,-272,-43,-9,-144.0,-277.0,-6.0
BR1_3226790412,Smolder,Derrota,5,1357,1388,19,0,0,1738,1463,34,0,1,-381,-75,-15,-109.0,-32.0,-6.0
BR1_3226790412,Smolder,Derrota,6,1675,1759,29,0,0,2181,1896,47,0,1,-506,-137,-18,-125.0,-62.0,-3.0
BR1_3226790412,Smolder,Derrota,7,2468,2418,37,1,0,2498,2145,52,0,2,-30,273,-15,476.0,410.0,3.0
BR1_3226790412,Smolder,Derrota,8,2952,2736,41,2,0,3131,2533,63,1,2,-179,203,-22,-149.0,-70.0,-7.0
BR1_3226790412,Smolder,Derrota,9,3279,3127,51,2,0,3497,2944,75,1,2,-218,183,-24,-39.0,-20.0,-2.0
BR1_3226790412,Smolder,Derrota,10,3767,3644,61,2,0,3845,3356,86,1,3,-78,288,-25,140.0,105.0,-1.0
BR1_3226790412,Smolder,Derrota,11,4019,3919,69,2,0,4049,3635,91,1,3,-30,284,-22,48.0,-4.0,3.0
BR1_3226790412,Smolder,Derrota,12,4162,3999,70,2,1,5156,4233,104,2,3,-994,-234,-34,-964.0,-518.0,-12.0
BR1_3226790412,Smolder,Derrota,13,4448,4310,80,2,2,6052,4807,116,3,3,-1604,-497,-36,-610.0,-263.0,-2.0
BR1_3226790412,Smolder,Derrota,14,4633,4432,84,2,2,6289,4998,120,3,3,-1656,-566,-36,-52.0,-69.0,0.0
BR1_3226790412,Smolder,Derrota,15,5282,5065,92,2,2,6682,5327,121,3,4,-1400,-262,-29,256.0,304.0,7.0
BR1_3226790412,Smolder,Derrota,16,5611,5619,101,2,2,7189,5888,134,3,4,-1578,-269,-33,-178.0,-7.0,-4.0
BR1_3226790412,Smolder,Derrota,17,5918,5937,109,2,2,7626,6259,144,3,4,-1708,-322,-35,-130.0,-53.0,-2.0
BR1_3226790412,Smolder,Derrota,18,6708,6387,115,2,3,8812,7255,159,5,5,-2104,-868,-44,-396.0,-546.0,-9.0
BR1_3226790412,Smolder,Derrota,19,7041,6387,115,2,3,8984,7317,159,5,5,-1943,-930,-44,161.0,-62.0,0.0
BR1_3226790412,Smolder,Derrota,20,7320,6921,124,2,3,9470,7878,172,5,5,-2150,-957,-48,-207.0,-27.0,-4.0
BR1_3226790412,Smolder,Derrota,21,7605,7483,133,2,3,9749,8216,178,5,5,-2144,-733,-45,6.0,224.0,3.0
BR1_3226790412,Smolder,Derrota,22,8897,7967,136,4,4,9871,8216,178,5,6,-974,-249,-42,1170.0,484.0,3.0
BR1_3226790412,Smolder,Derrota,23,9089,8095,140,4,5,10161,8372,178,5,7,-1072,-277,-38,-98.0,-28.0,4.0
BR1_3226790412,Smolder,Derrota,24,9522,8750,149,4,5,11260,9448,185,7,7,-1738,-698,-36,-666.0,-421.0,2.0
BR1_3226790412,Smolder,Derrota,25,9804,9082,155,4,6,12004,9907,185,8,8,-2200,-825,-30,-462.0,-127.0,6.0
BR1_3226790412,Smolder,Derrota,26,10484,10950,161,5,6,12157,9907,185,8,8,-1673,1043,-24,527.0,1868.0,6.0
BR1_3226790412,Smolder,Derrota,27,10874,11565,173,5,6,12722,10424,200,8,8,-1848,1141,-27,-175.0,98.0,-3.0
BR1_3226790412,Smolder,Derrota,28,11121,12096,180,5,6,13563,11344,209,9,8,-2442,752,-29,-594.0,-389.0,-2.0
BR1_3226790412,Smolder,Derrota,29,11614,12679,192,5,6,13685,11344,209,9,9,-2071,1335,-17,371.0,583.0,12.0
BR1_3226790412,Smolder,Derrota,30,11981,12972,192,5,7,14298,12143,214,9,9,-2317,829,-22,-246.0,-506.0,-5.0
BR1_3226790412,Smolder,Derrota,31,12016,13012,192,5,8,15030,12421,214,11,9,-3014,591,-22,-697.0,-238.0,0.0
BR1_3227127333,Smolder,Vitória,0,500,0,0,0,0,500,0,0,0,0,0,0,0,0.0,0.0,0.0
BR1_3227127333,Smolder,Vitória,1,500,0,0,0,0,500,0,0,0,0,0,0,0,0.0,0.0,0.0
BR1_3227127333,Smolder,Vitória,2,755,342,8,0,0,817,424,12,0,0,-62,-82,-4,-62.0,-82.0,-4.0
BR1_3227127333,Smolder,Vitória,3,1087,785,15,0,0,1021,795,17,0,0,66,-10,-2,128.0,72.0,2.0
BR1_3227127333,Smolder,Vitória,4,1564,1028,18,1,0,1209,926,19,0,1,355,102,-1,289.0,112.0,1.0
BR1_3227127333,Smolder,Vitória,5,1726,1270,20,1,0,1467,1284,27,0,1,259,-14,-7,-96.0,-116.0,-6.0
BR1_3227127333,Smolder,Vitória,6,2006,1754,30,1,0,1691,1720,33,0,1,315,34,-3,56.0,48.0,4.0
BR1_3227127333,Smolder,Vitória,7,2191,1984,34,1,0,2037,2152,44,0,1,154,-168,-10,-161.0,-202.0,-7.0
BR1_3227127333,Smolder,Vitória,8,2381,2369,38,1,0,2287,2525,51,0,1,94,-156,-13,-60.0,12.0,-3.0
BR1_3227127333,Smolder,Vitória,9,2742,2855,43,2,0,2574,2879,59,0,1,168,-24,-16,74.0,132.0,-3.0
BR1_3227127333,Smolder,Vitória,10,3022,3306,53,2,0,2867,3312,67,0,1,155,-6,-14,-13.0,18.0,2.0
BR1_3227127333,Smolder,Vitória,11,3266,3629,61,2,0,3159,3813,77,0,1,107,-184,-16,-48.0,-178.0,-2.0
BR1_3227127333,Smolder,Vitória,12,3501,4060,66,2,0,3489,4127,85,0,1,12,-67,-19,-95.0,117.0,-3.0
BR1_3227127333,Smolder,Vitória,13,3896,4350,74,2,0,3718,4525,88,0,1,178,-175,-14,166.0,-108.0,5.0
BR1_3227127333,Smolder,Vitória,14,4489,4713,83,2,0,4268,4888,95,0,1,221,-175,-12,43.0,0.0,2.0
BR1_3227127333,Smolder,Vitória,15,4751,5124,91,2,0,4494,5190,98,0,1,257,-66,-7,36.0,109.0,5.0
BR1_3227127333,Smolder,Vitória,16,5160,5536,101,2,0,4910,5732,107,0,1,250,-196,-6,-7.0,-130.0,1.0
BR1_3227127333,Smolder,Vitória,17,5483,6016,112,2,0,5248,6134,114,0,1,235,-118,-2,-15.0,78.0,4.0
BR1_3227127333,Smolder,Vitória,18,6085,6640,116,3,0,5640,6601,117,0,2,445,39,-1,210.0,157.0,1.0
BR1_3227127333,Smolder,Vitória,19,6854,7346,122,4,0,5873,6815,121,0,3,981,531,1,536.0,492.0,2.0
BR1_3227127333,Smolder,Vitória,20,7352,7868,133,4,0,6062,6875,124,0,3,1290,993,9,309.0,462.0,8.0
BR1_3227127333,Smolder,Vitória,21,7873,8361,139,5,0,6389,7206,129,0,3,1484,1155,10,194.0,162.0,1.0
BR1_3227127333,Smolder,Vitória,22,8097,8736,144,5,0,6700,7950,137,0,3,1397,786,7,-87.0,-369.0,-3.0
BR1_3227127333,Smolder,Vitória,23,8587,9287,154,5,0,7040,8651,141,0,3,1547,636,13,150.0,-150.0,6.0
BR1_3227127333,Smolder,Vitória,24,9420,10053,167,6,0,7288,8778,141,0,4,2132,1275,26,585.0,639.0,13.0
BR1_3227127333,Smolder,Vitória,25,9592,10176,167,6,1,8874,10111,146,1,4,718,65,21,-1414.0,-1210.0,-5.0
BR1_3227127333,Smolder,Vitória,26,9926,10547,177,6,1,9374,11255,152,1,4,552,-708,25,-166.0,-773.0,4.0
BR1_3227127333,Smolder,Vitória,27,10711,11250,183,7,1,9552,11547,155,1,4,1159,-297,28,607.0,411.0,3.0
BR1_3227127333,Smolder,Vitória,28,11281,11924,196,7,1,9902,12080,164,1,4,1379,-156,32,220.0,141.0,4.0
BR1_3227127333,Smolder,Vitória,29,11630,12552,197,7,1,10197,12576,168,1,4,1433,-24,29,54.0,132.0,-3.0
BR1_3227127333,Smolder,Vitória,30,12313,13206,206,8,1,10374,12824,171,1,5,1939,382,35,506.0,406.0,6.0
BR1_3227127333,Smolder,Vitória,31,12915,13875,213,8,1,11130,13437,173,2,6,1785,438,40,-154.0,56.0,5.0
BR1_3227127333,Smolder,Vitória,32,13731,15069,222,9,2,11277,13437,173,2,6,2454,1632,49,669.0,1194.0,9.0
BR1_3227127333,Smolder,Vitória,33,14257,16026,230,9,2,11897,14128,190,2,6,2360,1898,40,-94.0,266.0,-9.0
BR1_3227127333,Smolder,Vitória,34,15445,16813,240,11,2,12110,14487,194,2,6,3335,2326,46,975.0,428.0,6.0
BR1_3227127333,Smolder,Vitória,35,17431,18130,247,15,2,12221,14487,194,2,7,5210,3643,53,1875.0,1317.0,7.0
BR1_3227450686,Smolder,Derrota,0,500,0,0,0,0,500,0,0,0,0,0,0,0,0.0,0.0,0.0
BR1_3227450686,Smolder,Derrota,1,500,0,0,0,0,500,0,0,0,0,0,0,0,0.0,0.0,0.0
BR1_3227450686,Smolder,Derrota,2,761,282,8,0,0,769,362,9,0,0,-8,-80,-1,-8.0,-80.0,-1.0
BR1_3227450686,Smolder,Derrota,3,1055,754,16,0,0,1041,774,18,0,0,14,-20,-2,22.0,60.0,-1.0
BR1_3227450686,Smolder,Derrota,4,1297,1145,21,0,0,1425,1225,31,0,0,-128,-80,-10,-142.0,-60.0,-8.0
BR1_3227450686,Smolder,Derrota,5,1597,1501,32,0,0,1663,1521,38,0,0,-66,-20,-6,62.0,60.0,4.0
BR1_3227450686,Smolder,Derrota,6,1747,1702,34,0,0,1987,2035,48,0,0,-240,-333,-14,-174.0,-313.0,-8.0
BR1_3227450686,Smolder,Derrota,7,2053,2138,43,0,0,2291,2251,53,0,0,-238,-113,-10,2.0,220.0,4.0
BR1_3227450686,Smolder,Derrota,8,2250,2351,43,0,0,2619,2696,66,0,0,-369,-345,-23,-131.0,-232.0,-13.0
BR1_3227450686,Smolder,Derrota,9,2435,2621,47,0,1,3322,3139,76,1,0,-887,-518,-29,-518.0,-173.0,-6.0
BR1_3227450686,Smolder,Derrota,10,2716,2912,55,0,1,3594,3519,85,1,0,-878,-607,-30,9.0,-89.0,-1.0
BR1_3227450686,Smolder,Derrota,11,2954,3270,62,0,1,3940,3903,95,1,0,-986,-633,-33,-108.0,-26.0,-3.0
BR1_3227450686,Smolder,Derrota,12,3273,3582,71,0,1,4415,4386,104,1,0,-1142,-804,-33,-156.0,-171.0,0.0
BR1_3227450686,Smolder,Derrota,13,3536,3792,78,0,1,5248,5008,112,1,0,-1712,-1216,-34,-570.0,-412.0,-1.0
BR1_3227450686,Smolder,Derrota,14,3767,4158,84,0,1,5517,5409,120,1,0,-1750,-1251,-36,-38.0,-35.0,-2.0
BR1_3227450686,Smolder,Derrota,15,3889,4267,84,0,1,5981,5901,131,1,0,-2092,-1634,-47,-342.0,-383.0,-11.0
BR1_3227450686,Smolder,Derrota,16,4274,4755,96,0,1,6312,6361,138,1,0,-2038,-1606,-42,54.0,28.0,5.0
BR1_3227450686,Smolder,Derrota,17,4811,5115,102,0,2,7107,7273,146,2,0,-2296,-2158,-44,-258.0,-552.0,-2.0
BR1_3227450686,Smolder,Derrota,18,5237,5725,117,0,2,7939,7672,150,3,0,-2702,-1947,-33,-406.0,211.0,11.0
BR1_3227450686,Smolder,Derrota,19,5866,6040,118,1,3,9214,8660,158,5,0,-3348,-2620,-40,-646.0,-673.0,-7.0
BR1_3227450686,Smolder,Derrota,20,5944,6040,118,1,3,10077,9434,164,7,0,-4133,-3394,-46,-785.0,-774.0,-6.0
BR1_3229232893,Smolder,Derrota,0,500,0,0,0,0,500,0,0,0,0,0,0,0,0.0,0.0,0.0
BR1_3229232893,Smolder,Derrota,1,500,0,0,0,0,500,0,0,0,0,0,0,0,0.0,0.0,0.0
BR1_3229232893,Smolder,Derrota,2,755,362,8,0,0,741,302,7,0,0,14,60,1,14.0,60.0,1.0
BR1_3229232893,Smolder,Derrota,3,1007,774,16,0,0,1139,774,22,0,0,-132,0,-6,-146.0,-60.0,-7.0
BR1_3229232893,Smolder,Derrota,4,1283,1125,23,0,0,1483,1225,33,0,0,-200,-100,-10,-68.0,-100.0,-4.0
BR1_3229232893,Smolder,Derrota,5,1555,1528,32,0,0,1789,1548,44,0,0,-234,-20,-12,-34.0,80.0,-2.0
BR1_3229232893,Smolder,Derrota,6,1893,2000,43,0,0,1925,1738,45,0,0,-32,262,-2,202.0,282.0,10.0
BR1_3229232893,Smolder,Derrota,7,2084,2120,47,0,0,2299,2292,58,0,0,-215,-172,-11,-183.0,-434.0,-9.0
BR1_3229232893,Smolder,Derrota,8,2323,2403,54,0,0,2625,2718,70,0,0,-302,-315,-16,-87.0,-143.0,-5.0
BR1_3229232893,Smolder,Derrota,9,2562,2700,59,0,0,2790,2891,73,0,0,-228,-191,-14,74.0,124.0,2.0
BR1_3229232893,Smolder,Derrota,10,2808,3065,67,0,0,3220,3489,83,0,0,-412,-424,-16,-184.0,-233.0,-2.0
BR1_3229232893,Smolder,Derrota,11,3316,3433,72,1,0,3343,3582,83,0,1,-27,-149,-11,385.0,275.0,5.0
BR1_3229232893,Smolder,Derrota,12,3609,3885,82,1,0,3707,4017,92,0,1,-98,-132,-10,-71.0,17.0,1.0
BR1_3229232893,Smolder,Derrota,13,3954,4220,92,1,0,3949,4449,97,0,1,5,-229,-5,103.0,-97.0,5.0
BR1_3229232893,Smolder,Derrota,14,4159,4423,97,1,0,4535,4801,101,0,1,-376,-378,-4,-381.0,-149.0,1.0
BR1_3229232893,Smolder,Derrota,15,4583,4454,97,1,1,5473,5272,108,1,1,-890,-818,-11,-514.0,-440.0,-7.0
BR1_3229232893,Smolder,Derrota,16,4982,4963,110,1,1,5617,5426,109,1,1,-635,-463,1,255.0,355.0,12.0
BR1_3229232893,Smolder,Derrota,17,5286,5213,118,1,2,6376,6212,111,1,1,-1090,-999,7,-455.0,-536.0,6.0
BR1_3229232893,Smolder,Derrota,18,5684,5810,132,1,2,6679,6473,117,1,1,-995,-663,15,95.0,336.0,8.0
BR1_3229232893,Smolder,Derrota,19,5979,6067,142,1,3,7033,7010,127,1,1,-1054,-943,15,-59.0,-280.0,0.0
BR1_3229232893,Smolder,Derrota,20,6322,6520,148,1,3,7369,7351,127,1,2,-1047,-831,21,7.0,112.0,6.0
BR1_3229232893,Smolder,Derrota,21,6932,7323,152,1,4,8093,8152,138,1,2,-1161,-829,14,-114.0,2.0,-7.0
BR1_3229232893,Smolder,Derrota,22,7526,7931,166,1,4,8625,9071,143,2,2,-1099,-1140,23,62.0,-311.0,9.0
BR1_3229232893,Smolder,Derrota,23,7813,8056,171,1,5,9390,10420,161,2,2,-1577,-2364,10,-478.0,-1224.0,-13.0
BR1_3229232893,Smolder,Derrota,24,8065,8362,176,1,5,10488,11161,172,2,2,-2423,-2799,4,-846.0,-435.0,-6.0
BR1_3229232893,Smolder,Derrota,25,8439,9018,182,1,6,10725,11509,173,2,3,-2286,-2491,9,137.0,308.0,5.0
BR1_3229232893,Smolder,Derrota,26,9090,9545,192,1,6,10986,11739,178,2,3,-1896,-2194,14,390.0,297.0,5.0
BR1_3229232893,Smolder,Derrota,27,9521,10060,205,1,6,11459,12674,179,2,3,-1938,-2614,26,-42.0,-420.0,12.0
BR1_3229232893,Smolder,Derrota,28,9907,10405,214,1,6,11743,12814,185,2,4,-1836,-2409,29,102.0,205.0,3.0
BR1_3229232893,Smolder,Derrota,29,10401,10804,223,1,6,11865,12814,185,2,4,-1464,-2010,38,372.0,399.0,9.0
BR1_3229232893,Smolder,Derrota,30,10777,11271,234,1,6,12589,13896,190,3,5,-1812,-2625,44,-348.0,-615.0,6.0
BR1_3229232893,Smolder,Derrota,31,11848,12589,235,2,7,12891,14076,194,3,5,-1043,-1487,41,769.0,1138.0,-3.0
BR1_3229232893,Smolder,Derrota,32,12519,13576,247,2,7,13425,14640,199,4,5,-906,-1064,48,137.0,423.0,7.0
BR1_3229232893,Smolder,Derrota,33,13160,15013,254,2,7,13792,15188,200,4,6,-632,-175,54,274.0,889.0,6.0
BR1_3231103039,Smolder,Vitória,0,500,0,0,0,0,500,0,0,0,0,0,0,0,0.0,0.0,0.0
BR1_3231103039,Smolder,Vitória,1,500,0,0,0,0,500,0,0,0,0,0,0,0,0.0,0.0,0.0
BR1_3231103039,Smolder,Vitória,2,687,282,4,0,0,749,443,8,0,0,-62,-161,-4,-62.0,-161.0,-4.0
BR1_3231103039,Smolder,Vitória,3,927,754,9,0,0,1029,774,15,0,0,-102,-20,-6,-40.0,141.0,-2.0
BR1_3231103039,Smolder,Vitória,4,1135,1108,12,0,0,1393,1225,27,0,0,-258,-117,-15,-156.0,-97.0,-9.0
BR1_3231103039,Smolder,Vitória,5,1395,1511,21,0,0,1603,1645,32,0,0,-208,-134,-11,50.0,-17.0,4.0
BR1_3231103039,Smolder,Vitória,6,1885,1717,25,1,0,1813,1847,37,0,0,72,-130,-12,280.0,4.0,-1.0
BR1_3231103039,Smolder,Vitória,7,2375,1945,27,2,1,2552,2411,37,2,1,-177,-466,-10,-249.0,-336.0,2.0
BR1_3231103039,Smolder,Vitória,8,2715,2416,34,2,1,2762,2915,42,2,1,-47,-499,-8,130.0,-33.0,2.0
BR1_3231103039,Smolder,Vitória,9,2960,2687,39,2,1,3049,3216,50,2,1,-89,-529,-11,-42.0,-30.0,-3.0
BR1_3231103039,Smolder,Vitória,10,3914,3242,42,5,1,3192,3397,51,2,2,722,-155,-9,811.0,374.0,2.0
BR1_3231103039,Smolder,Vitória,11,4112,3545,47,5,1,3390,3639,56,2,2,722,-94,-9,0.0,61.0,0.0
BR1_3231103039,Smolder,Vitória,12,4393,3957,54,5,1,3719,4031,66,2,2,674,-74,-12,-48.0,20.0,-3.0
BR1_3231103039,Smolder,Vitória,13,4694,4316,57,6,2,3995,4299,70,2,2,699,17,-13,25.0,91.0,-1.0
BR1_3231103039,Smolder,Vitória,14,4912,4571,63,6,2,4261,4643,79,2,2,651,-72,-16,-48.0,-89.0,-3.0
BR1_3231103039,Smolder,Vitória,15,6107,5135,77,7,2,4384,4674,79,2,3,1723,461,-2,1072.0,533.0,14.0
BR1_3231103039,Smolder,Vitória,16,6456,5494,86,7,2,5024,5182,87,2,3,1432,312,-1,-291.0,-149.0,1.0
BR1_3231103039,Smolder,Vitória,17,6874,5866,97,7,2,5271,5614,94,2,3,1603,252,3,171.0,-60.0,4.0
BR1_3231103039,Smolder,Vitória,18,7345,6264,109,7,2,5477,5790,96,2,3,1868,474,13,265.0,222.0,10.0
BR1_3231103039,Smolder,Vitória,19,7768,7223,116,7,2,5713,6310,102,2,3,2055,913,14,187.0,439.0,1.0
BR1_3231103039,Smolder,Vitória,20,8317,7801,121,7,2,5986,6508,102,2,4,2331,1293,19,276.0,380.0,5.0
BR1_3231103039,Smolder,Vitória,21,8725,8529,133,7,2,6253,6938,110,2,4,2472,1591,23,141.0,298.0,4.0
BR1_3231103039,Smolder,Vitória,22,9198,9307,150,7,2,6614,7470,113,2,5,2584,1837,37,112.0,246.0,14.0
BR1_3231103039,Smolder,Vitória,23,9513,9934,161,7,2,6892,7997,121,2,5,2621,1937,40,37.0,100.0,3.0
BR1_3231103039,Smolder,Vitória,24,9902,10505,174,7,2,8318,8825,122,3,6,1584,1680,52,-1037.0,-257.0,12.0
BR1_3231103039,Smolder,Vitória,25,11261,11490,183,9,2,8515,9098,126,3,7,2746,2392,57,1162.0,712.0,5.0
BR1_3231103039,Smolder,Vitória,26,11483,11641,187,9,2,8638,9278,126,3,7,2845,2363,61,99.0,-29.0,4.0
BR1_3231103039,Smolder,Vitória,27,11956,12033,190,10,2,9152,10072,131,3,7,2804,1961,59,-41.0,-402.0,-2.0
BR1_3231103039,Smolder,Vitória,28,12569,13248,204,10,2,9519,10536,134,3,7,3050,2712,70,246.0,751.0,11.0
BR1_3231103039,Smolder,Vitória,29,13264,13776,221,10,2,9748,10889,137,3,7,3516,2887,84,466.0,175.0,14.0
BR1_3231103039,Smolder,Vitória,30,13971,14579,222,11,2,9956,11012,139,3,8,4015,3567,83,499.0,680.0,-1.0
BR1_3231103039,Smolder,Vitória,31,13988,14668,222,11,2,9973,11012,139,3,8,4015,3656,83,0.0,89.0,0.0
BR1_3231130631,Smolder,Derrota,0,500,0,0,0,0,500,0,0,0,0,0,0,0,0.0,0.0,0.0
BR1_3231130631,Smolder,Derrota,1,500,0,0,0,0,500,0,0,0,0,0,0,0,0.0,0.0,0.0
BR1_3231130631,Smolder,Derrota,2,823,402,12,0,0,755,302,8,0,0,68,100,4,68.0,100.0,4.0
BR1_3231130631,Smolder,Derrota,3,1083,814,18,0,0,1023,754,15,0,0,60,60,3,-8.0,-40.0,-1.0
BR1_3231130631,Smolder,Derrota,4,1300,1056,23,0,1,1391,1167,24,0,0,-91,-111,-1,-151.0,-171.0,-4.0
BR1_3231130631,Smolder,Derrota,5,1524,1398,29,0,1,1513,1288,24,0,0,11,110,5,102.0,221.0,6.0
BR1_3231130631,Smolder,Derrota,6,1780,1689,35,0,1,1925,1771,36,0,0,-145,-82,-1,-156.0,-192.0,-6.0
BR1_3231130631,Smolder,Derrota,7,1923,1749,36,0,2,2444,2200,46,1,0,-521,-451,-10,-376.0,-369.0,-9.0
BR1_3231130631,Smolder,Derrota,8,2324,2277,45,0,2,2566,2333,46,1,1,-242,-56,-1,279.0,395.0,9.0
BR1_3231130631,Smolder,Derrota,9,2447,2277,45,0,2,2998,2745,55,1,1,-551,-468,-10,-309.0,-412.0,-9.0
BR1_3231130631,Smolder,Derrota,10,2569,2277,45,0,2,3400,3156,66,1,1,-831,-879,-21,-280.0,-411.0,-11.0
BR1_3231130631,Smolder,Derrota,11,2855,2863,55,0,2,3864,3337,71,1,1,-1009,-474,-16,-178.0,405.0,5.0
BR1_3231130631,Smolder,Derrota,12,3178,3273,65,0,2,4568,3928,76,1,1,-1390,-655,-11,-381.0,-181.0,5.0
BR1_3231130631,Smolder,Derrota,13,3487,3746,74,0,2,4895,4299,85,1,1,-1408,-553,-11,-18.0,102.0,0.0
BR1_3231130631,Smolder,Derrota,14,4073,4549,80,1,3,5970,4624,85,3,2,-1897,-75,-5,-489.0,478.0,6.0
BR1_3231130631,Smolder,Derrota,15,4238,4797,83,1,3,6391,4918,91,3,2,-2153,-121,-8,-256.0,-46.0,-3.0
BR1_3231130631,Smolder,Derrota,16,4622,5184,94,1,3,6794,5489,100,3,2,-2172,-305,-6,-19.0,-184.0,2.0
BR1_3231130631,Smolder,Derrota,17,4847,5514,95,1,3,7079,5861,109,3,3,-2232,-347,-14,-60.0,-42.0,-8.0
BR1_3231130631,Smolder,Derrota,18,5114,6170,104,1,3,7493,6232,120,3,3,-2379,-62,-16,-147.0,285.0,-2.0
BR1_3231130631,Smolder,Derrota,19,5684,6444,107,1,4,7745,6735,127,3,3,-2061,-291,-20,318.0,-229.0,-4.0
BR1_3231130631,Smolder,Derrota,20,5806,6444,107,1,4,8357,7272,127,3,3,-2551,-828,-20,-490.0,-537.0,0.0
BR1_3231130631,Smolder,Derrota,21,5887,6581,108,1,4,8517,7477,127,3,3,-2630,-896,-19,-79.0,-68.0,1.0
BR1_3231142899,Smolder,Derrota,0,500,0,0,0,0,500,0,0,0,0,0,0,0,0.0,0.0,0.0
BR1_3231142899,Smolder,Derrota,1,500,0,0,0,0,500,0,0,0,0,0,0,0,0.0,0.0,0.0
BR1_3231142899,Smolder,Derrota,2,769,322,9,0,0,803,362,11,0,0,-34,-40,-2,-34.0,-40.0,-2.0
BR1_3231142899,Smolder,Derrota,3,993,733,15,0,0,1137,774,21,0,0,-144,-41,-6,-110.0,-1.0,-4.0
BR1_3231142899,Smolder,Derrota,4,1184,915,19,0,0,1390,1148,29,0,0,-206,-233,-10,-62.0,-192.0,-4.0
BR1_3231142899,Smolder,Derrota,5,1444,1277,28,0,0,1636,1470,37,0,0,-192,-193,-9,14.0,40.0,1.0
BR1_3231142899,Smolder,Derrota,6,1748,1743,37,0,0,2206,1766,44,1,0,-458,-23,-7,-266.0,170.0,2.0
BR1_3231142899,Smolder,Derrota,7,2274,2001,41,1,0,2686,2301,56,1,1,-412,-300,-15,46.0,-277.0,-8.0
BR1_3231142899,Smolder,Derrota,8,2541,2537,50,1,0,2924,2583,63,1,1,-383,-46,-13,29.0,254.0,2.0
BR1_3231142899,Smolder,Derrota,9,2739,3170,55,1,0,3345,2995,75,1,1,-606,175,-20,-223.0,221.0,-7.0
BR1_3231142899,Smolder,Derrota,10,3012,3248,55,1,1,3692,3125,75,1,2,-680,123,-20,-74.0,-52.0,0.0
BR1_3231142899,Smolder,Derrota,11,3224,3443,61,1,2,4059,3483,81,1,3,-835,-40,-20,-155.0,-163.0,0.0
BR1_3231142899,Smolder,Derrota,12,3476,3952,66,1,2,4436,3940,94,1,3,-960,12,-28,-125.0,52.0,-8.0
BR1_3231142899,Smolder,Derrota,13,3786,4324,75,1,2,4765,4497,104,1,3,-979,-173,-29,-19.0,-185.0,-1.0
BR1_3231142899,Smolder,Derrota,14,3908,4404,75,1,3,5629,4927,105,2,4,-1721,-523,-30,-742.0,-350.0,-1.0
BR1_3231142899,Smolder,Derrota,15,4199,4921,82,1,3,6053,5436,115,2,5,-1854,-515,-33,-133.0,8.0,-3.0
BR1_3231142899,Smolder,Derrota,16,4891,5238,92,1,3,6401,6261,119,2,5,-1510,-1023,-27,344.0,-508.0,6.0
BR1_3231142899,Smolder,Derrota,17,5440,5888,101,2,3,6545,6385,120,2,6,-1105,-497,-19,405.0,526.0,8.0
BR1_3231142899,Smolder,Derrota,18,5671,6357,107,2,3,7022,6959,135,2,6,-1351,-602,-28,-246.0,-105.0,-9.0
BR1_3231142899,Smolder,Derrota,19,6072,6901,120,2,3,7382,7428,145,2,6,-1310,-527,-25,41.0,75.0,3.0
BR1_3231142899,Smolder,Derrota,20,6465,7335,124,2,3,8052,7720,149,2,7,-1587,-385,-25,-277.0,142.0,0.0
BR1_3231142899,Smolder,Derrota,21,6588,7335,124,2,3,8342,8081,158,2,7,-1754,-746,-34,-167.0,-361.0,-9.0
BR1_3231142899,Smolder,Derrota,22,6991,8279,137,2,3,9628,8945,175,3,7,-2637,-666,-38,-883.0,80.0,-4.0
BR1_3231142899,Smolder,Derrota,23,7396,9078,145,2,3,9775,8945,175,3,8,-2379,133,-30,258.0,799.0,8.0
BR1_3231142899,Smolder,Derrota,24,7876,9654,155,2,3,10625,10436,187,4,8,-2749,-782,-32,-370.0,-915.0,-2.0
BR1_3231142899,Smolder,Derrota,25,8304,10025,167,2,3,11020,11069,199,4,8,-2716,-1044,-32,33.0,-262.0,0.0
BR1_3231142899,Smolder,Derrota,26,8653,10322,176,2,3,12768,13776,219,5,8,-4115,-3454,-43,-1399.0,-2410.0,-11.0
BR1_3231142899,Smolder,Derrota,27,8906,10446,180,2,3,13255,14248,228,5,8,-4349,-3802,-48,-234.0,-348.0,-5.0
BR1_3231142899,Smolder,Derrota,28,9028,10498,180,2,4,14955,14652,239,7,8,-5927,-4154,-59,-1578.0,-352.0,-11.0
BR1_3231142899,Smolder,Derrota,29,9451,10953,187,2,4,15147,14798,243,7,9,-5696,-3845,-56,231.0,309.0,3.0
BR1_3231142899,Smolder,Derrota,30,10142,11418,193,3,5,15595,15710,251,7,9,-5453,-4292,-58,243.0,-447.0,-2.0
BR1_3231142899,Smolder,Derrota,31,10337,11545,195,3,6,17491,16987,267,10,9,-7154,-5442,-72,-1701.0,-1150.0,-14.0
BR1_3231142899,Smolder,Derrota,32,10369,11545,195,3,6,17707,17098,267,10,9,-7338,-5553,-72,-184.0,-111.0,0.0
BR1_3231516180,Smolder,Vitória,0,500,0,0,0,0,500,0,0,0,0,0,0,0,0.0,0.0,0.0
BR1_3231516180,Smolder,Vitória,1,500,0,0,0,0,500,0,0,0,0,0,0,0,0.0,0.0,0.0
BR1_3231516180,Smolder,Vitória,2,741,402,7,0,0,808,362,11,0,0,-67,40,-4,-67.0,40.0,-4.0
BR1_3231516180,Smolder,Vitória,3,1035,774,15,0,0,1003,774,15,0,0,32,0,0,99.0,-40.0,4.0
BR1_3231516180,Smolder,Vitória,4,1393,1242,27,0,0,1256,1017,23,0,0,137,225,4,105.0,225.0,4.0
BR1_3231516180,Smolder,Vitória,5,1617,1670,33,0,0,1619,1440,33,0,0,-2,230,0,-139.0,5.0,-4.0
BR1_3231516180,Smolder,Vitória,6,1967,2082,43,0,0,1894,1731,40,0,0,73,351,3,75.0,121.0,3.0
BR1_3231516180,Smolder,Vitória,7,2252,2493,52,0,0,2164,2103,48,0,0,88,390,4,15.0,39.0,1.0
BR1_3231516180,Smolder,Vitória,8,2992,2865,55,1,0,2544,2427,54,0,1,448,438,1,360.0,48.0,-3.0
BR1_3231516180,Smolder,Vitória,9,3598,3584,66,2,0,2856,2830,62,0,2,742,754,4,294.0,316.0,3.0
BR1_3231516180,Smolder,Vitória,10,3817,3752,70,2,1,3378,3040,62,1,2,439,712,8,-303.0,-42.0,4.0
BR1_3231516180,Smolder,Vitória,11,4320,4087,78,2,1,3515,3133,63,1,3,805,954,15,366.0,242.0,7.0
BR1_3231516180,Smolder,Vitória,12,4692,4506,90,2,1,3821,3607,71,1,3,871,899,19,66.0,-55.0,4.0
BR1_3231516180,Smolder,Vitória,13,5581,5043,101,3,1,3986,3853,73,1,4,1595,1190,28,724.0,291.0,9.0
BR1_3231516180,Smolder,Vitória,14,6076,5556,110,3,1,4455,4434,86,1,4,1621,1122,24,26.0,-68.0,-4.0
BR1_3231516180,Smolder,Vitória,15,6974,6361,120,3,1,5005,4620,90,1,5,1969,1741,30,348.0,619.0,6.0
BR1_3231516180,Smolder,Vitória,16,7924,7112,130,4,1,5441,5346,104,1,5,2483,1766,26,514.0,25.0,-4.0
BR1_3231516180,Smolder,Vitória,17,8496,7518,130,4,1,5683,5877,110,1,6,2813,1641,20,330.0,-125.0,-6.0
BR1_3231516180,Smolder,Vitória,18,8619,7598,130,4,1,6383,6643,117,2,6,2236,955,13,-577.0,-686.0,-7.0
BR1_3231516180,Smolder,Vitória,19,8909,8180,137,4,1,6591,7091,121,2,6,2318,1089,16,82.0,134.0,3.0
BR1_3231516180,Smolder,Vitória,20,9213,8751,145,4,1,6719,7284,121,2,7,2494,1467,24,176.0,378.0,8.0
BR1_3231516180,Smolder,Vitória,21,10007,9898,161,4,1,7459,8071,126,2,8,2548,1827,35,54.0,360.0,11.0
BR1_3231516180,Smolder,Vitória,22,10660,10804,176,4,1,7633,8226,129,2,8,3027,2578,47,479.0,751.0,12.0
BR1_3231516180,Smolder,Vitória,23,10955,10931,177,4,1,7935,8781,138,2,8,3020,2150,39,-7.0,-428.0,-8.0
BR1_3231516180,Smolder,Vitória,24,11929,11821,190,5,1,8254,9264,147,2,8,3675,2557,43,655.0,407.0,4.0
BR1_3231516180,Smolder,Vitória,25,12616,12269,194,6,1,9412,10233,158,3,8,3204,2036,36,-471.0,-521.0,-7.0
BR1_3231516180,Smolder,Vitória,26,13436,12969,201,7,1,9785,10728,168,3,9,3651,2241,33,447.0,205.0,-3.0
BR1_3231516180,Smolder,Vitória,27,14250,14071,205,9,1,10078,10979,175,3,9,4172,3092,30,521.0,851.0,-3.0
BR1_3231516180,Smolder,Vitória,28,14733,14360,211,9,1,10547,11607,180,3,9,4186,2753,31,14.0,-339.0,1.0
BR1_3231516180,Smolder,Vitória,29,15200,14891,224,9,1,10817,12054,180,3,9,4383,2837,44,197.0,84.0,13.0
BR1_3231516180,Smolder,Vitória,30,16016,15580,226,10,2,11235,12611,180,3,10,4781,2969,46,398.0,132.0,2.0
BR1_3231516180,Smolder,Vitória,31,16241,15848,229,10,2,11607,13161,191,3,10,4634,2687,38,-147.0,-282.0,-8.0
BR1_3231516180,Smolder,Vitória,32,16946,16400,233,11,2,11970,13652,202,3,10,4976,2748,31,342.0,61.0,-7.0
BR1_3231592511,Smolder,Vitória,0,500,0,0,0,0,500,0,0,0,0,0,0,0,0.0,0.0,0.0
BR1_3231592511,Smolder,Vitória,1,500,0,0,0,0,500,0,0,0,0,0,0,0,0.0,0.0,0.0
BR1_3231592511,Smolder,Vitória,2,701,261,5,0,0,797,402,11,0,0,-96,-141,-6,-96.0,-141.0,-6.0
BR1_3231592511,Smolder,Vitória,3,1043,733,16,0,0,1091,754,19,0,0,-48,-21,-3,48.0,120.0,3.0
BR1_3231592511,Smolder,Vitória,4,1327,1091,24,0,0,1364,1096,28,0,0,-37,-5,-4,11.0,16.0,-1.0
BR1_3231592511,Smolder,Vitória,5,1776,1346,30,0,0,1554,1251,32,0,1,222,95,-2,259.0,100.0,2.0
BR1_3231592511,Smolder,Vitória,6,2092,1814,39,0,0,1850,1440,37,0,1,242,374,2,20.0,279.0,4.0
BR1_3231592511,Smolder,Vitória,7,2430,2142,43,0,0,2068,1550,41,0,2,362,592,2,120.0,218.0,0.0
BR1_3231592511,Smolder,Vitória,8,2730,2496,54,0,0,2380,1912,52,0,2,350,584,2,-12.0,-8.0,0.0
BR1_3231592511,Smolder,Vitória,9,3047,2867,64,0,0,2706,2544,62,0,2,341,323,2,-9.0,-261.0,0.0
BR1_3231592511,Smolder,Vitória,10,3708,3356,76,1,0,2957,2868,67,0,2,751,488,9,410.0,165.0,7.0
BR1_3231592511,Smolder,Vitória,11,3974,3434,76,1,1,3381,3395,77,0,2,593,39,-1,-158.0,-449.0,-10.0
BR1_3231592511,Smolder,Vitória,12,4731,4058,84,2,1,3641,3625,83,0,3,1090,433,1,497.0,394.0,2.0
BR1_3231592511,Smolder,Vitória,13,5084,4477,93,2,1,3943,4021,91,0,3,1141,456,2,51.0,23.0,1.0
BR1_3231592511,Smolder,Vitória,14,5652,4928,99,2,1,4119,4300,94,0,4,1533,628,5,392.0,172.0,3.0
BR1_3231592511,Smolder,Vitória,15,6405,5634,108,4,1,4711,4750,103,0,5,1694,884,5,161.0,256.0,0.0
BR1_3231592511,Smolder,Vitória,16,6799,6204,121,4,1,5024,5349,113,0,5,1775,855,8,81.0,-29.0,3.0
BR1_3231592511,Smolder,Vitória,17,7303,6714,131,5,1,5299,5806,119,0,5,2004,908,12,229.0,53.0,4.0
BR1_3231592511,Smolder,Vitória,18,7312,6714,131,5,1,5308,5806,119,0,5,2004,908,12,0.0,0.0,0.0
BR1_3232888181,Smolder,Derrota,0,500,0,0,0,0,500,0,0,0,0,0,0,0,0.0,0.0,0.0
BR1_3232888181,Smolder,Derrota,1,500,0,0,0,0,500,0,0,0,0,0,0,0,0.0,0.0,0.0
BR1_3232888181,Smolder,Derrota,2,681,241,4,0,0,839,402,12,0,0,-158,-161,-8,-158.0,-161.0,-8.0
BR1_3232888181,Smolder,Derrota,3,873,614,9,0,0,1191,834,24,0,0,-318,-220,-15,-160.0,-59.0,-7.0
BR1_3232888181,Smolder,Derrota,4,1225,1146,21,0,0,1347,955,26,0,0,-122,191,-5,196.0,411.0,10.0
BR1_3232888181,Smolder,Derrota,5,1401,1287,24,0,0,1747,1427,41,0,0,-346,-140,-17,-224.0,-331.0,-12.0
BR1_3232888181,Smolder,Derrota,6,1701,1739,35,0,0,2142,1838,50,0,0,-441,-99,-15,-95.0,41.0,2.0
BR1_3232888181,Smolder,Derrota,7,2218,2095,40,1,1,2824,2364,58,1,0,-606,-269,-18,-165.0,-170.0,-3.0
BR1_3232888181,Smolder,Derrota,8,2408,2312,44,1,1,3140,2579,62,1,0,-732,-267,-18,-126.0,2.0,0.0
BR1_3232888181,Smolder,Derrota,9,2545,2421,45,1,1,3608,3051,76,1,0,-1063,-630,-31,-331.0,-363.0,-13.0
BR1_3232888181,Smolder,Derrota,10,2906,2857,57,1,1,3902,3382,84,1,0,-996,-525,-27,67.0,105.0,4.0
BR1_3232888181,Smolder,Derrota,11,3140,3084,59,1,2,4431,3683,89,2,1,-1291,-599,-30,-295.0,-74.0,-3.0
BR1_3232888181,Smolder,Derrota,12,3330,3383,63,1,2,4631,3857,93,2,1,-1301,-474,-30,-10.0,125.0,0.0
BR1_3232888181,Smolder,Derrota,13,3592,3716,69,1,3,6361,4600,108,4,1,-2769,-884,-39,-1468.0,-410.0,-9.0
BR1_3232888181,Smolder,Derrota,14,3909,4287,76,1,3,6847,5075,114,4,1,-2938,-788,-38,-169.0,96.0,1.0
BR1_3232888181,Smolder,Derrota,15,4260,5026,86,1,3,7340,5385,124,4,1,-3080,-359,-38,-142.0,429.0,0.0
BR1_3232888181,Smolder,Derrota,16,4765,5207,86,1,4,7956,5664,125,5,2,-3191,-457,-39,-111.0,-98.0,-1.0
BR1_3232888181,Smolder,Derrota,17,5204,5902,101,1,4,8552,6178,129,6,2,-3348,-276,-28,-157.0,181.0,11.0
BR1_3232888181,Smolder,Derrota,18,5364,5995,103,1,5,9329,6654,134,6,2,-3965,-659,-31,-617.0,-383.0,-3.0
BR1_3232888181,Smolder,Derrota,19,5617,6547,110,1,5,10374,7342,141,6,2,-4757,-795,-31,-792.0,-136.0,0.0
BR1_3232888181,Smolder,Derrota,20,6091,6869,118,1,5,10785,7799,142,6,2,-4694,-930,-24,63.0,-135.0,7.0
BR1_3232888181,Smolder,Derrota,21,6553,7645,124,1,5,10957,7813,142,6,3,-4404,-168,-18,290.0,762.0,6.0
BR1_3232888181,Smolder,Derrota,22,7099,8324,124,1,5,11304,8258,144,6,4,-4205,66,-20,199.0,234.0,-2.0
BR1_3232888181,Smolder,Derrota,23,8694,9434,135,3,5,11541,8458,149,6,4,-2847,976,-14,1358.0,910.0,6.0
BR1_3232888181,Smolder,Derrota,24,9042,9705,139,3,6,12239,9451,156,7,5,-3197,254,-17,-350.0,-722.0,-3.0
BR1_3232888181,Smolder,Derrota,25,9108,9705,139,3,6,12355,9451,156,7,5,-3247,254,-17,-50.0,0.0,0.0
BR1_3232908776,Smolder,Derrota,0,500,0,0,0,0,500,0,0,0,0,0,0,0,0.0,0.0,0.0
BR1_3232908776,Smolder,Derrota,1,500,0,0,0,0,500,0,0,0,0,0,0,0,0.0,0.0,0.0
BR1_3232908776,Smolder,Derrota,2,757,362,9,0,0,796,362,10,0,0,-39,0,-1,-39.0,0.0,-1.0
BR1_3232908776,Smolder,Derrota,3,967,733,14,0,0,1158,814,22,0,0,-191,-81,-8,-152.0,-81.0,-7.0
BR1_3232908776,Smolder,Derrota,4,1144,1015,17,0,0,1523,1185,30,0,0,-379,-170,-13,-188.0,-89.0,-5.0
BR1_3232908776,Smolder,Derrota,5,1408,1378,25,0,0,1674,1348,32,0,0,-266,30,-7,113.0,200.0,6.0
BR1_3232908776,Smolder,Derrota,6,1800,1804,30,0,0,1947,1828,39,0,1,-147,-24,-9,119.0,-54.0,-2.0
BR1_3232908776,Smolder,Derrota,7,1999,2101,35,0,0,2154,1965,41,0,1,-155,136,-6,-8.0,160.0,3.0
BR1_3232908776,Smolder,Derrota,8,2245,2463,43,0,0,2441,2333,51,0,1,-196,130,-8,-41.0,-6.0,-2.0
BR1_3232908776,Smolder,Derrota,9,2796,2916,54,0,0,2937,2531,53,1,2,-141,385,1,55.0,255.0,9.0
BR1_3232908776,Smolder,Derrota,10,3098,3425,63,0,0,3371,2884,62,1,2,-273,541,1,-132.0,156.0,0.0
BR1_3232908776,Smolder,Derrota,11,3344,3805,71,0,0,3631,3146,69,1,2,-287,659,2,-14.0,118.0,1.0
BR1_3232908776,Smolder,Derrota,12,3543,4048,76,0,0,4068,3593,74,1,2,-525,455,2,-238.0,-204.0,0.0
BR1_3232908776,Smolder,Derrota,13,3914,4605,89,0,0,4633,4007,78,2,2,-719,598,11,-194.0,143.0,9.0
BR1_3232908776,Smolder,Derrota,14,4385,4977,92,0,0,5355,4391,89,2,2,-970,586,3,-251.0,-12.0,-8.0
BR1_3232908776,Smolder,Derrota,15,4751,5450,103,0,0,5727,4940,100,2,2,-976,510,3,-6.0,-76.0,0.0
BR1_3232908776,Smolder,Derrota,16,5074,5862,112,0,0,6216,5461,113,2,2,-1142,401,-1,-166.0,-109.0,-4.0
BR1_3232908776,Smolder,Derrota,17,5322,6112,117,0,0,6550,5910,124,2,2,-1228,202,-7,-86.0,-199.0,-6.0
BR1_3232908776,Smolder,Derrota,18,5678,6826,128,0,0,6904,6262,131,2,2,-1226,564,-3,2.0,362.0,4.0
BR1_3232908776,Smolder,Derrota,19,6026,7194,138,0,0,7267,6746,140,2,2,-1241,448,-2,-15.0,-116.0,1.0
BR1_3232908776,Smolder,Derrota,20,6949,8275,144,1,0,7704,6832,140,2,3,-755,1443,4,486.0,995.0,6.0
BR1_3232908776,Smolder,Derrota,21,7258,8747,154,1,0,8118,7506,151,2,3,-860,1241,3,-105.0,-202.0,-1.0
BR1_3232908776,Smolder,Derrota,22,7488,9038,160,1,0,8571,8162,169,2,3,-1083,876,-9,-223.0,-365.0,-12.0
BR1_3232908776,Smolder,Derrota,23,7981,9895,170,1,0,9176,8352,175,2,3,-1195,1543,-5,-112.0,667.0,4.0
BR1_3232908776,Smolder,Derrota,24,8204,10202,175,1,0,9689,8987,181,2,3,-1485,1215,-6,-290.0,-328.0,-1.0
BR1_3232908776,Smolder,Derrota,25,8674,10689,182,1,0,10427,9812,181,3,3,-1753,877,1,-268.0,-338.0,7.0
BR1_3232908776,Smolder,Derrota,26,9161,11183,189,1,0,11231,10310,188,4,3,-2070,873,1,-317.0,-4.0,0.0
BR1_3232908776,Smolder,Derrota,27,10071,11553,193,2,1,12414,11200,198,5,4,-2343,353,-5,-273.0,-520.0,-6.0
BR1_3232908776,Smolder,Derrota,28,10864,13052,216,2,1,12894,11380,198,5,4,-2030,1672,18,313.0,1319.0,23.0
BR1_3232908776,Smolder,Derrota,29,11209,13750,227,2,1,13091,11493,202,5,4,-1882,2257,25,148.0,585.0,7.0
BR1_3232908776,Smolder,Derrota,30,11827,14516,231,3,2,14424,12441,212,7,4,-2597,2075,19,-715.0,-182.0,-6.0
